emotion,feature,importance,family
ANG,duration_s,0.013134632200745268,other
ANG,peak_amplitude,0.014910854986984376,other
ANG,spectral_centroid_mean,0.0708778236468027,spectral
ANG,spectral_centroid_std,0.14067859567105087,spectral
ANG,spectral_centroid_min,0.019343930958368102,spectral
ANG,spectral_centroid_max,0.0030879879124014516,spectral
ANG,spectral_centroid_median,0.007574347608833517,spectral
ANG,spectral_centroid_iqr,0.09569923195790779,spectral
ANG,spectral_centroid_skew,0.011093515082452399,spectral
ANG,spectral_centroid_kurt,0.008256792910536126,spectral
ANG,spectral_bandwidth_mean,0.009799814724431685,spectral
ANG,spectral_bandwidth_std,0.027723604700690962,spectral
ANG,spectral_bandwidth_min,0.010555457420395325,spectral
ANG,spectral_bandwidth_max,0.023635540271220067,spectral
ANG,spectral_bandwidth_median,0.011442945497577179,spectral
ANG,spectral_bandwidth_iqr,0.005764740219800973,spectral
ANG,spectral_bandwidth_skew,0.017509917242135298,spectral
ANG,spectral_bandwidth_kurt,0.011457258814390619,spectral
ANG,spectral_rolloff85_mean,0.07184394290422973,spectral
ANG,spectral_rolloff85_std,0.007375715285618492,spectral
ANG,spectral_rolloff85_min,0.002916445921202787,spectral
ANG,spectral_rolloff85_max,0.016585190051277694,spectral
ANG,spectral_rolloff85_median,0.00978505196038141,spectral
ANG,spectral_rolloff85_iqr,0.01906626294779975,spectral
ANG,spectral_rolloff85_skew,0.035486415228155696,spectral
ANG,spectral_rolloff85_kurt,0.021594415237258222,spectral
ANG,spectral_rolloff95_mean,0.007661337472277276,spectral
ANG,spectral_rolloff95_std,0.01954624783940444,spectral
ANG,spectral_rolloff95_min,0.003973213697512804,spectral
ANG,spectral_rolloff95_max,0.02072323811350573,spectral
ANG,spectral_rolloff95_median,0.0017680230496102936,spectral
ANG,spectral_rolloff95_iqr,0.02279358153727422,spectral
ANG,spectral_rolloff95_skew,0.02478675222862142,spectral
ANG,spectral_rolloff95_kurt,0.008758830053366888,spectral
ANG,spectral_flatness_mean,0.00521077298009604,spectral
ANG,spectral_flatness_std,0.012285458534779232,spectral
ANG,spectral_flatness_min,0.02369638395499143,spectral
ANG,spectral_flatness_max,0.01157703786661107,spectral
ANG,spectral_flatness_median,0.004013747355407119,spectral
ANG,spectral_flatness_iqr,0.09492052676569013,spectral
ANG,spectral_flatness_skew,0.01823720907148801,spectral
ANG,spectral_flatness_kurt,0.016289744696589288,spectral
ANG,spectral_zcr_mean,0.005499731940579013,spectral
ANG,spectral_zcr_std,0.06850449816358319,spectral
ANG,spectral_zcr_min,0.013634685597010924,spectral
ANG,spectral_zcr_max,0.013018122147004988,spectral
ANG,spectral_zcr_median,0.005639352204860745,spectral
ANG,spectral_zcr_iqr,0.05420836375097033,spectral
ANG,spectral_zcr_skew,0.011864179140286207,spectral
ANG,spectral_zcr_kurt,0.008821355202776578,spectral
ANG,spectral_rms_mean,0.00853795921818724,spectral
ANG,spectral_rms_std,0.0799403523464693,spectral
ANG,spectral_rms_min,0.01633332184748237,spectral
ANG,spectral_rms_max,0.0049456455871840195,spectral
ANG,spectral_rms_median,0.004539365627566544,spectral
ANG,spectral_rms_iqr,0.0050634668556195,spectral
ANG,spectral_rms_skew,0.005152218810642062,spectral
ANG,spectral_rms_kurt,0.004624825587445957,spectral
ANG,spectral_flux_mean,0.007274505467060338,spectral
ANG,spectral_flux_std,0.1970424376423354,spectral
ANG,spectral_flux_min,0.02321646394169144,spectral
ANG,spectral_flux_max,0.009901718291975387,spectral
ANG,spectral_flux_median,0.004522189534991991,spectral
ANG,spectral_flux_iqr,0.013802127367816637,spectral
ANG,spectral_flux_skew,0.01901649043389653,spectral
ANG,spectral_flux_kurt,0.024235284460582398,spectral
ANG,spectral_entropy_mean,0.11314773529867099,spectral
ANG,spectral_entropy_std,0.024398341365108784,spectral
ANG,spectral_entropy_min,0.050038821374757514,spectral
ANG,spectral_entropy_max,0.017322772108403,spectral
ANG,spectral_entropy_median,0.024925280340526088,spectral
ANG,spectral_entropy_iqr,0.024836413147193873,spectral
ANG,spectral_entropy_skew,0.02015080837120179,spectral
ANG,spectral_entropy_kurt,0.010790645308733143,spectral
ANG,spectral_slope_mean,0.018136878101359985,spectral
ANG,spectral_slope_std,0.07520642214381934,spectral
ANG,spectral_slope_min,0.005618293052681262,spectral
ANG,spectral_slope_max,0.01236776637978632,spectral
ANG,spectral_slope_median,0.013019527502118499,spectral
ANG,spectral_slope_iqr,0.009460035144239003,spectral
ANG,spectral_slope_skew,0.016624050462023022,spectral
ANG,spectral_slope_kurt,0.01688087720826453,spectral
ANG,spectral_band_0_500_mean,0.08834659243546221,spectral
ANG,spectral_band_0_500_std,0.10660582709071031,spectral
ANG,spectral_band_500_1000_mean,0.006891119171830186,spectral
ANG,spectral_band_500_1000_std,0.006051962543009984,spectral
ANG,spectral_band_1000_2000_mean,0.01510612368942159,spectral
ANG,spectral_band_1000_2000_std,0.0785829183293832,spectral
ANG,spectral_band_2000_3000_mean,0.05734289323678377,spectral
ANG,spectral_band_2000_3000_std,0.08335393486463027,spectral
ANG,spectral_band_3000_4000_mean,0.052042784434921524,spectral
ANG,spectral_band_3000_4000_std,0.09091363526696916,spectral
ANG,spectral_band_4000_5000_mean,0.01666006029779157,spectral
ANG,spectral_band_4000_5000_std,0.021329535595390657,spectral
ANG,spectral_band_5000_6000_mean,0.024842557330682233,spectral
ANG,spectral_band_5000_6000_std,0.017754330902708983,spectral
ANG,spectral_band_6000_8000_mean,0.039776008125532065,spectral
ANG,spectral_band_6000_8000_std,0.0323467614416971,spectral
ANG,spectral_hf_ratio_4000_mean,0.011538160994591177,spectral
ANG,spectral_hf_ratio_4000_std,0.005922604550322632,spectral
ANG,spectral_hf_ratio_6000_mean,0.016442397400105946,spectral
ANG,spectral_hf_ratio_6000_std,0.009878877160431,spectral
ANG,spectral_contrast_0_mean,0.01139578413127958,spectral
ANG,spectral_contrast_0_std,0.04140421130293006,spectral
ANG,spectral_contrast_1_mean,0.007520874847454807,spectral
ANG,spectral_contrast_1_std,0.02884163604000181,spectral
ANG,spectral_contrast_2_mean,0.00742899547391697,spectral
ANG,spectral_contrast_2_std,0.010011001852759343,spectral
ANG,spectral_contrast_3_mean,0.01783411678169693,spectral
ANG,spectral_contrast_3_std,0.006769906126748896,spectral
ANG,spectral_contrast_4_mean,0.011250725872097104,spectral
ANG,spectral_contrast_4_std,0.020359244435549262,spectral
ANG,spectral_contrast_5_mean,0.02957969922565543,spectral
ANG,spectral_contrast_5_std,0.06468957633787681,spectral
ANG,spectral_contrast_6_mean,0.009810502740942778,spectral
ANG,spectral_contrast_6_std,0.015341558247200125,spectral
ANG,mfcc_00_mean,0.1911864928693289,mfcc
ANG,mfcc_00_std,0.2365250557299937,mfcc
ANG,mfcc_00_min,0.05581685234181734,mfcc
ANG,mfcc_00_max,0.01567414507757209,mfcc
ANG,mfcc_00_median,0.0117950575557593,mfcc
ANG,mfcc_00_iqr,0.07098646560156595,mfcc
ANG,mfcc_00_skew,0.015540301907909029,mfcc
ANG,mfcc_00_kurt,0.008759709353431726,mfcc
ANG,mfcc_01_mean,0.006322106224497776,mfcc
ANG,mfcc_01_std,0.0131894151459157,mfcc
ANG,mfcc_01_min,0.03798625705527271,mfcc
ANG,mfcc_01_max,0.010693013561807931,mfcc
ANG,mfcc_01_median,0.007741445748309485,mfcc
ANG,mfcc_01_iqr,0.010528811501748241,mfcc
ANG,mfcc_01_skew,0.030214672321039776,mfcc
ANG,mfcc_01_kurt,0.04515894975354675,mfcc
ANG,mfcc_02_mean,0.008708831279263024,mfcc
ANG,mfcc_02_std,0.08104338720855234,mfcc
ANG,mfcc_02_min,0.01696104808479866,mfcc
ANG,mfcc_02_max,0.010320657787663863,mfcc
ANG,mfcc_02_median,0.11827951516488265,mfcc
ANG,mfcc_02_iqr,0.01635778369681808,mfcc
ANG,mfcc_02_skew,0.1245151475700857,mfcc
ANG,mfcc_02_kurt,0.017414557459647276,mfcc
ANG,mfcc_03_mean,0.04907238850193792,mfcc
ANG,mfcc_03_std,0.4309977992860697,mfcc
ANG,mfcc_03_min,0.03734128403736924,mfcc
ANG,mfcc_03_max,0.3071923299940827,mfcc
ANG,mfcc_03_median,0.019544348076469736,mfcc
ANG,mfcc_03_iqr,0.05824387309199505,mfcc
ANG,mfcc_03_skew,0.03793318540363583,mfcc
ANG,mfcc_03_kurt,0.00813155081305738,mfcc
ANG,mfcc_04_mean,0.1135361865124023,mfcc
ANG,mfcc_04_std,0.051414211638730875,mfcc
ANG,mfcc_04_min,0.18982944693425224,mfcc
ANG,mfcc_04_max,0.034484534942317596,mfcc
ANG,mfcc_04_median,0.11674983317768015,mfcc
ANG,mfcc_04_iqr,0.044183169675287355,mfcc
ANG,mfcc_04_skew,0.00829252629080463,mfcc
ANG,mfcc_04_kurt,0.021928832803434512,mfcc
ANG,mfcc_05_mean,0.019479620273713357,mfcc
ANG,mfcc_05_std,0.030999953984091753,mfcc
ANG,mfcc_05_min,0.006678416279130794,mfcc
ANG,mfcc_05_max,0.0410522189824538,mfcc
ANG,mfcc_05_median,0.01727968865357046,mfcc
ANG,mfcc_05_iqr,0.011448916603930073,mfcc
ANG,mfcc_05_skew,0.012865875112968878,mfcc
ANG,mfcc_05_kurt,0.04975300826490829,mfcc
ANG,mfcc_06_mean,0.032195527702340604,mfcc
ANG,mfcc_06_std,0.019592170077610497,mfcc
ANG,mfcc_06_min,0.02631385301222762,mfcc
ANG,mfcc_06_max,0.1432112266570475,mfcc
ANG,mfcc_06_median,0.01838273511032021,mfcc
ANG,mfcc_06_iqr,0.03798686806848042,mfcc
ANG,mfcc_06_skew,0.06204199606147906,mfcc
ANG,mfcc_06_kurt,0.011337678363834898,mfcc
ANG,mfcc_07_mean,0.014723211986587022,mfcc
ANG,mfcc_07_std,0.012419591953893208,mfcc
ANG,mfcc_07_min,0.01222059520179345,mfcc
ANG,mfcc_07_max,0.04326754906869307,mfcc
ANG,mfcc_07_median,0.043685623980130914,mfcc
ANG,mfcc_07_iqr,0.011759566501181368,mfcc
ANG,mfcc_07_skew,0.009464567315938106,mfcc
ANG,mfcc_07_kurt,0.009320603957831831,mfcc
ANG,mfcc_08_mean,0.012228743666088924,mfcc
ANG,mfcc_08_std,0.03915413331134743,mfcc
ANG,mfcc_08_min,0.10642082272664834,mfcc
ANG,mfcc_08_max,0.010294889788703819,mfcc
ANG,mfcc_08_median,0.06046912912895235,mfcc
ANG,mfcc_08_iqr,0.006563978783311861,mfcc
ANG,mfcc_08_skew,0.019847908780333514,mfcc
ANG,mfcc_08_kurt,0.013030441384342074,mfcc
ANG,mfcc_09_mean,0.035509504542661614,mfcc
ANG,mfcc_09_std,0.01040646874248727,mfcc
ANG,mfcc_09_min,0.050370219873495325,mfcc
ANG,mfcc_09_max,0.005186775325380225,mfcc
ANG,mfcc_09_median,0.032161628125512355,mfcc
ANG,mfcc_09_iqr,0.006953278528336111,mfcc
ANG,mfcc_09_skew,0.029768173109828683,mfcc
ANG,mfcc_09_kurt,0.039146218264808796,mfcc
ANG,mfcc_10_mean,0.01862897125151472,mfcc
ANG,mfcc_10_std,0.012357700988829505,mfcc
ANG,mfcc_10_min,0.010412137465091374,mfcc
ANG,mfcc_10_max,0.009601570720036487,mfcc
ANG,mfcc_10_median,0.019177784757428554,mfcc
ANG,mfcc_10_iqr,0.017713814277916778,mfcc
ANG,mfcc_10_skew,0.006109639909657249,mfcc
ANG,mfcc_10_kurt,0.020908233591614638,mfcc
ANG,mfcc_11_mean,0.03496594421594091,mfcc
ANG,mfcc_11_std,0.03828625017698166,mfcc
ANG,mfcc_11_min,0.015511850578446642,mfcc
ANG,mfcc_11_max,0.014216683179442165,mfcc
ANG,mfcc_11_median,0.026796217466831418,mfcc
ANG,mfcc_11_iqr,0.03257169062716095,mfcc
ANG,mfcc_11_skew,0.08602544627731,mfcc
ANG,mfcc_11_kurt,0.010174802638772164,mfcc
ANG,mfcc_12_mean,0.02514829017076694,mfcc
ANG,mfcc_12_std,0.007507955690896181,mfcc
ANG,mfcc_12_min,0.01742697924561004,mfcc
ANG,mfcc_12_max,0.037003061671530224,mfcc
ANG,mfcc_12_median,0.01846399985416801,mfcc
ANG,mfcc_12_iqr,0.010367143289598533,mfcc
ANG,mfcc_12_skew,0.016772632703415356,mfcc
ANG,mfcc_12_kurt,0.005327372445086346,mfcc
ANG,mfcc_13_mean,0.1060501838225842,mfcc
ANG,mfcc_13_std,0.0047726006477507195,mfcc
ANG,mfcc_13_min,0.02034147078514314,mfcc
ANG,mfcc_13_max,0.014942563355727873,mfcc
ANG,mfcc_13_median,0.06153581924659542,mfcc
ANG,mfcc_13_iqr,0.017582360571064052,mfcc
ANG,mfcc_13_skew,0.026535899779930344,mfcc
ANG,mfcc_13_kurt,0.010641826940206663,mfcc
ANG,mfcc_14_mean,0.00672143575450991,mfcc
ANG,mfcc_14_std,0.009441570813832855,mfcc
ANG,mfcc_14_min,0.0072635422042882855,mfcc
ANG,mfcc_14_max,0.010282663477925648,mfcc
ANG,mfcc_14_median,0.013403489106511731,mfcc
ANG,mfcc_14_iqr,0.01761805144738435,mfcc
ANG,mfcc_14_skew,0.038088928285112046,mfcc
ANG,mfcc_14_kurt,0.016055961656578712,mfcc
ANG,mfcc_15_mean,0.008149961355235278,mfcc
ANG,mfcc_15_std,0.013725493861382639,mfcc
ANG,mfcc_15_min,0.0276559958055015,mfcc
ANG,mfcc_15_max,0.03050420563765581,mfcc
ANG,mfcc_15_median,0.02109258999060805,mfcc
ANG,mfcc_15_iqr,0.012392043290125528,mfcc
ANG,mfcc_15_skew,0.009862766923893821,mfcc
ANG,mfcc_15_kurt,0.02119738819366529,mfcc
ANG,mfcc_16_mean,0.0106410324853398,mfcc
ANG,mfcc_16_std,0.004787837800751831,mfcc
ANG,mfcc_16_min,0.027752808080328043,mfcc
ANG,mfcc_16_max,0.01591762880511558,mfcc
ANG,mfcc_16_median,0.004629387891313393,mfcc
ANG,mfcc_16_iqr,0.011159147103563761,mfcc
ANG,mfcc_16_skew,0.01304308672489892,mfcc
ANG,mfcc_16_kurt,0.04294663952045365,mfcc
ANG,mfcc_17_mean,0.006609844677251034,mfcc
ANG,mfcc_17_std,0.011360460987919471,mfcc
ANG,mfcc_17_min,0.016186647151547367,mfcc
ANG,mfcc_17_max,0.009345686623280242,mfcc
ANG,mfcc_17_median,0.009194122500225811,mfcc
ANG,mfcc_17_iqr,0.021048183301731076,mfcc
ANG,mfcc_17_skew,0.00514871039147914,mfcc
ANG,mfcc_17_kurt,0.007974035784613183,mfcc
ANG,mfcc_18_mean,0.01641383372643575,mfcc
ANG,mfcc_18_std,0.006883916769754645,mfcc
ANG,mfcc_18_min,0.05468894939514031,mfcc
ANG,mfcc_18_max,0.008951637569191864,mfcc
ANG,mfcc_18_median,0.025264397311277175,mfcc
ANG,mfcc_18_iqr,0.024500213527608356,mfcc
ANG,mfcc_18_skew,0.0159246362920487,mfcc
ANG,mfcc_18_kurt,0.014136792047295161,mfcc
ANG,mfcc_19_mean,0.005105866094022158,mfcc
ANG,mfcc_19_std,0.02000823679714537,mfcc
ANG,mfcc_19_min,0.015067996480541664,mfcc
ANG,mfcc_19_max,0.019923305564821733,mfcc
ANG,mfcc_19_median,0.010682947460839566,mfcc
ANG,mfcc_19_iqr,0.03854561730528971,mfcc
ANG,mfcc_19_skew,0.008413798366136614,mfcc
ANG,mfcc_19_kurt,0.009689331518111521,mfcc
ANG,mfcc_d1_00_mean,0.03963081822680368,mfcc
ANG,mfcc_d1_00_std,1.7523303273190403,mfcc
ANG,mfcc_d2_00_mean,0.03452459452000248,mfcc
ANG,mfcc_d2_00_std,0.7056684497185395,mfcc
ANG,mfcc_d1_01_mean,0.01698640505259107,mfcc
ANG,mfcc_d1_01_std,0.03842033928918635,mfcc
ANG,mfcc_d2_01_mean,0.019432862105573417,mfcc
ANG,mfcc_d2_01_std,0.013540101511422688,mfcc
ANG,mfcc_d1_02_mean,0.034874354063583995,mfcc
ANG,mfcc_d1_02_std,0.16682422498708177,mfcc
ANG,mfcc_d2_02_mean,0.028605639946290822,mfcc
ANG,mfcc_d2_02_std,0.02271630061191069,mfcc
ANG,mfcc_d1_03_mean,0.060225661090194615,mfcc
ANG,mfcc_d1_03_std,0.038977069195154465,mfcc
ANG,mfcc_d2_03_mean,0.05250737287196074,mfcc
ANG,mfcc_d2_03_std,0.20288934757542687,mfcc
ANG,mfcc_d1_04_mean,0.01747565939572585,mfcc
ANG,mfcc_d1_04_std,0.020101270213648548,mfcc
ANG,mfcc_d2_04_mean,0.006259499590001398,mfcc
ANG,mfcc_d2_04_std,0.030306726155095057,mfcc
ANG,mfcc_d1_05_mean,0.009154706944263872,mfcc
ANG,mfcc_d1_05_std,0.009387010346115134,mfcc
ANG,mfcc_d2_05_mean,0.041071233052425285,mfcc
ANG,mfcc_d2_05_std,0.004022082658053572,mfcc
ANG,mfcc_d1_06_mean,0.015251290084226812,mfcc
ANG,mfcc_d1_06_std,0.006961853879540711,mfcc
ANG,mfcc_d2_06_mean,0.014745629849261525,mfcc
ANG,mfcc_d2_06_std,0.013960936452668698,mfcc
ANG,mfcc_d1_07_mean,0.015597059516025608,mfcc
ANG,mfcc_d1_07_std,0.008751885411004554,mfcc
ANG,mfcc_d2_07_mean,0.0791415380132174,mfcc
ANG,mfcc_d2_07_std,0.04092517078653118,mfcc
ANG,mfcc_d1_08_mean,0.01899464315577073,mfcc
ANG,mfcc_d1_08_std,0.010497851671380095,mfcc
ANG,mfcc_d2_08_mean,0.015462552052116324,mfcc
ANG,mfcc_d2_08_std,0.0380795816568886,mfcc
ANG,mfcc_d1_09_mean,0.0725875656800333,mfcc
ANG,mfcc_d1_09_std,0.00840662221779276,mfcc
ANG,mfcc_d2_09_mean,0.017561141407560203,mfcc
ANG,mfcc_d2_09_std,0.022086746620139933,mfcc
ANG,mfcc_d1_10_mean,0.04156423185311238,mfcc
ANG,mfcc_d1_10_std,0.007412311831752765,mfcc
ANG,mfcc_d2_10_mean,0.02110049086601795,mfcc
ANG,mfcc_d2_10_std,0.010273299089461611,mfcc
ANG,mfcc_d1_11_mean,0.04041256306150126,mfcc
ANG,mfcc_d1_11_std,0.030873422051283093,mfcc
ANG,mfcc_d2_11_mean,0.00749108937208837,mfcc
ANG,mfcc_d2_11_std,0.01253671921064556,mfcc
ANG,mfcc_d1_12_mean,0.021999919636103784,mfcc
ANG,mfcc_d1_12_std,0.009097115529480714,mfcc
ANG,mfcc_d2_12_mean,0.017664847642260423,mfcc
ANG,mfcc_d2_12_std,0.06029242055851675,mfcc
ANG,mfcc_d1_13_mean,0.012724951936681137,mfcc
ANG,mfcc_d1_13_std,0.0071110259360447434,mfcc
ANG,mfcc_d2_13_mean,0.015312804867879514,mfcc
ANG,mfcc_d2_13_std,0.03885735986190361,mfcc
ANG,mfcc_d1_14_mean,0.013891612851894847,mfcc
ANG,mfcc_d1_14_std,0.004676665335788043,mfcc
ANG,mfcc_d2_14_mean,0.011862547415689192,mfcc
ANG,mfcc_d2_14_std,0.024858780717349312,mfcc
ANG,mfcc_d1_15_mean,0.02145646095670874,mfcc
ANG,mfcc_d1_15_std,0.010202937684948536,mfcc
ANG,mfcc_d2_15_mean,0.019780903627446285,mfcc
ANG,mfcc_d2_15_std,0.010306156082521585,mfcc
ANG,mfcc_d1_16_mean,0.008187778341716957,mfcc
ANG,mfcc_d1_16_std,0.006678937133379483,mfcc
ANG,mfcc_d2_16_mean,0.008333742019776975,mfcc
ANG,mfcc_d2_16_std,0.012197921730316193,mfcc
ANG,mfcc_d1_17_mean,0.015266094563895966,mfcc
ANG,mfcc_d1_17_std,0.02990447515975587,mfcc
ANG,mfcc_d2_17_mean,0.022708498928918838,mfcc
ANG,mfcc_d2_17_std,0.017867831725535865,mfcc
ANG,mfcc_d1_18_mean,0.021367035290158876,mfcc
ANG,mfcc_d1_18_std,0.013975224086057433,mfcc
ANG,mfcc_d2_18_mean,0.007973309538136889,mfcc
ANG,mfcc_d2_18_std,0.01253337725982965,mfcc
ANG,mfcc_d1_19_mean,0.010982408394072206,mfcc
ANG,mfcc_d1_19_std,0.006166333004058023,mfcc
ANG,mfcc_d2_19_mean,0.09673630465748438,mfcc
ANG,mfcc_d2_19_std,0.010348738851090673,mfcc
ANG,chroma_00_mean,0.006187276093271837,chroma
ANG,chroma_00_std,0.013912346513854834,chroma
ANG,chroma_01_mean,0.016259570208625528,chroma
ANG,chroma_01_std,0.04027340737950258,chroma
ANG,chroma_02_mean,0.005344596258343041,chroma
ANG,chroma_02_std,0.022850087853281444,chroma
ANG,chroma_03_mean,0.004758171821376798,chroma
ANG,chroma_03_std,0.00801971560258283,chroma
ANG,chroma_04_mean,0.008117482749757154,chroma
ANG,chroma_04_std,0.021498979751960055,chroma
ANG,chroma_05_mean,0.03609153036032187,chroma
ANG,chroma_05_std,0.004437642692599476,chroma
ANG,chroma_06_mean,0.010751973213572078,chroma
ANG,chroma_06_std,0.003999116128291426,chroma
ANG,chroma_07_mean,0.0034390974573525225,chroma
ANG,chroma_07_std,0.008457855594113783,chroma
ANG,chroma_08_mean,0.0044463201665449,chroma
ANG,chroma_08_std,0.011307845683696954,chroma
ANG,chroma_09_mean,0.009702361261728914,chroma
ANG,chroma_09_std,0.007072510212288711,chroma
ANG,chroma_10_mean,0.018285886489137586,chroma
ANG,chroma_10_std,0.019236917070887115,chroma
ANG,chroma_11_mean,0.0067372490930736615,chroma
ANG,chroma_11_std,0.004779592803800214,chroma
ANG,prosody_f0_mean,0.004543835857255934,prosody
ANG,prosody_f0_std,0.011878754880417444,prosody
ANG,prosody_f0_min,0.02495521926677707,prosody
ANG,prosody_f0_max,0.012444533590110156,prosody
ANG,prosody_f0_median,0.0042479579868307926,prosody
ANG,prosody_f0_iqr,0.0196830642019582,prosody
ANG,prosody_f0_skew,0.028153235847528577,prosody
ANG,prosody_f0_kurt,0.009404477724530009,prosody
ANG,prosody_voiced_fraction,0.025494222649946878,prosody
ANG,prosody_f0_slope_abs_mean,0.02475515267227491,prosody
ANG,prosody_n_voiced_segments,0.0035972047991152905,prosody
ANG,prosody_voiced_rate_per_s,0.06164551583297792,prosody
ANG,prosody_mean_voiced_seg_s,0.00583050512525799,prosody
ANG,prosody_pause_fraction,0.04143026475125859,prosody
ANG,prosody_jitter_local,0.019532153205946493,prosody
ANG,prosody_jitter_rap,0.02578029769898034,prosody
ANG,prosody_jitter_ppq5,0.015093300420970518,prosody
ANG,prosody_jitter_ddp,0.010479631829062112,prosody
ANG,prosody_shimmer_local,0.009018392399660515,prosody
ANG,prosody_shimmer_localdb,0.011161463332047842,prosody
ANG,prosody_shimmer_apq3,0.016238894761121777,prosody
ANG,prosody_shimmer_apq5,0.016483787494000743,prosody
ANG,prosody_shimmer_apq11,0.029438588499191738,prosody
ANG,prosody_shimmer_dda,0.00810727956375539,prosody
ANG,prosody_hnr_mean,0.012409588294584651,prosody
ANG,prosody_hnr_std,0.010063562493240807,prosody
ANG,prosody_hnr_min,0.021539433870253387,prosody
ANG,prosody_hnr_max,0.008825536046293433,prosody
ANG,prosody_hnr_median,0.009271481868564729,prosody
ANG,prosody_f1_mean,0.01162013544534864,prosody
ANG,prosody_f1_std,0.13467922531938498,prosody
ANG,prosody_f1_median,0.01804315054811509,prosody
ANG,prosody_f1_bw_median,0.32269899828016546,prosody
ANG,prosody_f2_mean,0.015915264415252928,prosody
ANG,prosody_f2_std,0.022523771040530948,prosody
ANG,prosody_f2_median,0.01974206830161273,prosody
ANG,prosody_f2_bw_median,0.009009420725209607,prosody
ANG,prosody_f3_mean,0.02202350028972963,prosody
ANG,prosody_f3_std,0.021450268361007538,prosody
ANG,prosody_f3_median,0.0127463733347164,prosody
ANG,prosody_f3_bw_median,0.033321612987235044,prosody
ANG,prosody_f4_mean,0.06313138304981794,prosody
ANG,prosody_f4_std,0.022617066628770527,prosody
ANG,prosody_f4_median,0.043240634299172215,prosody
ANG,prosody_f5_mean,0.03180946661138799,prosody
ANG,prosody_f5_std,0.01536924386258534,prosody
ANG,prosody_f5_median,0.10661380663433727,prosody
ANG,prosody_intensity_mean,0.021995821508925616,prosody
ANG,prosody_intensity_std,0.09588585204612218,prosody
ANG,prosody_intensity_min,0.23618731666141785,prosody
ANG,prosody_intensity_max,0.011892934843307093,prosody
ANG,prosody_intensity_median,0.01827518591955816,prosody
ANG,prosody_intensity_iqr,0.041873022282987456,prosody
ANG,prosody_intensity_skew,0.010883887068640366,prosody
ANG,prosody_intensity_kurt,0.015218603081556464,prosody
ANG,prosody_cpps,0.029790508458433066,prosody
DIS,duration_s,0.5966565834628086,other
DIS,peak_amplitude,0.022661478117530685,other
DIS,spectral_centroid_mean,0.011525046041343615,spectral
DIS,spectral_centroid_std,0.009657205318685951,spectral
DIS,spectral_centroid_min,0.01338511258879852,spectral
DIS,spectral_centroid_max,0.004449656429722143,spectral
DIS,spectral_centroid_median,0.05339657318418631,spectral
DIS,spectral_centroid_iqr,0.13452292804749164,spectral
DIS,spectral_centroid_skew,0.0037148047294593384,spectral
DIS,spectral_centroid_kurt,0.005248498146284579,spectral
DIS,spectral_bandwidth_mean,0.0031533190208388883,spectral
DIS,spectral_bandwidth_std,0.004055272794048434,spectral
DIS,spectral_bandwidth_min,0.008403928261143282,spectral
DIS,spectral_bandwidth_max,0.004836669348792205,spectral
DIS,spectral_bandwidth_median,0.006670805801029405,spectral
DIS,spectral_bandwidth_iqr,0.007977025451571751,spectral
DIS,spectral_bandwidth_skew,0.010115682433270238,spectral
DIS,spectral_bandwidth_kurt,0.011564956595710423,spectral
DIS,spectral_rolloff85_mean,0.009037275774006573,spectral
DIS,spectral_rolloff85_std,0.003696508030894791,spectral
DIS,spectral_rolloff85_min,0.006358656196076441,spectral
DIS,spectral_rolloff85_max,0.005342531232125936,spectral
DIS,spectral_rolloff85_median,0.01938447362560871,spectral
DIS,spectral_rolloff85_iqr,0.03586890358407508,spectral
DIS,spectral_rolloff85_skew,0.012670275318096618,spectral
DIS,spectral_rolloff85_kurt,0.014270549246011753,spectral
DIS,spectral_rolloff95_mean,0.025790822092060094,spectral
DIS,spectral_rolloff95_std,0.003172143871820794,spectral
DIS,spectral_rolloff95_min,0.0020720680500881583,spectral
DIS,spectral_rolloff95_max,0.008617466088337697,spectral
DIS,spectral_rolloff95_median,0.007858611822025222,spectral
DIS,spectral_rolloff95_iqr,0.0362927864641599,spectral
DIS,spectral_rolloff95_skew,0.010248670641206667,spectral
DIS,spectral_rolloff95_kurt,0.008408795026090847,spectral
DIS,spectral_flatness_mean,0.007557348072837704,spectral
DIS,spectral_flatness_std,0.014451902238446336,spectral
DIS,spectral_flatness_min,0.007064285636121729,spectral
DIS,spectral_flatness_max,0.014006949626024601,spectral
DIS,spectral_flatness_median,0.008795500357800272,spectral
DIS,spectral_flatness_iqr,0.0069830273827442176,spectral
DIS,spectral_flatness_skew,0.007341662309959074,spectral
DIS,spectral_flatness_kurt,0.0218087098745763,spectral
DIS,spectral_zcr_mean,0.013636642075925005,spectral
DIS,spectral_zcr_std,0.01807327765011043,spectral
DIS,spectral_zcr_min,0.004043608611575202,spectral
DIS,spectral_zcr_max,0.005117069635218737,spectral
DIS,spectral_zcr_median,0.023590697417559123,spectral
DIS,spectral_zcr_iqr,0.01880517890012985,spectral
DIS,spectral_zcr_skew,0.00702018728081252,spectral
DIS,spectral_zcr_kurt,0.013472985113828464,spectral
DIS,spectral_rms_mean,0.014485426728716045,spectral
DIS,spectral_rms_std,0.009602170275143526,spectral
DIS,spectral_rms_min,0.014411185581631196,spectral
DIS,spectral_rms_max,0.021890431127903977,spectral
DIS,spectral_rms_median,0.03105619338520912,spectral
DIS,spectral_rms_iqr,0.008627163432856043,spectral
DIS,spectral_rms_skew,0.01733796404005116,spectral
DIS,spectral_rms_kurt,0.008630172875387098,spectral
DIS,spectral_flux_mean,0.012939299273883752,spectral
DIS,spectral_flux_std,0.018879976613694095,spectral
DIS,spectral_flux_min,0.012641888155139946,spectral
DIS,spectral_flux_max,0.011745246922032401,spectral
DIS,spectral_flux_median,0.012229798655227804,spectral
DIS,spectral_flux_iqr,0.025477448503574616,spectral
DIS,spectral_flux_skew,0.011122659049653679,spectral
DIS,spectral_flux_kurt,0.016018865357789947,spectral
DIS,spectral_entropy_mean,0.08211106004250004,spectral
DIS,spectral_entropy_std,0.053895361168941246,spectral
DIS,spectral_entropy_min,0.03212415300838234,spectral
DIS,spectral_entropy_max,0.02125063426927393,spectral
DIS,spectral_entropy_median,0.1142341846783818,spectral
DIS,spectral_entropy_iqr,0.04130906778026191,spectral
DIS,spectral_entropy_skew,0.024574690008861314,spectral
DIS,spectral_entropy_kurt,0.02502949824490708,spectral
DIS,spectral_slope_mean,0.023192228312834087,spectral
DIS,spectral_slope_std,0.014143516158301794,spectral
DIS,spectral_slope_min,0.019765652371474558,spectral
DIS,spectral_slope_max,0.007877942013622583,spectral
DIS,spectral_slope_median,0.018155579113899672,spectral
DIS,spectral_slope_iqr,0.015817696071477594,spectral
DIS,spectral_slope_skew,0.009711790824001032,spectral
DIS,spectral_slope_kurt,0.006285592238533557,spectral
DIS,spectral_band_0_500_mean,0.08162633621024297,spectral
DIS,spectral_band_0_500_std,0.02682980086201497,spectral
DIS,spectral_band_500_1000_mean,0.045415637985235055,spectral
DIS,spectral_band_500_1000_std,0.012794658972746328,spectral
DIS,spectral_band_1000_2000_mean,0.03923378307662299,spectral
DIS,spectral_band_1000_2000_std,0.08822496278537946,spectral
DIS,spectral_band_2000_3000_mean,0.17304155205826466,spectral
DIS,spectral_band_2000_3000_std,0.15928124601176688,spectral
DIS,spectral_band_3000_4000_mean,0.007961485001999655,spectral
DIS,spectral_band_3000_4000_std,0.011523680915090057,spectral
DIS,spectral_band_4000_5000_mean,0.007028328896187304,spectral
DIS,spectral_band_4000_5000_std,0.020199067415459734,spectral
DIS,spectral_band_5000_6000_mean,0.01466294179235143,spectral
DIS,spectral_band_5000_6000_std,0.011025181396042801,spectral
DIS,spectral_band_6000_8000_mean,0.008236091309854397,spectral
DIS,spectral_band_6000_8000_std,0.005437616371495172,spectral
DIS,spectral_hf_ratio_4000_mean,0.007171064721780036,spectral
DIS,spectral_hf_ratio_4000_std,0.013610510563030387,spectral
DIS,spectral_hf_ratio_6000_mean,0.004506209128051401,spectral
DIS,spectral_hf_ratio_6000_std,0.003241672273327834,spectral
DIS,spectral_contrast_0_mean,0.06698890931645309,spectral
DIS,spectral_contrast_0_std,0.08709721033511242,spectral
DIS,spectral_contrast_1_mean,0.16091694967702153,spectral
DIS,spectral_contrast_1_std,0.06470185310905173,spectral
DIS,spectral_contrast_2_mean,0.06154975130059646,spectral
DIS,spectral_contrast_2_std,0.08142188511343253,spectral
DIS,spectral_contrast_3_mean,0.0097857928853257,spectral
DIS,spectral_contrast_3_std,0.012016177009227129,spectral
DIS,spectral_contrast_4_mean,0.007042251308220894,spectral
DIS,spectral_contrast_4_std,0.015385678173756795,spectral
DIS,spectral_contrast_5_mean,0.02740577976418993,spectral
DIS,spectral_contrast_5_std,0.01720013509717064,spectral
DIS,spectral_contrast_6_mean,0.006419175260105828,spectral
DIS,spectral_contrast_6_std,0.011294252145526705,spectral
DIS,mfcc_00_mean,0.03759250510499226,mfcc
DIS,mfcc_00_std,0.11165963119012605,mfcc
DIS,mfcc_00_min,0.011622107083278386,mfcc
DIS,mfcc_00_max,0.023252590074408993,mfcc
DIS,mfcc_00_median,0.10429713550508904,mfcc
DIS,mfcc_00_iqr,0.06220231241955331,mfcc
DIS,mfcc_00_skew,0.03843035066356971,mfcc
DIS,mfcc_00_kurt,0.059218692067129236,mfcc
DIS,mfcc_01_mean,0.007557491992863376,mfcc
DIS,mfcc_01_std,0.009317137554282524,mfcc
DIS,mfcc_01_min,0.01544905852912698,mfcc
DIS,mfcc_01_max,0.04777954669258891,mfcc
DIS,mfcc_01_median,0.02442963538189664,mfcc
DIS,mfcc_01_iqr,0.010770924892942416,mfcc
DIS,mfcc_01_skew,0.029635131930838655,mfcc
DIS,mfcc_01_kurt,0.009139535987065052,mfcc
DIS,mfcc_02_mean,0.008112981541363546,mfcc
DIS,mfcc_02_std,0.24237441851537034,mfcc
DIS,mfcc_02_min,0.05777348615592748,mfcc
DIS,mfcc_02_max,0.008585414509759888,mfcc
DIS,mfcc_02_median,0.0507350838223653,mfcc
DIS,mfcc_02_iqr,0.08884573631686454,mfcc
DIS,mfcc_02_skew,0.07406344057417222,mfcc
DIS,mfcc_02_kurt,0.05399031316276388,mfcc
DIS,mfcc_03_mean,0.07420148007459537,mfcc
DIS,mfcc_03_std,0.28943926864626407,mfcc
DIS,mfcc_03_min,0.08636781938390703,mfcc
DIS,mfcc_03_max,0.03612914809756231,mfcc
DIS,mfcc_03_median,0.0717609535689907,mfcc
DIS,mfcc_03_iqr,0.043483326204050494,mfcc
DIS,mfcc_03_skew,0.03643650434946392,mfcc
DIS,mfcc_03_kurt,0.016631872164691794,mfcc
DIS,mfcc_04_mean,0.008479271859783798,mfcc
DIS,mfcc_04_std,0.016982877832043594,mfcc
DIS,mfcc_04_min,0.02255757336008655,mfcc
DIS,mfcc_04_max,0.036522256676539994,mfcc
DIS,mfcc_04_median,0.011431709353691337,mfcc
DIS,mfcc_04_iqr,0.009369579965692536,mfcc
DIS,mfcc_04_skew,0.005669007177962191,mfcc
DIS,mfcc_04_kurt,0.01093322596645072,mfcc
DIS,mfcc_05_mean,0.08914852537788186,mfcc
DIS,mfcc_05_std,0.06364360347453918,mfcc
DIS,mfcc_05_min,0.09805547326105174,mfcc
DIS,mfcc_05_max,0.024201859226828243,mfcc
DIS,mfcc_05_median,0.0807681015420839,mfcc
DIS,mfcc_05_iqr,0.06828859077373528,mfcc
DIS,mfcc_05_skew,0.019904587713102086,mfcc
DIS,mfcc_05_kurt,0.010985318088520523,mfcc
DIS,mfcc_06_mean,0.024158123752829677,mfcc
DIS,mfcc_06_std,0.09786677442911886,mfcc
DIS,mfcc_06_min,0.09421297589808571,mfcc
DIS,mfcc_06_max,0.04512212746333552,mfcc
DIS,mfcc_06_median,0.016574320152536782,mfcc
DIS,mfcc_06_iqr,0.1096905627487402,mfcc
DIS,mfcc_06_skew,0.00844937726815054,mfcc
DIS,mfcc_06_kurt,0.022125862554780024,mfcc
DIS,mfcc_07_mean,0.025141223741830056,mfcc
DIS,mfcc_07_std,0.00900861676502006,mfcc
DIS,mfcc_07_min,0.017530874127614535,mfcc
DIS,mfcc_07_max,0.019750652943670875,mfcc
DIS,mfcc_07_median,0.031819456543475934,mfcc
DIS,mfcc_07_iqr,0.01737129796599473,mfcc
DIS,mfcc_07_skew,0.010619928959639926,mfcc
DIS,mfcc_07_kurt,0.016686549730504426,mfcc
DIS,mfcc_08_mean,0.04236697606266964,mfcc
DIS,mfcc_08_std,0.023207757353391607,mfcc
DIS,mfcc_08_min,0.006752130328001243,mfcc
DIS,mfcc_08_max,0.057356417146858005,mfcc
DIS,mfcc_08_median,0.041817155912522996,mfcc
DIS,mfcc_08_iqr,0.022960311619502786,mfcc
DIS,mfcc_08_skew,0.04873787365950601,mfcc
DIS,mfcc_08_kurt,0.05065333234265174,mfcc
DIS,mfcc_09_mean,0.2916765347732368,mfcc
DIS,mfcc_09_std,0.006311923144770636,mfcc
DIS,mfcc_09_min,0.03823407327842067,mfcc
DIS,mfcc_09_max,0.15095541835597434,mfcc
DIS,mfcc_09_median,0.16861874988972603,mfcc
DIS,mfcc_09_iqr,0.008972992311958052,mfcc
DIS,mfcc_09_skew,0.09966609255931656,mfcc
DIS,mfcc_09_kurt,0.007476144560317254,mfcc
DIS,mfcc_10_mean,0.055961818070414455,mfcc
DIS,mfcc_10_std,0.01747142407618272,mfcc
DIS,mfcc_10_min,0.014258174773871923,mfcc
DIS,mfcc_10_max,0.018017418607400162,mfcc
DIS,mfcc_10_median,0.07551642923599822,mfcc
DIS,mfcc_10_iqr,0.007937202880717862,mfcc
DIS,mfcc_10_skew,0.008051578619940538,mfcc
DIS,mfcc_10_kurt,0.02295086933153875,mfcc
DIS,mfcc_11_mean,0.0358952260886956,mfcc
DIS,mfcc_11_std,0.027963936222933482,mfcc
DIS,mfcc_11_min,0.013386176745923182,mfcc
DIS,mfcc_11_max,0.11411312288895831,mfcc
DIS,mfcc_11_median,0.03683832836368774,mfcc
DIS,mfcc_11_iqr,0.02206957700980594,mfcc
DIS,mfcc_11_skew,0.03664877873403903,mfcc
DIS,mfcc_11_kurt,0.022550769774883458,mfcc
DIS,mfcc_12_mean,0.011194875565070707,mfcc
DIS,mfcc_12_std,0.028402153666238668,mfcc
DIS,mfcc_12_min,0.004797134726097657,mfcc
DIS,mfcc_12_max,0.019612524369726474,mfcc
DIS,mfcc_12_median,0.014283963644667169,mfcc
DIS,mfcc_12_iqr,0.013143035368755027,mfcc
DIS,mfcc_12_skew,0.0097840068444516,mfcc
DIS,mfcc_12_kurt,0.03702023332510917,mfcc
DIS,mfcc_13_mean,0.03216562180482684,mfcc
DIS,mfcc_13_std,0.03408034012193314,mfcc
DIS,mfcc_13_min,0.022270915068831183,mfcc
DIS,mfcc_13_max,0.03059263979088243,mfcc
DIS,mfcc_13_median,0.022538961892299095,mfcc
DIS,mfcc_13_iqr,0.009036909681596171,mfcc
DIS,mfcc_13_skew,0.019704558736476637,mfcc
DIS,mfcc_13_kurt,0.010862254272990103,mfcc
DIS,mfcc_14_mean,0.019126566710883152,mfcc
DIS,mfcc_14_std,0.013839529926025562,mfcc
DIS,mfcc_14_min,0.016384323221884274,mfcc
DIS,mfcc_14_max,0.0158270329152832,mfcc
DIS,mfcc_14_median,0.01434020503670051,mfcc
DIS,mfcc_14_iqr,0.06885458064478657,mfcc
DIS,mfcc_14_skew,0.05252067406599981,mfcc
DIS,mfcc_14_kurt,0.0373333630579872,mfcc
DIS,mfcc_15_mean,0.02048229047073591,mfcc
DIS,mfcc_15_std,0.01292582640358877,mfcc
DIS,mfcc_15_min,0.01308301827745082,mfcc
DIS,mfcc_15_max,0.03095238674619954,mfcc
DIS,mfcc_15_median,0.011347022699085869,mfcc
DIS,mfcc_15_iqr,0.02846826742845947,mfcc
DIS,mfcc_15_skew,0.015966483636976954,mfcc
DIS,mfcc_15_kurt,0.0063113315927335765,mfcc
DIS,mfcc_16_mean,0.0409112098432981,mfcc
DIS,mfcc_16_std,0.007306677646646141,mfcc
DIS,mfcc_16_min,0.04614829588606366,mfcc
DIS,mfcc_16_max,0.0054152180840104725,mfcc
DIS,mfcc_16_median,0.043613891809837095,mfcc
DIS,mfcc_16_iqr,0.02678394899048819,mfcc
DIS,mfcc_16_skew,0.008419925174999227,mfcc
DIS,mfcc_16_kurt,0.015850094622326526,mfcc
DIS,mfcc_17_mean,0.009489551748252879,mfcc
DIS,mfcc_17_std,0.016956975202578734,mfcc
DIS,mfcc_17_min,0.03193568564090318,mfcc
DIS,mfcc_17_max,0.013178506059611935,mfcc
DIS,mfcc_17_median,0.010497903890541277,mfcc
DIS,mfcc_17_iqr,0.01431305316404444,mfcc
DIS,mfcc_17_skew,0.012073731897533725,mfcc
DIS,mfcc_17_kurt,0.009295878641444188,mfcc
DIS,mfcc_18_mean,0.027640946364568056,mfcc
DIS,mfcc_18_std,0.03512501174009685,mfcc
DIS,mfcc_18_min,0.01191592623118805,mfcc
DIS,mfcc_18_max,0.029775410459261888,mfcc
DIS,mfcc_18_median,0.01464415016272627,mfcc
DIS,mfcc_18_iqr,0.01609073630055029,mfcc
DIS,mfcc_18_skew,0.007901480315880484,mfcc
DIS,mfcc_18_kurt,0.03502375150354332,mfcc
DIS,mfcc_19_mean,0.060782760937396166,mfcc
DIS,mfcc_19_std,0.008604768614146188,mfcc
DIS,mfcc_19_min,0.0258813449219792,mfcc
DIS,mfcc_19_max,0.015425623016239405,mfcc
DIS,mfcc_19_median,0.039598393324008725,mfcc
DIS,mfcc_19_iqr,0.028915878610411727,mfcc
DIS,mfcc_19_skew,0.010371523082985758,mfcc
DIS,mfcc_19_kurt,0.025152176024972682,mfcc
DIS,mfcc_d1_00_mean,0.009735960574957207,mfcc
DIS,mfcc_d1_00_std,0.08357231224115362,mfcc
DIS,mfcc_d2_00_mean,0.008881782170965946,mfcc
DIS,mfcc_d2_00_std,0.2612159505188827,mfcc
DIS,mfcc_d1_01_mean,0.0394200959025739,mfcc
DIS,mfcc_d1_01_std,0.021222491135483842,mfcc
DIS,mfcc_d2_01_mean,0.009237169033881741,mfcc
DIS,mfcc_d2_01_std,0.3615553416659293,mfcc
DIS,mfcc_d1_02_mean,0.016989215152292507,mfcc
DIS,mfcc_d1_02_std,0.03679820152239659,mfcc
DIS,mfcc_d2_02_mean,0.03164792532716002,mfcc
DIS,mfcc_d2_02_std,0.03555681005784704,mfcc
DIS,mfcc_d1_03_mean,0.010904294760426026,mfcc
DIS,mfcc_d1_03_std,0.12815043571392756,mfcc
DIS,mfcc_d2_03_mean,0.011661884351628727,mfcc
DIS,mfcc_d2_03_std,0.07632976302640235,mfcc
DIS,mfcc_d1_04_mean,0.01899928746814195,mfcc
DIS,mfcc_d1_04_std,0.021262541340837934,mfcc
DIS,mfcc_d2_04_mean,0.007201794283899793,mfcc
DIS,mfcc_d2_04_std,0.17376882625718243,mfcc
DIS,mfcc_d1_05_mean,0.02053790703403199,mfcc
DIS,mfcc_d1_05_std,0.010320715112952704,mfcc
DIS,mfcc_d2_05_mean,0.013602943229157293,mfcc
DIS,mfcc_d2_05_std,0.046684931517162555,mfcc
DIS,mfcc_d1_06_mean,0.07273682672811022,mfcc
DIS,mfcc_d1_06_std,0.018651420533952336,mfcc
DIS,mfcc_d2_06_mean,0.030750343103771314,mfcc
DIS,mfcc_d2_06_std,0.011067291724804189,mfcc
DIS,mfcc_d1_07_mean,0.020017212591791015,mfcc
DIS,mfcc_d1_07_std,0.016894915774737288,mfcc
DIS,mfcc_d2_07_mean,0.01994804560963274,mfcc
DIS,mfcc_d2_07_std,0.16433714855744722,mfcc
DIS,mfcc_d1_08_mean,0.009047064826424816,mfcc
DIS,mfcc_d1_08_std,0.01661917452265447,mfcc
DIS,mfcc_d2_08_mean,0.02046335997525795,mfcc
DIS,mfcc_d2_08_std,0.038855072517642315,mfcc
DIS,mfcc_d1_09_mean,0.01243445473467634,mfcc
DIS,mfcc_d1_09_std,0.02074481263540895,mfcc
DIS,mfcc_d2_09_mean,0.025558984440902075,mfcc
DIS,mfcc_d2_09_std,0.10526519060533035,mfcc
DIS,mfcc_d1_10_mean,0.05496572054326202,mfcc
DIS,mfcc_d1_10_std,0.0053606643902930715,mfcc
DIS,mfcc_d2_10_mean,0.027671626946347297,mfcc
DIS,mfcc_d2_10_std,0.01830041040979673,mfcc
DIS,mfcc_d1_11_mean,0.01646820979914775,mfcc
DIS,mfcc_d1_11_std,0.016635305516363684,mfcc
DIS,mfcc_d2_11_mean,0.012568421545085818,mfcc
DIS,mfcc_d2_11_std,0.016798336847954218,mfcc
DIS,mfcc_d1_12_mean,0.011095560958148521,mfcc
DIS,mfcc_d1_12_std,0.01982050407675724,mfcc
DIS,mfcc_d2_12_mean,0.012207981839011091,mfcc
DIS,mfcc_d2_12_std,0.015122127776918681,mfcc
DIS,mfcc_d1_13_mean,0.013245088670718523,mfcc
DIS,mfcc_d1_13_std,0.01802929326493426,mfcc
DIS,mfcc_d2_13_mean,0.0067705449787374096,mfcc
DIS,mfcc_d2_13_std,0.018814824407159265,mfcc
DIS,mfcc_d1_14_mean,0.015950102386837105,mfcc
DIS,mfcc_d1_14_std,0.011395029522860294,mfcc
DIS,mfcc_d2_14_mean,0.023505628890688555,mfcc
DIS,mfcc_d2_14_std,0.027677660893630194,mfcc
DIS,mfcc_d1_15_mean,0.009908497521022356,mfcc
DIS,mfcc_d1_15_std,0.01811145291872112,mfcc
DIS,mfcc_d2_15_mean,0.04866138536818379,mfcc
DIS,mfcc_d2_15_std,0.03505752417852849,mfcc
DIS,mfcc_d1_16_mean,0.03096513814085958,mfcc
DIS,mfcc_d1_16_std,0.006272568587431694,mfcc
DIS,mfcc_d2_16_mean,0.025217965524303252,mfcc
DIS,mfcc_d2_16_std,0.023973970249146218,mfcc
DIS,mfcc_d1_17_mean,0.051996489092616296,mfcc
DIS,mfcc_d1_17_std,0.006844821041174527,mfcc
DIS,mfcc_d2_17_mean,0.021079279801501583,mfcc
DIS,mfcc_d2_17_std,0.010501514050229343,mfcc
DIS,mfcc_d1_18_mean,0.02029437584925192,mfcc
DIS,mfcc_d1_18_std,0.017265589019394602,mfcc
DIS,mfcc_d2_18_mean,0.01992584731635733,mfcc
DIS,mfcc_d2_18_std,0.01225749428724815,mfcc
DIS,mfcc_d1_19_mean,0.008467895643221056,mfcc
DIS,mfcc_d1_19_std,0.009704236950103508,mfcc
DIS,mfcc_d2_19_mean,0.027478488246378305,mfcc
DIS,mfcc_d2_19_std,0.030430487070627184,mfcc
DIS,chroma_00_mean,0.0092642296397052,chroma
DIS,chroma_00_std,0.005094535442987224,chroma
DIS,chroma_01_mean,0.013706724950226819,chroma
DIS,chroma_01_std,0.01251046233776299,chroma
DIS,chroma_02_mean,0.008139224297165385,chroma
DIS,chroma_02_std,0.006560355039111739,chroma
DIS,chroma_03_mean,0.01058514933738896,chroma
DIS,chroma_03_std,0.04233123514801745,chroma
DIS,chroma_04_mean,0.00948940957038375,chroma
DIS,chroma_04_std,0.011183108211271239,chroma
DIS,chroma_05_mean,0.03320400719285028,chroma
DIS,chroma_05_std,0.006161519917466233,chroma
DIS,chroma_06_mean,0.033581806442304976,chroma
DIS,chroma_06_std,0.012723350995373013,chroma
DIS,chroma_07_mean,0.08512481437235052,chroma
DIS,chroma_07_std,0.015448844673048292,chroma
DIS,chroma_08_mean,0.011630017994158501,chroma
DIS,chroma_08_std,0.024530587274321617,chroma
DIS,chroma_09_mean,0.013446718806358457,chroma
DIS,chroma_09_std,0.010728065628560771,chroma
DIS,chroma_10_mean,0.012813045943614819,chroma
DIS,chroma_10_std,0.01379108071710724,chroma
DIS,chroma_11_mean,0.005168190543823361,chroma
DIS,chroma_11_std,0.00779345800731411,chroma
DIS,prosody_f0_mean,0.0652932557766398,prosody
DIS,prosody_f0_std,0.03719597089054282,prosody
DIS,prosody_f0_min,0.08654562747035095,prosody
DIS,prosody_f0_max,0.009279734268269802,prosody
DIS,prosody_f0_median,0.40510988362612904,prosody
DIS,prosody_f0_iqr,0.14681861297544488,prosody
DIS,prosody_f0_skew,0.10595412574698043,prosody
DIS,prosody_f0_kurt,0.00910377223426314,prosody
DIS,prosody_voiced_fraction,0.1163913485396728,prosody
DIS,prosody_f0_slope_abs_mean,0.058971284164469916,prosody
DIS,prosody_n_voiced_segments,0.010676674537268453,prosody
DIS,prosody_voiced_rate_per_s,0.012270275774496991,prosody
DIS,prosody_mean_voiced_seg_s,0.03828694716173476,prosody
DIS,prosody_pause_fraction,0.08400827763834938,prosody
DIS,prosody_jitter_local,0.009214148899586772,prosody
DIS,prosody_jitter_rap,0.010218529304211363,prosody
DIS,prosody_jitter_ppq5,0.044786294914903955,prosody
DIS,prosody_jitter_ddp,0.003976094200222966,prosody
DIS,prosody_shimmer_local,0.005618873750606785,prosody
DIS,prosody_shimmer_localdb,0.009684985547115322,prosody
DIS,prosody_shimmer_apq3,0.013770589368773154,prosody
DIS,prosody_shimmer_apq5,0.020032883757426487,prosody
DIS,prosody_shimmer_apq11,0.03270777903823919,prosody
DIS,prosody_shimmer_dda,0.005504901519959599,prosody
DIS,prosody_hnr_mean,0.11723032123375039,prosody
DIS,prosody_hnr_std,0.010480645669593633,prosody
DIS,prosody_hnr_min,0.014720198670419554,prosody
DIS,prosody_hnr_max,0.009768004252570689,prosody
DIS,prosody_hnr_median,0.09399721744014211,prosody
DIS,prosody_f1_mean,0.015514178078089812,prosody
DIS,prosody_f1_std,0.009421229750392572,prosody
DIS,prosody_f1_median,0.060955086216705395,prosody
DIS,prosody_f1_bw_median,0.02555526633096496,prosody
DIS,prosody_f2_mean,0.025813445820875875,prosody
DIS,prosody_f2_std,0.043912164219080674,prosody
DIS,prosody_f2_median,0.009916937827075383,prosody
DIS,prosody_f2_bw_median,0.024743881997002077,prosody
DIS,prosody_f3_mean,0.01374404046931898,prosody
DIS,prosody_f3_std,0.02200295023179793,prosody
DIS,prosody_f3_median,0.006805675075849785,prosody
DIS,prosody_f3_bw_median,0.02366680890063028,prosody
DIS,prosody_f4_mean,0.01366116014277788,prosody
DIS,prosody_f4_std,0.12574857442304296,prosody
DIS,prosody_f4_median,0.023598119128142872,prosody
DIS,prosody_f5_mean,0.025435637008563074,prosody
DIS,prosody_f5_std,0.03566270395668112,prosody
DIS,prosody_f5_median,0.0688857728719437,prosody
DIS,prosody_intensity_mean,0.006932219338425214,prosody
DIS,prosody_intensity_std,0.03430329047402924,prosody
DIS,prosody_intensity_min,0.021658076675814708,prosody
DIS,prosody_intensity_max,0.023241613068294004,prosody
DIS,prosody_intensity_median,0.012003814399043492,prosody
DIS,prosody_intensity_iqr,0.12640222106488067,prosody
DIS,prosody_intensity_skew,0.03455237446672726,prosody
DIS,prosody_intensity_kurt,0.18925051304365031,prosody
DIS,prosody_cpps,0.05763483324028869,prosody
FEA,duration_s,0.03147861981223269,other
FEA,peak_amplitude,0.021940057882684293,other
FEA,spectral_centroid_mean,0.010993973985610469,spectral
FEA,spectral_centroid_std,0.003724098027736448,spectral
FEA,spectral_centroid_min,0.006723365144514997,spectral
FEA,spectral_centroid_max,0.00829878727116509,spectral
FEA,spectral_centroid_median,0.06544774175008385,spectral
FEA,spectral_centroid_iqr,0.040815107751634445,spectral
FEA,spectral_centroid_skew,0.005275802343109085,spectral
FEA,spectral_centroid_kurt,0.006747108724186588,spectral
FEA,spectral_bandwidth_mean,0.005891993565890369,spectral
FEA,spectral_bandwidth_std,0.006886025544029676,spectral
FEA,spectral_bandwidth_min,0.02467674959263018,spectral
FEA,spectral_bandwidth_max,0.04060518834692252,spectral
FEA,spectral_bandwidth_median,0.023454695856812733,spectral
FEA,spectral_bandwidth_iqr,0.010084956063839851,spectral
FEA,spectral_bandwidth_skew,0.010792386902109662,spectral
FEA,spectral_bandwidth_kurt,0.005978733531467417,spectral
FEA,spectral_rolloff85_mean,0.009029000563769091,spectral
FEA,spectral_rolloff85_std,0.002186095919215326,spectral
FEA,spectral_rolloff85_min,0.005574310580782132,spectral
FEA,spectral_rolloff85_max,0.007929636115468021,spectral
FEA,spectral_rolloff85_median,0.03736752631124385,spectral
FEA,spectral_rolloff85_iqr,0.009030429799849134,spectral
FEA,spectral_rolloff85_skew,0.0045558660073449445,spectral
FEA,spectral_rolloff85_kurt,0.006854755837795255,spectral
FEA,spectral_rolloff95_mean,0.004391670460630046,spectral
FEA,spectral_rolloff95_std,0.00226948840415622,spectral
FEA,spectral_rolloff95_min,0.002931819216791082,spectral
FEA,spectral_rolloff95_max,0.005412968957643906,spectral
FEA,spectral_rolloff95_median,0.004390016007054476,spectral
FEA,spectral_rolloff95_iqr,0.01363970085707576,spectral
FEA,spectral_rolloff95_skew,0.00897284732847817,spectral
FEA,spectral_rolloff95_kurt,0.012344162105632411,spectral
FEA,spectral_flatness_mean,0.010633063510072092,spectral
FEA,spectral_flatness_std,0.02343481311703591,spectral
FEA,spectral_flatness_min,0.09952396581810011,spectral
FEA,spectral_flatness_max,0.006377593729313686,spectral
FEA,spectral_flatness_median,0.006863414684048893,spectral
FEA,spectral_flatness_iqr,0.07243273342709798,spectral
FEA,spectral_flatness_skew,0.008151412042239797,spectral
FEA,spectral_flatness_kurt,0.0161724621451356,spectral
FEA,spectral_zcr_mean,0.008851734824507964,spectral
FEA,spectral_zcr_std,0.004851653708020705,spectral
FEA,spectral_zcr_min,0.015886083670726577,spectral
FEA,spectral_zcr_max,0.007968573405424196,spectral
FEA,spectral_zcr_median,0.01783705109724356,spectral
FEA,spectral_zcr_iqr,0.018810997546199176,spectral
FEA,spectral_zcr_skew,0.006729930695988025,spectral
FEA,spectral_zcr_kurt,0.010350118746837375,spectral
FEA,spectral_rms_mean,0.01587540004186082,spectral
FEA,spectral_rms_std,0.029819384648251818,spectral
FEA,spectral_rms_min,0.022390690098259405,spectral
FEA,spectral_rms_max,0.01827815137911453,spectral
FEA,spectral_rms_median,0.02140783452585133,spectral
FEA,spectral_rms_iqr,0.02940523507796977,spectral
FEA,spectral_rms_skew,0.008878537393426028,spectral
FEA,spectral_rms_kurt,0.007392235231780692,spectral
FEA,spectral_flux_mean,0.013600607313831186,spectral
FEA,spectral_flux_std,0.09256166015276451,spectral
FEA,spectral_flux_min,0.08405831618842273,spectral
FEA,spectral_flux_max,0.020688288905878323,spectral
FEA,spectral_flux_median,0.015389487781532164,spectral
FEA,spectral_flux_iqr,0.012558163586483125,spectral
FEA,spectral_flux_skew,0.01945441279962185,spectral
FEA,spectral_flux_kurt,0.012817117253366818,spectral
FEA,spectral_entropy_mean,0.06608097270754279,spectral
FEA,spectral_entropy_std,0.01578088660646903,spectral
FEA,spectral_entropy_min,0.021165523032462538,spectral
FEA,spectral_entropy_max,0.02062633471618631,spectral
FEA,spectral_entropy_median,0.24301786718369675,spectral
FEA,spectral_entropy_iqr,0.019819367868752533,spectral
FEA,spectral_entropy_skew,0.12005894992104414,spectral
FEA,spectral_entropy_kurt,0.02632555284982657,spectral
FEA,spectral_slope_mean,0.04308918973111467,spectral
FEA,spectral_slope_std,0.11125043948102613,spectral
FEA,spectral_slope_min,0.015910244652932292,spectral
FEA,spectral_slope_max,0.006966691814949183,spectral
FEA,spectral_slope_median,0.015980018304464032,spectral
FEA,spectral_slope_iqr,0.02493026113252691,spectral
FEA,spectral_slope_skew,0.013050914491679878,spectral
FEA,spectral_slope_kurt,0.013984319508127495,spectral
FEA,spectral_band_0_500_mean,0.0879943262830454,spectral
FEA,spectral_band_0_500_std,0.13509442110365114,spectral
FEA,spectral_band_500_1000_mean,0.08035463343130056,spectral
FEA,spectral_band_500_1000_std,0.212066428465453,spectral
FEA,spectral_band_1000_2000_mean,0.02986042904171886,spectral
FEA,spectral_band_1000_2000_std,0.0751934433316252,spectral
FEA,spectral_band_2000_3000_mean,0.012264651622793186,spectral
FEA,spectral_band_2000_3000_std,0.034307262605203594,spectral
FEA,spectral_band_3000_4000_mean,0.020477151444851266,spectral
FEA,spectral_band_3000_4000_std,0.020982645024859702,spectral
FEA,spectral_band_4000_5000_mean,0.034654975882464745,spectral
FEA,spectral_band_4000_5000_std,0.033780054840183094,spectral
FEA,spectral_band_5000_6000_mean,0.004389935674910828,spectral
FEA,spectral_band_5000_6000_std,0.0060136026285019005,spectral
FEA,spectral_band_6000_8000_mean,0.012802414853057891,spectral
FEA,spectral_band_6000_8000_std,0.005087809474846176,spectral
FEA,spectral_hf_ratio_4000_mean,0.0017497076868070963,spectral
FEA,spectral_hf_ratio_4000_std,0.004296896375723899,spectral
FEA,spectral_hf_ratio_6000_mean,0.00781938311375837,spectral
FEA,spectral_hf_ratio_6000_std,0.0025905088698862564,spectral
FEA,spectral_contrast_0_mean,0.02400840743563742,spectral
FEA,spectral_contrast_0_std,0.017041197086805442,spectral
FEA,spectral_contrast_1_mean,0.36498406885415413,spectral
FEA,spectral_contrast_1_std,0.1252921912669693,spectral
FEA,spectral_contrast_2_mean,0.014900899036766993,spectral
FEA,spectral_contrast_2_std,0.008825980492967461,spectral
FEA,spectral_contrast_3_mean,0.009227187651730551,spectral
FEA,spectral_contrast_3_std,0.06100906279622125,spectral
FEA,spectral_contrast_4_mean,0.018956222926084242,spectral
FEA,spectral_contrast_4_std,0.10189854608938259,spectral
FEA,spectral_contrast_5_mean,0.011072346575040037,spectral
FEA,spectral_contrast_5_std,0.03040292426668231,spectral
FEA,spectral_contrast_6_mean,0.008545534515846954,spectral
FEA,spectral_contrast_6_std,0.009564531102826505,spectral
FEA,mfcc_00_mean,0.04452124888504636,mfcc
FEA,mfcc_00_std,0.04627745273665642,mfcc
FEA,mfcc_00_min,0.0495223008426721,mfcc
FEA,mfcc_00_max,0.05861206639248052,mfcc
FEA,mfcc_00_median,0.054735231791501526,mfcc
FEA,mfcc_00_iqr,0.03611319518681098,mfcc
FEA,mfcc_00_skew,0.05880041929931737,mfcc
FEA,mfcc_00_kurt,0.08333688685815754,mfcc
FEA,mfcc_01_mean,0.005201984506086558,mfcc
FEA,mfcc_01_std,0.01216873901096567,mfcc
FEA,mfcc_01_min,0.005613829584803758,mfcc
FEA,mfcc_01_max,0.027784929830192564,mfcc
FEA,mfcc_01_median,0.0727545994767693,mfcc
FEA,mfcc_01_iqr,0.09987646748208806,mfcc
FEA,mfcc_01_skew,0.007529783640459522,mfcc
FEA,mfcc_01_kurt,0.01883074923670326,mfcc
FEA,mfcc_02_mean,0.010806194900437605,mfcc
FEA,mfcc_02_std,0.1797915821249544,mfcc
FEA,mfcc_02_min,0.10443329380860414,mfcc
FEA,mfcc_02_max,0.017079111932345077,mfcc
FEA,mfcc_02_median,0.248553926285923,mfcc
FEA,mfcc_02_iqr,0.006607238969744656,mfcc
FEA,mfcc_02_skew,0.07178365890690011,mfcc
FEA,mfcc_02_kurt,0.011160800480871732,mfcc
FEA,mfcc_03_mean,0.01066125988701246,mfcc
FEA,mfcc_03_std,0.08634466591764907,mfcc
FEA,mfcc_03_min,0.012232891450635523,mfcc
FEA,mfcc_03_max,0.08354220868144466,mfcc
FEA,mfcc_03_median,0.008041707069496064,mfcc
FEA,mfcc_03_iqr,0.033756510440752584,mfcc
FEA,mfcc_03_skew,0.07462948905691054,mfcc
FEA,mfcc_03_kurt,0.01917952936282133,mfcc
FEA,mfcc_04_mean,0.007801663555797556,mfcc
FEA,mfcc_04_std,0.022555675019179322,mfcc
FEA,mfcc_04_min,0.007492104438028317,mfcc
FEA,mfcc_04_max,0.02760692965236837,mfcc
FEA,mfcc_04_median,0.019164500506559132,mfcc
FEA,mfcc_04_iqr,0.03424552125332112,mfcc
FEA,mfcc_04_skew,0.017670282286404437,mfcc
FEA,mfcc_04_kurt,0.09277129335651205,mfcc
FEA,mfcc_05_mean,0.032528522810968186,mfcc
FEA,mfcc_05_std,0.08993434645077908,mfcc
FEA,mfcc_05_min,0.030793215655589883,mfcc
FEA,mfcc_05_max,0.048370752583480295,mfcc
FEA,mfcc_05_median,0.02725877947905504,mfcc
FEA,mfcc_05_iqr,0.02614002057834773,mfcc
FEA,mfcc_05_skew,0.01699452847212342,mfcc
FEA,mfcc_05_kurt,0.01318145729813615,mfcc
FEA,mfcc_06_mean,0.039819123962799845,mfcc
FEA,mfcc_06_std,0.15380548353666487,mfcc
FEA,mfcc_06_min,0.03499927462589243,mfcc
FEA,mfcc_06_max,0.06409418247959348,mfcc
FEA,mfcc_06_median,0.11601397354003831,mfcc
FEA,mfcc_06_iqr,0.018960344726520466,mfcc
FEA,mfcc_06_skew,0.01018863801543443,mfcc
FEA,mfcc_06_kurt,0.008204236964348107,mfcc
FEA,mfcc_07_mean,0.03759634439393156,mfcc
FEA,mfcc_07_std,0.08090994405422171,mfcc
FEA,mfcc_07_min,0.030780743979226463,mfcc
FEA,mfcc_07_max,0.007766462954256987,mfcc
FEA,mfcc_07_median,0.04620287555404805,mfcc
FEA,mfcc_07_iqr,0.09960308270210211,mfcc
FEA,mfcc_07_skew,0.011584196348535998,mfcc
FEA,mfcc_07_kurt,0.011651260960116072,mfcc
FEA,mfcc_08_mean,0.19489650052281274,mfcc
FEA,mfcc_08_std,0.013438143067843465,mfcc
FEA,mfcc_08_min,0.025919168360187685,mfcc
FEA,mfcc_08_max,0.025720532810700848,mfcc
FEA,mfcc_08_median,0.09951019018168752,mfcc
FEA,mfcc_08_iqr,0.023065040484200015,mfcc
FEA,mfcc_08_skew,0.036315266926734244,mfcc
FEA,mfcc_08_kurt,0.009514922875164694,mfcc
FEA,mfcc_09_mean,0.05421185295042196,mfcc
FEA,mfcc_09_std,0.03723493163420148,mfcc
FEA,mfcc_09_min,0.02049658902163706,mfcc
FEA,mfcc_09_max,0.11326109370540664,mfcc
FEA,mfcc_09_median,0.045768780667159066,mfcc
FEA,mfcc_09_iqr,0.0066137873344395024,mfcc
FEA,mfcc_09_skew,0.009231931447053168,mfcc
FEA,mfcc_09_kurt,0.013760438045137467,mfcc
FEA,mfcc_10_mean,0.05210312305068428,mfcc
FEA,mfcc_10_std,0.03511893408287761,mfcc
FEA,mfcc_10_min,0.017457167611506362,mfcc
FEA,mfcc_10_max,0.037539207682775695,mfcc
FEA,mfcc_10_median,0.10729123800070837,mfcc
FEA,mfcc_10_iqr,0.01930401222263019,mfcc
FEA,mfcc_10_skew,0.023700410258645426,mfcc
FEA,mfcc_10_kurt,0.058792402970474514,mfcc
FEA,mfcc_11_mean,0.010682610806718168,mfcc
FEA,mfcc_11_std,0.07046627213360791,mfcc
FEA,mfcc_11_min,0.005992957548154919,mfcc
FEA,mfcc_11_max,0.05747295119696587,mfcc
FEA,mfcc_11_median,0.009869411407778654,mfcc
FEA,mfcc_11_iqr,0.010997885222087167,mfcc
FEA,mfcc_11_skew,0.059561703517993635,mfcc
FEA,mfcc_11_kurt,0.036992465516285225,mfcc
FEA,mfcc_12_mean,0.01131004171283894,mfcc
FEA,mfcc_12_std,0.02795371257537613,mfcc
FEA,mfcc_12_min,0.02819914405577808,mfcc
FEA,mfcc_12_max,0.1726037570741318,mfcc
FEA,mfcc_12_median,0.009675250531269974,mfcc
FEA,mfcc_12_iqr,0.028587509425789564,mfcc
FEA,mfcc_12_skew,0.030579259772222808,mfcc
FEA,mfcc_12_kurt,0.010866334474764337,mfcc
FEA,mfcc_13_mean,0.03052790841607139,mfcc
FEA,mfcc_13_std,0.008020508892258742,mfcc
FEA,mfcc_13_min,0.057968478886035894,mfcc
FEA,mfcc_13_max,0.011488025978493492,mfcc
FEA,mfcc_13_median,0.026135125759801706,mfcc
FEA,mfcc_13_iqr,0.019676074995673705,mfcc
FEA,mfcc_13_skew,0.011999874739279801,mfcc
FEA,mfcc_13_kurt,0.01822282913645582,mfcc
FEA,mfcc_14_mean,0.010565983920064692,mfcc
FEA,mfcc_14_std,0.015097527765659502,mfcc
FEA,mfcc_14_min,0.01140373363018204,mfcc
FEA,mfcc_14_max,0.010929905392183486,mfcc
FEA,mfcc_14_median,0.009638451870497493,mfcc
FEA,mfcc_14_iqr,0.04345791237760148,mfcc
FEA,mfcc_14_skew,0.026807331583222016,mfcc
FEA,mfcc_14_kurt,0.018879269920341453,mfcc
FEA,mfcc_15_mean,0.012784231758653956,mfcc
FEA,mfcc_15_std,0.021717525120204275,mfcc
FEA,mfcc_15_min,0.014646005104009182,mfcc
FEA,mfcc_15_max,0.01748409535509152,mfcc
FEA,mfcc_15_median,0.011022242777422985,mfcc
FEA,mfcc_15_iqr,0.07025010440920511,mfcc
FEA,mfcc_15_skew,0.014489982485739678,mfcc
FEA,mfcc_15_kurt,0.0324785480826262,mfcc
FEA,mfcc_16_mean,0.010946862671682274,mfcc
FEA,mfcc_16_std,0.012604654692057864,mfcc
FEA,mfcc_16_min,0.010435382068957071,mfcc
FEA,mfcc_16_max,0.01781217831681868,mfcc
FEA,mfcc_16_median,0.010310815489078442,mfcc
FEA,mfcc_16_iqr,0.009184213799141104,mfcc
FEA,mfcc_16_skew,0.034986490836526836,mfcc
FEA,mfcc_16_kurt,0.022307068790578567,mfcc
FEA,mfcc_17_mean,0.019613347654289785,mfcc
FEA,mfcc_17_std,0.008502781994215508,mfcc
FEA,mfcc_17_min,0.014807887858111867,mfcc
FEA,mfcc_17_max,0.01203551462435341,mfcc
FEA,mfcc_17_median,0.009512519532732371,mfcc
FEA,mfcc_17_iqr,0.009398790138878827,mfcc
FEA,mfcc_17_skew,0.04310444727801225,mfcc
FEA,mfcc_17_kurt,0.012528909286979124,mfcc
FEA,mfcc_18_mean,0.028600803825069944,mfcc
FEA,mfcc_18_std,0.015010052730902626,mfcc
FEA,mfcc_18_min,0.055745797978637816,mfcc
FEA,mfcc_18_max,0.010457505672461266,mfcc
FEA,mfcc_18_median,0.01386873657132423,mfcc
FEA,mfcc_18_iqr,0.025333583436606324,mfcc
FEA,mfcc_18_skew,0.01643253686226483,mfcc
FEA,mfcc_18_kurt,0.012426570790347705,mfcc
FEA,mfcc_19_mean,0.018662577924844756,mfcc
FEA,mfcc_19_std,0.016004845755769805,mfcc
FEA,mfcc_19_min,0.01790972690333393,mfcc
FEA,mfcc_19_max,0.018066493952046726,mfcc
FEA,mfcc_19_median,0.03753955705734386,mfcc
FEA,mfcc_19_iqr,0.03202580287720344,mfcc
FEA,mfcc_19_skew,0.030966104857253457,mfcc
FEA,mfcc_19_kurt,0.01716795835717547,mfcc
FEA,mfcc_d1_00_mean,0.012331726051212622,mfcc
FEA,mfcc_d1_00_std,0.19516022308737727,mfcc
FEA,mfcc_d2_00_mean,0.008275093800338244,mfcc
FEA,mfcc_d2_00_std,0.023026476656960115,mfcc
FEA,mfcc_d1_01_mean,0.012413222272613177,mfcc
FEA,mfcc_d1_01_std,0.007844283335534665,mfcc
FEA,mfcc_d2_01_mean,0.014884900407693753,mfcc
FEA,mfcc_d2_01_std,0.017361103165849184,mfcc
FEA,mfcc_d1_02_mean,0.013141074520352802,mfcc
FEA,mfcc_d1_02_std,0.2377142353053679,mfcc
FEA,mfcc_d2_02_mean,0.021119133070941352,mfcc
FEA,mfcc_d2_02_std,0.01651820348522804,mfcc
FEA,mfcc_d1_03_mean,0.011282834636412786,mfcc
FEA,mfcc_d1_03_std,0.05898113457766759,mfcc
FEA,mfcc_d2_03_mean,0.028788912352701576,mfcc
FEA,mfcc_d2_03_std,0.07313044848806878,mfcc
FEA,mfcc_d1_04_mean,0.049715917643166116,mfcc
FEA,mfcc_d1_04_std,0.04422079838465177,mfcc
FEA,mfcc_d2_04_mean,0.01811994574463273,mfcc
FEA,mfcc_d2_04_std,0.02832667792613351,mfcc
FEA,mfcc_d1_05_mean,0.03176787594054951,mfcc
FEA,mfcc_d1_05_std,0.27596066475886927,mfcc
FEA,mfcc_d2_05_mean,0.01793781413315758,mfcc
FEA,mfcc_d2_05_std,0.018547066735800477,mfcc
FEA,mfcc_d1_06_mean,0.011057841337565526,mfcc
FEA,mfcc_d1_06_std,0.10330011355492077,mfcc
FEA,mfcc_d2_06_mean,0.019607901307077194,mfcc
FEA,mfcc_d2_06_std,0.013615264575111856,mfcc
FEA,mfcc_d1_07_mean,0.009922426702041028,mfcc
FEA,mfcc_d1_07_std,0.08729369374076817,mfcc
FEA,mfcc_d2_07_mean,0.012862889999903142,mfcc
FEA,mfcc_d2_07_std,0.006590603437768594,mfcc
FEA,mfcc_d1_08_mean,0.03549490691132339,mfcc
FEA,mfcc_d1_08_std,0.05340316667669614,mfcc
FEA,mfcc_d2_08_mean,0.020813484069081643,mfcc
FEA,mfcc_d2_08_std,0.025641271217308605,mfcc
FEA,mfcc_d1_09_mean,0.015143277056246296,mfcc
FEA,mfcc_d1_09_std,0.07383628129298679,mfcc
FEA,mfcc_d2_09_mean,0.010088368271368478,mfcc
FEA,mfcc_d2_09_std,0.03297367915727246,mfcc
FEA,mfcc_d1_10_mean,0.009667230162780795,mfcc
FEA,mfcc_d1_10_std,0.020605695807002493,mfcc
FEA,mfcc_d2_10_mean,0.0071187456092985,mfcc
FEA,mfcc_d2_10_std,0.023288947319413982,mfcc
FEA,mfcc_d1_11_mean,0.04967212429365763,mfcc
FEA,mfcc_d1_11_std,0.029701905440468804,mfcc
FEA,mfcc_d2_11_mean,0.01228623220352328,mfcc
FEA,mfcc_d2_11_std,0.016451303277980108,mfcc
FEA,mfcc_d1_12_mean,0.021513141236577764,mfcc
FEA,mfcc_d1_12_std,0.04618398388304499,mfcc
FEA,mfcc_d2_12_mean,0.011485109758102359,mfcc
FEA,mfcc_d2_12_std,0.023357446809292613,mfcc
FEA,mfcc_d1_13_mean,0.013110531529860638,mfcc
FEA,mfcc_d1_13_std,0.0737548669761961,mfcc
FEA,mfcc_d2_13_mean,0.009544989583453978,mfcc
FEA,mfcc_d2_13_std,0.007940096297009383,mfcc
FEA,mfcc_d1_14_mean,0.05201262190481274,mfcc
FEA,mfcc_d1_14_std,0.04068338127103197,mfcc
FEA,mfcc_d2_14_mean,0.012566421807796694,mfcc
FEA,mfcc_d2_14_std,0.0158352980396064,mfcc
FEA,mfcc_d1_15_mean,0.01104265879132844,mfcc
FEA,mfcc_d1_15_std,0.013456517788446502,mfcc
FEA,mfcc_d2_15_mean,0.008911271252707081,mfcc
FEA,mfcc_d2_15_std,0.009537287017598144,mfcc
FEA,mfcc_d1_16_mean,0.011896243476818164,mfcc
FEA,mfcc_d1_16_std,0.007443340872010759,mfcc
FEA,mfcc_d2_16_mean,0.012325113440845442,mfcc
FEA,mfcc_d2_16_std,0.014704181759220915,mfcc
FEA,mfcc_d1_17_mean,0.01936066462360109,mfcc
FEA,mfcc_d1_17_std,0.010457992618639375,mfcc
FEA,mfcc_d2_17_mean,0.01365905999044863,mfcc
FEA,mfcc_d2_17_std,0.007295671172746688,mfcc
FEA,mfcc_d1_18_mean,0.014977633231763295,mfcc
FEA,mfcc_d1_18_std,0.010772481593411997,mfcc
FEA,mfcc_d2_18_mean,0.020853887348896556,mfcc
FEA,mfcc_d2_18_std,0.01818490906871345,mfcc
FEA,mfcc_d1_19_mean,0.01998089774601059,mfcc
FEA,mfcc_d1_19_std,0.03328131901132327,mfcc
FEA,mfcc_d2_19_mean,0.03582587765063168,mfcc
FEA,mfcc_d2_19_std,0.08162705304252686,mfcc
FEA,chroma_00_mean,0.08790405764279959,chroma
FEA,chroma_00_std,0.033379944012866654,chroma
FEA,chroma_01_mean,0.009327307416542788,chroma
FEA,chroma_01_std,0.019554658837392904,chroma
FEA,chroma_02_mean,0.01833194777255176,chroma
FEA,chroma_02_std,0.00857890382972057,chroma
FEA,chroma_03_mean,0.08041930157824301,chroma
FEA,chroma_03_std,0.007477435290989661,chroma
FEA,chroma_04_mean,0.02696742143372162,chroma
FEA,chroma_04_std,0.009811418232231923,chroma
FEA,chroma_05_mean,0.02017021635003538,chroma
FEA,chroma_05_std,0.013699042857637914,chroma
FEA,chroma_06_mean,0.04530385176519931,chroma
FEA,chroma_06_std,0.07190057720442401,chroma
FEA,chroma_07_mean,0.029101345961610885,chroma
FEA,chroma_07_std,0.03292461681360626,chroma
FEA,chroma_08_mean,0.01486151088477059,chroma
FEA,chroma_08_std,0.03644296755985443,chroma
FEA,chroma_09_mean,0.019215391185522294,chroma
FEA,chroma_09_std,0.013243114240590352,chroma
FEA,chroma_10_mean,0.022977474920379548,chroma
FEA,chroma_10_std,0.036875696789691,chroma
FEA,chroma_11_mean,0.02358975859920606,chroma
FEA,chroma_11_std,0.03010060817912819,chroma
FEA,prosody_f0_mean,0.09550854790492086,prosody
FEA,prosody_f0_std,0.09687621004975043,prosody
FEA,prosody_f0_min,0.13703971567198106,prosody
FEA,prosody_f0_max,0.007527601124731211,prosody
FEA,prosody_f0_median,0.15365612247803145,prosody
FEA,prosody_f0_iqr,0.0323829311167183,prosody
FEA,prosody_f0_skew,0.403121086554403,prosody
FEA,prosody_f0_kurt,0.039200039167654854,prosody
FEA,prosody_voiced_fraction,0.02595402365868738,prosody
FEA,prosody_f0_slope_abs_mean,0.018710137088881824,prosody
FEA,prosody_n_voiced_segments,0.018625695724113045,prosody
FEA,prosody_voiced_rate_per_s,0.05595757809390333,prosody
FEA,prosody_mean_voiced_seg_s,0.07144750130482155,prosody
FEA,prosody_pause_fraction,0.017789229305419776,prosody
FEA,prosody_jitter_local,0.0196586575020536,prosody
FEA,prosody_jitter_rap,0.03710856841750911,prosody
FEA,prosody_jitter_ppq5,0.1444746498687748,prosody
FEA,prosody_jitter_ddp,0.015837105333954892,prosody
FEA,prosody_shimmer_local,0.015618301918445985,prosody
FEA,prosody_shimmer_localdb,0.023783650287803392,prosody
FEA,prosody_shimmer_apq3,0.013895502849931797,prosody
FEA,prosody_shimmer_apq5,0.023072860635739583,prosody
FEA,prosody_shimmer_apq11,0.019104464777667463,prosody
FEA,prosody_shimmer_dda,0.005874550407539952,prosody
FEA,prosody_hnr_mean,0.09582856389243155,prosody
FEA,prosody_hnr_std,0.037364135733399056,prosody
FEA,prosody_hnr_min,0.09683853979094546,prosody
FEA,prosody_hnr_max,0.036832617620453784,prosody
FEA,prosody_hnr_median,0.06330539552536325,prosody
FEA,prosody_f1_mean,0.052390639958429526,prosody
FEA,prosody_f1_std,0.008875935092170717,prosody
FEA,prosody_f1_median,0.01977791259317756,prosody
FEA,prosody_f1_bw_median,0.30079788525021656,prosody
FEA,prosody_f2_mean,0.048481056775394514,prosody
FEA,prosody_f2_std,0.039864814491626446,prosody
FEA,prosody_f2_median,0.02880268429255844,prosody
FEA,prosody_f2_bw_median,0.017335414926383578,prosody
FEA,prosody_f3_mean,0.00898015716459683,prosody
FEA,prosody_f3_std,0.009704832954793643,prosody
FEA,prosody_f3_median,0.015120472348273696,prosody
FEA,prosody_f3_bw_median,0.020908074169026177,prosody
FEA,prosody_f4_mean,0.012778981252336067,prosody
FEA,prosody_f4_std,0.024547566016263785,prosody
FEA,prosody_f4_median,0.1153992971655507,prosody
FEA,prosody_f5_mean,0.014289380052051699,prosody
FEA,prosody_f5_std,0.02035829651411538,prosody
FEA,prosody_f5_median,0.01871222923909566,prosody
FEA,prosody_intensity_mean,0.019351149790177512,prosody
FEA,prosody_intensity_std,0.08209035365345194,prosody
FEA,prosody_intensity_min,0.030081021889551363,prosody
FEA,prosody_intensity_max,0.011381473533849946,prosody
FEA,prosody_intensity_median,0.04075482363797802,prosody
FEA,prosody_intensity_iqr,0.10960162645491738,prosody
FEA,prosody_intensity_skew,0.007510995187082545,prosody
FEA,prosody_intensity_kurt,0.05512481691855647,prosody
FEA,prosody_cpps,0.10901267244243852,prosody
HAP,duration_s,0.5692778290917295,other
HAP,peak_amplitude,0.04123628907206163,other
HAP,spectral_centroid_mean,0.005265218174657895,spectral
HAP,spectral_centroid_std,0.005623259957454225,spectral
HAP,spectral_centroid_min,0.03479467093521748,spectral
HAP,spectral_centroid_max,0.0037808131926758116,spectral
HAP,spectral_centroid_median,0.01957324763157763,spectral
HAP,spectral_centroid_iqr,0.01925708907310583,spectral
HAP,spectral_centroid_skew,0.013469207784691947,spectral
HAP,spectral_centroid_kurt,0.019122215055745895,spectral
HAP,spectral_bandwidth_mean,0.010195545206009954,spectral
HAP,spectral_bandwidth_std,0.010431823733294054,spectral
HAP,spectral_bandwidth_min,0.020392737227093363,spectral
HAP,spectral_bandwidth_max,0.08443732401122526,spectral
HAP,spectral_bandwidth_median,0.008348136531798096,spectral
HAP,spectral_bandwidth_iqr,0.0070232290596060135,spectral
HAP,spectral_bandwidth_skew,0.04035455911583829,spectral
HAP,spectral_bandwidth_kurt,0.05662564831776766,spectral
HAP,spectral_rolloff85_mean,0.00413911149522265,spectral
HAP,spectral_rolloff85_std,0.005863901402985574,spectral
HAP,spectral_rolloff85_min,0.003482755305227346,spectral
HAP,spectral_rolloff85_max,0.015137897469397865,spectral
HAP,spectral_rolloff85_median,0.0069759847191543135,spectral
HAP,spectral_rolloff85_iqr,0.004802527491650324,spectral
HAP,spectral_rolloff85_skew,0.005974622230766714,spectral
HAP,spectral_rolloff85_kurt,0.01352211542328189,spectral
HAP,spectral_rolloff95_mean,0.008905214373558897,spectral
HAP,spectral_rolloff95_std,0.022108238641011992,spectral
HAP,spectral_rolloff95_min,0.002699746508231943,spectral
HAP,spectral_rolloff95_max,0.00904258069424475,spectral
HAP,spectral_rolloff95_median,0.006804443961248645,spectral
HAP,spectral_rolloff95_iqr,0.005468832580470998,spectral
HAP,spectral_rolloff95_skew,0.009891899627894118,spectral
HAP,spectral_rolloff95_kurt,0.015774167247934727,spectral
HAP,spectral_flatness_mean,0.024119953817688874,spectral
HAP,spectral_flatness_std,0.020409945027132923,spectral
HAP,spectral_flatness_min,0.057385509742216644,spectral
HAP,spectral_flatness_max,0.011114616350795636,spectral
HAP,spectral_flatness_median,0.01458748200210452,spectral
HAP,spectral_flatness_iqr,0.028490623893978023,spectral
HAP,spectral_flatness_skew,0.055267054744319505,spectral
HAP,spectral_flatness_kurt,0.08088471985180073,spectral
HAP,spectral_zcr_mean,0.0073734646600472865,spectral
HAP,spectral_zcr_std,0.017967843339713664,spectral
HAP,spectral_zcr_min,0.0033242976655188695,spectral
HAP,spectral_zcr_max,0.004841194002887578,spectral
HAP,spectral_zcr_median,0.003341291473827738,spectral
HAP,spectral_zcr_iqr,0.008216027815630212,spectral
HAP,spectral_zcr_skew,0.0055058362692243954,spectral
HAP,spectral_zcr_kurt,0.004550106093933989,spectral
HAP,spectral_rms_mean,0.09129044577280869,spectral
HAP,spectral_rms_std,0.09667499291955634,spectral
HAP,spectral_rms_min,0.07220643268816214,spectral
HAP,spectral_rms_max,0.015592359591733246,spectral
HAP,spectral_rms_median,0.053887747247624136,spectral
HAP,spectral_rms_iqr,0.01566782835229536,spectral
HAP,spectral_rms_skew,0.010887312779388253,spectral
HAP,spectral_rms_kurt,0.006733696200756392,spectral
HAP,spectral_flux_mean,0.017173349923927866,spectral
HAP,spectral_flux_std,0.24103983949122262,spectral
HAP,spectral_flux_min,0.02413386603928752,spectral
HAP,spectral_flux_max,0.01729902211264585,spectral
HAP,spectral_flux_median,0.02168422666077511,spectral
HAP,spectral_flux_iqr,0.12381324856676768,spectral
HAP,spectral_flux_skew,0.010849121947830635,spectral
HAP,spectral_flux_kurt,0.008108659403526237,spectral
HAP,spectral_entropy_mean,0.014305575618883657,spectral
HAP,spectral_entropy_std,0.009608638816482317,spectral
HAP,spectral_entropy_min,0.011251705518403831,spectral
HAP,spectral_entropy_max,0.030222115921778467,spectral
HAP,spectral_entropy_median,0.014211899390110106,spectral
HAP,spectral_entropy_iqr,0.04875906351398185,spectral
HAP,spectral_entropy_skew,0.012758139471296864,spectral
HAP,spectral_entropy_kurt,0.007967736671391041,spectral
HAP,spectral_slope_mean,0.02316767208697285,spectral
HAP,spectral_slope_std,0.02500023856700001,spectral
HAP,spectral_slope_min,0.03674990079691537,spectral
HAP,spectral_slope_max,0.04893549275734809,spectral
HAP,spectral_slope_median,0.029709920715235625,spectral
HAP,spectral_slope_iqr,0.01917660926391426,spectral
HAP,spectral_slope_skew,0.011486840086886801,spectral
HAP,spectral_slope_kurt,0.01495189593161374,spectral
HAP,spectral_band_0_500_mean,0.01412534346457796,spectral
HAP,spectral_band_0_500_std,0.019742266407770485,spectral
HAP,spectral_band_500_1000_mean,0.008672444138883904,spectral
HAP,spectral_band_500_1000_std,0.027438614791571756,spectral
HAP,spectral_band_1000_2000_mean,0.06126711885804521,spectral
HAP,spectral_band_1000_2000_std,0.013881152652661538,spectral
HAP,spectral_band_2000_3000_mean,0.04754392175144629,spectral
HAP,spectral_band_2000_3000_std,0.021372460380073583,spectral
HAP,spectral_band_3000_4000_mean,0.0639216169500312,spectral
HAP,spectral_band_3000_4000_std,0.20741629478822066,spectral
HAP,spectral_band_4000_5000_mean,0.07284074457686587,spectral
HAP,spectral_band_4000_5000_std,0.2070399835109398,spectral
HAP,spectral_band_5000_6000_mean,0.020970004419522726,spectral
HAP,spectral_band_5000_6000_std,0.007853802523635349,spectral
HAP,spectral_band_6000_8000_mean,0.008525009428911086,spectral
HAP,spectral_band_6000_8000_std,0.01090595154060716,spectral
HAP,spectral_hf_ratio_4000_mean,0.0028250323721398475,spectral
HAP,spectral_hf_ratio_4000_std,0.005828429872366375,spectral
HAP,spectral_hf_ratio_6000_mean,0.005694154941596672,spectral
HAP,spectral_hf_ratio_6000_std,0.006497363910452386,spectral
HAP,spectral_contrast_0_mean,0.04910920808832008,spectral
HAP,spectral_contrast_0_std,0.025872440783392764,spectral
HAP,spectral_contrast_1_mean,0.02339475726753713,spectral
HAP,spectral_contrast_1_std,0.009788228543012582,spectral
HAP,spectral_contrast_2_mean,0.023858686451255946,spectral
HAP,spectral_contrast_2_std,0.03661025237691711,spectral
HAP,spectral_contrast_3_mean,0.0056641904921602175,spectral
HAP,spectral_contrast_3_std,0.017430032006276262,spectral
HAP,spectral_contrast_4_mean,0.031998271046253454,spectral
HAP,spectral_contrast_4_std,0.1424466219026766,spectral
HAP,spectral_contrast_5_mean,0.01620022772428081,spectral
HAP,spectral_contrast_5_std,0.015806265625726925,spectral
HAP,spectral_contrast_6_mean,0.034087533202785604,spectral
HAP,spectral_contrast_6_std,0.021174243774998245,spectral
HAP,mfcc_00_mean,0.02619548738958573,mfcc
HAP,mfcc_00_std,0.10131340155858638,mfcc
HAP,mfcc_00_min,0.05478210472731264,mfcc
HAP,mfcc_00_max,0.020262074424065708,mfcc
HAP,mfcc_00_median,0.07461079537446541,mfcc
HAP,mfcc_00_iqr,0.0927977183342896,mfcc
HAP,mfcc_00_skew,0.009098583235066378,mfcc
HAP,mfcc_00_kurt,0.01220264027422541,mfcc
HAP,mfcc_01_mean,0.0155354805463714,mfcc
HAP,mfcc_01_std,0.046457456561415804,mfcc
HAP,mfcc_01_min,0.0417575376447994,mfcc
HAP,mfcc_01_max,0.02805741371847884,mfcc
HAP,mfcc_01_median,0.01608208550471102,mfcc
HAP,mfcc_01_iqr,0.014856737122479396,mfcc
HAP,mfcc_01_skew,0.010992851994713613,mfcc
HAP,mfcc_01_kurt,0.012332618568089596,mfcc
HAP,mfcc_02_mean,0.005842364572517733,mfcc
HAP,mfcc_02_std,0.01486976275075774,mfcc
HAP,mfcc_02_min,0.01788962916844103,mfcc
HAP,mfcc_02_max,0.05767831695985978,mfcc
HAP,mfcc_02_median,0.03691577772748759,mfcc
HAP,mfcc_02_iqr,0.009052600685025367,mfcc
HAP,mfcc_02_skew,0.01622842906653208,mfcc
HAP,mfcc_02_kurt,0.010891771644652475,mfcc
HAP,mfcc_03_mean,0.13345829595745945,mfcc
HAP,mfcc_03_std,0.03312983710037706,mfcc
HAP,mfcc_03_min,0.01224710386543252,mfcc
HAP,mfcc_03_max,0.02748216044689011,mfcc
HAP,mfcc_03_median,0.011112285445697754,mfcc
HAP,mfcc_03_iqr,0.02735844275627592,mfcc
HAP,mfcc_03_skew,0.010993134987815812,mfcc
HAP,mfcc_03_kurt,0.00960245759013387,mfcc
HAP,mfcc_04_mean,0.02112010179085874,mfcc
HAP,mfcc_04_std,0.053212705614201314,mfcc
HAP,mfcc_04_min,0.015766585833889783,mfcc
HAP,mfcc_04_max,0.0943199228916213,mfcc
HAP,mfcc_04_median,0.08075992454387336,mfcc
HAP,mfcc_04_iqr,0.018293082767990135,mfcc
HAP,mfcc_04_skew,0.01647882812791537,mfcc
HAP,mfcc_04_kurt,0.030117881082541913,mfcc
HAP,mfcc_05_mean,0.012111962275891857,mfcc
HAP,mfcc_05_std,0.019001248103255534,mfcc
HAP,mfcc_05_min,0.04041432125010257,mfcc
HAP,mfcc_05_max,0.07322904194483901,mfcc
HAP,mfcc_05_median,0.01080519731897229,mfcc
HAP,mfcc_05_iqr,0.01130722205210677,mfcc
HAP,mfcc_05_skew,0.015991810241295045,mfcc
HAP,mfcc_05_kurt,0.014147691867562023,mfcc
HAP,mfcc_06_mean,0.03894738092127096,mfcc
HAP,mfcc_06_std,0.009402239224118928,mfcc
HAP,mfcc_06_min,0.016509027653247233,mfcc
HAP,mfcc_06_max,0.03191241951454179,mfcc
HAP,mfcc_06_median,0.09582615638213532,mfcc
HAP,mfcc_06_iqr,0.02227970611650254,mfcc
HAP,mfcc_06_skew,0.019400980530444867,mfcc
HAP,mfcc_06_kurt,0.01326237947418035,mfcc
HAP,mfcc_07_mean,0.005884183888333607,mfcc
HAP,mfcc_07_std,0.016230840439616753,mfcc
HAP,mfcc_07_min,0.05508097707520766,mfcc
HAP,mfcc_07_max,0.008206109755501956,mfcc
HAP,mfcc_07_median,0.01757657178022933,mfcc
HAP,mfcc_07_iqr,0.05561538443936765,mfcc
HAP,mfcc_07_skew,0.04427494551474806,mfcc
HAP,mfcc_07_kurt,0.03068894537784822,mfcc
HAP,mfcc_08_mean,0.011211145429792147,mfcc
HAP,mfcc_08_std,0.01050483597816648,mfcc
HAP,mfcc_08_min,0.008042113241069996,mfcc
HAP,mfcc_08_max,0.058126965889799605,mfcc
HAP,mfcc_08_median,0.010455980475702734,mfcc
HAP,mfcc_08_iqr,0.013310394465898599,mfcc
HAP,mfcc_08_skew,0.02224187297321877,mfcc
HAP,mfcc_08_kurt,0.009571964259208391,mfcc
HAP,mfcc_09_mean,0.026042400387329273,mfcc
HAP,mfcc_09_std,0.012855518639624067,mfcc
HAP,mfcc_09_min,0.01872789130404159,mfcc
HAP,mfcc_09_max,0.02221521955318235,mfcc
HAP,mfcc_09_median,0.01497633082800866,mfcc
HAP,mfcc_09_iqr,0.012833682260271167,mfcc
HAP,mfcc_09_skew,0.009694442646647766,mfcc
HAP,mfcc_09_kurt,0.020782546859015916,mfcc
HAP,mfcc_10_mean,0.016361027839888697,mfcc
HAP,mfcc_10_std,0.018365291882173892,mfcc
HAP,mfcc_10_min,0.043471444781053255,mfcc
HAP,mfcc_10_max,0.009907703220449697,mfcc
HAP,mfcc_10_median,0.021479159548915612,mfcc
HAP,mfcc_10_iqr,0.02149419354897694,mfcc
HAP,mfcc_10_skew,0.023436248319212975,mfcc
HAP,mfcc_10_kurt,0.011022588292633124,mfcc
HAP,mfcc_11_mean,0.009450987518578806,mfcc
HAP,mfcc_11_std,0.013966934542791272,mfcc
HAP,mfcc_11_min,0.010715575439969156,mfcc
HAP,mfcc_11_max,0.015407611057167502,mfcc
HAP,mfcc_11_median,0.027694367413442323,mfcc
HAP,mfcc_11_iqr,0.012342210669671694,mfcc
HAP,mfcc_11_skew,0.026028450731576697,mfcc
HAP,mfcc_11_kurt,0.04078461631479606,mfcc
HAP,mfcc_12_mean,0.01804830259188709,mfcc
HAP,mfcc_12_std,0.009991499684033338,mfcc
HAP,mfcc_12_min,0.009292660473603886,mfcc
HAP,mfcc_12_max,0.02943148189623027,mfcc
HAP,mfcc_12_median,0.019048748616665407,mfcc
HAP,mfcc_12_iqr,0.01205509029943466,mfcc
HAP,mfcc_12_skew,0.011827354713779215,mfcc
HAP,mfcc_12_kurt,0.030454436675926278,mfcc
HAP,mfcc_13_mean,0.03668352056929604,mfcc
HAP,mfcc_13_std,0.015266890079217561,mfcc
HAP,mfcc_13_min,0.03709071148083268,mfcc
HAP,mfcc_13_max,0.01786487968741676,mfcc
HAP,mfcc_13_median,0.056292111970545615,mfcc
HAP,mfcc_13_iqr,0.005950797464766524,mfcc
HAP,mfcc_13_skew,0.02433395317298481,mfcc
HAP,mfcc_13_kurt,0.023049585873931678,mfcc
HAP,mfcc_14_mean,0.007861948322912303,mfcc
HAP,mfcc_14_std,0.011820372380584072,mfcc
HAP,mfcc_14_min,0.010012909600410924,mfcc
HAP,mfcc_14_max,0.025525255806119706,mfcc
HAP,mfcc_14_median,0.00652412556474119,mfcc
HAP,mfcc_14_iqr,0.05237794924880439,mfcc
HAP,mfcc_14_skew,0.013760388075076744,mfcc
HAP,mfcc_14_kurt,0.015586252553356147,mfcc
HAP,mfcc_15_mean,0.008052565676964283,mfcc
HAP,mfcc_15_std,0.016122646826269103,mfcc
HAP,mfcc_15_min,0.011928001292857354,mfcc
HAP,mfcc_15_max,0.010816778540423684,mfcc
HAP,mfcc_15_median,0.0069967763388036185,mfcc
HAP,mfcc_15_iqr,0.007917018462021254,mfcc
HAP,mfcc_15_skew,0.020285884302544195,mfcc
HAP,mfcc_15_kurt,0.024601439759276034,mfcc
HAP,mfcc_16_mean,0.029502129292940004,mfcc
HAP,mfcc_16_std,0.014514710437774718,mfcc
HAP,mfcc_16_min,0.010698144838232476,mfcc
HAP,mfcc_16_max,0.06238681847171928,mfcc
HAP,mfcc_16_median,0.03356134705054738,mfcc
HAP,mfcc_16_iqr,0.009572528957598121,mfcc
HAP,mfcc_16_skew,0.043566199317258476,mfcc
HAP,mfcc_16_kurt,0.019990272487659673,mfcc
HAP,mfcc_17_mean,0.008051473210762397,mfcc
HAP,mfcc_17_std,0.025337664928611944,mfcc
HAP,mfcc_17_min,0.013695425967434787,mfcc
HAP,mfcc_17_max,0.019697300925536572,mfcc
HAP,mfcc_17_median,0.011585278721350917,mfcc
HAP,mfcc_17_iqr,0.013330763900130166,mfcc
HAP,mfcc_17_skew,0.014245082533798496,mfcc
HAP,mfcc_17_kurt,0.015910910409201208,mfcc
HAP,mfcc_18_mean,0.007643972052322579,mfcc
HAP,mfcc_18_std,0.018939669690787884,mfcc
HAP,mfcc_18_min,0.004144774281412397,mfcc
HAP,mfcc_18_max,0.010972797052836453,mfcc
HAP,mfcc_18_median,0.018180335521520437,mfcc
HAP,mfcc_18_iqr,0.0077960184604414316,mfcc
HAP,mfcc_18_skew,0.01328966020297615,mfcc
HAP,mfcc_18_kurt,0.012180275494714279,mfcc
HAP,mfcc_19_mean,0.015106290035536553,mfcc
HAP,mfcc_19_std,0.010999896475515105,mfcc
HAP,mfcc_19_min,0.012707460887720687,mfcc
HAP,mfcc_19_max,0.06846261311609242,mfcc
HAP,mfcc_19_median,0.039946426458595925,mfcc
HAP,mfcc_19_iqr,0.03508902187397906,mfcc
HAP,mfcc_19_skew,0.027135344998777657,mfcc
HAP,mfcc_19_kurt,0.07321511320494728,mfcc
HAP,mfcc_d1_00_mean,0.014350577743851707,mfcc
HAP,mfcc_d1_00_std,0.03783573687914896,mfcc
HAP,mfcc_d2_00_mean,0.011474033115407402,mfcc
HAP,mfcc_d2_00_std,0.3514630800096087,mfcc
HAP,mfcc_d1_01_mean,0.09368465367252227,mfcc
HAP,mfcc_d1_01_std,0.10832778943649374,mfcc
HAP,mfcc_d2_01_mean,0.013543407972799227,mfcc
HAP,mfcc_d2_01_std,0.02564682711201853,mfcc
HAP,mfcc_d1_02_mean,0.04136398003467185,mfcc
HAP,mfcc_d1_02_std,0.14071417105908487,mfcc
HAP,mfcc_d2_02_mean,0.019458821313533447,mfcc
HAP,mfcc_d2_02_std,0.014596405448079232,mfcc
HAP,mfcc_d1_03_mean,0.011190065752527229,mfcc
HAP,mfcc_d1_03_std,0.020007212033958208,mfcc
HAP,mfcc_d2_03_mean,0.021246140045662158,mfcc
HAP,mfcc_d2_03_std,0.04909911790259946,mfcc
HAP,mfcc_d1_04_mean,0.0292834179149226,mfcc
HAP,mfcc_d1_04_std,0.025828013347470542,mfcc
HAP,mfcc_d2_04_mean,0.023604604057749667,mfcc
HAP,mfcc_d2_04_std,0.0208678214412195,mfcc
HAP,mfcc_d1_05_mean,0.02384149510185348,mfcc
HAP,mfcc_d1_05_std,0.02414080105760213,mfcc
HAP,mfcc_d2_05_mean,0.018441790065842224,mfcc
HAP,mfcc_d2_05_std,0.03368127671394481,mfcc
HAP,mfcc_d1_06_mean,0.050820958314569134,mfcc
HAP,mfcc_d1_06_std,0.01657178999342257,mfcc
HAP,mfcc_d2_06_mean,0.03000760363994325,mfcc
HAP,mfcc_d2_06_std,0.01954835917710268,mfcc
HAP,mfcc_d1_07_mean,0.020512048907951382,mfcc
HAP,mfcc_d1_07_std,0.021040187191727823,mfcc
HAP,mfcc_d2_07_mean,0.00973335469986864,mfcc
HAP,mfcc_d2_07_std,0.027848368687432165,mfcc
HAP,mfcc_d1_08_mean,0.017061629194617678,mfcc
HAP,mfcc_d1_08_std,0.009372632551556254,mfcc
HAP,mfcc_d2_08_mean,0.020874053039800628,mfcc
HAP,mfcc_d2_08_std,0.055548596414212455,mfcc
HAP,mfcc_d1_09_mean,0.014975354378897153,mfcc
HAP,mfcc_d1_09_std,0.02372846281062707,mfcc
HAP,mfcc_d2_09_mean,0.00845431922125281,mfcc
HAP,mfcc_d2_09_std,0.11305245068837388,mfcc
HAP,mfcc_d1_10_mean,0.0392782657858858,mfcc
HAP,mfcc_d1_10_std,0.02047765578832956,mfcc
HAP,mfcc_d2_10_mean,0.01157799577604118,mfcc
HAP,mfcc_d2_10_std,0.01499750153824996,mfcc
HAP,mfcc_d1_11_mean,0.06072019633852899,mfcc
HAP,mfcc_d1_11_std,0.017313546277118726,mfcc
HAP,mfcc_d2_11_mean,0.027530378264052042,mfcc
HAP,mfcc_d2_11_std,0.008277553296794967,mfcc
HAP,mfcc_d1_12_mean,0.017909650164911525,mfcc
HAP,mfcc_d1_12_std,0.016174463478522406,mfcc
HAP,mfcc_d2_12_mean,0.07035374580482255,mfcc
HAP,mfcc_d2_12_std,0.04915243835503462,mfcc
HAP,mfcc_d1_13_mean,0.03256179536524003,mfcc
HAP,mfcc_d1_13_std,0.017020014883729194,mfcc
HAP,mfcc_d2_13_mean,0.030373255278965696,mfcc
HAP,mfcc_d2_13_std,0.04756410137270519,mfcc
HAP,mfcc_d1_14_mean,0.019476317765405107,mfcc
HAP,mfcc_d1_14_std,0.0607264727720147,mfcc
HAP,mfcc_d2_14_mean,0.018087691788904164,mfcc
HAP,mfcc_d2_14_std,0.06259417178739726,mfcc
HAP,mfcc_d1_15_mean,0.014549088836539091,mfcc
HAP,mfcc_d1_15_std,0.014379892295147082,mfcc
HAP,mfcc_d2_15_mean,0.020095922584449706,mfcc
HAP,mfcc_d2_15_std,0.017611918853245045,mfcc
HAP,mfcc_d1_16_mean,0.007671056339862978,mfcc
HAP,mfcc_d1_16_std,0.017403795202754476,mfcc
HAP,mfcc_d2_16_mean,0.013659799185915495,mfcc
HAP,mfcc_d2_16_std,0.010260621106296514,mfcc
HAP,mfcc_d1_17_mean,0.028658632289503813,mfcc
HAP,mfcc_d1_17_std,0.0340200839665799,mfcc
HAP,mfcc_d2_17_mean,0.011334066216556806,mfcc
HAP,mfcc_d2_17_std,0.021191711947912625,mfcc
HAP,mfcc_d1_18_mean,0.013982860126140887,mfcc
HAP,mfcc_d1_18_std,0.01750853898295819,mfcc
HAP,mfcc_d2_18_mean,0.012397402118324545,mfcc
HAP,mfcc_d2_18_std,0.023736805522685825,mfcc
HAP,mfcc_d1_19_mean,0.006919747640957634,mfcc
HAP,mfcc_d1_19_std,0.02399525110638814,mfcc
HAP,mfcc_d2_19_mean,0.07615984167063641,mfcc
HAP,mfcc_d2_19_std,0.017948003905198795,mfcc
HAP,chroma_00_mean,0.006540886193476508,chroma
HAP,chroma_00_std,0.031643305618414,chroma
HAP,chroma_01_mean,0.03157153890785555,chroma
HAP,chroma_01_std,0.012749702675396924,chroma
HAP,chroma_02_mean,0.03163013562239273,chroma
HAP,chroma_02_std,0.01122244506694629,chroma
HAP,chroma_03_mean,0.013153601861580797,chroma
HAP,chroma_03_std,0.021699484315567237,chroma
HAP,chroma_04_mean,0.00883580927443935,chroma
HAP,chroma_04_std,0.012439384175815082,chroma
HAP,chroma_05_mean,0.026909651399511195,chroma
HAP,chroma_05_std,0.008027287959063899,chroma
HAP,chroma_06_mean,0.04588720783600154,chroma
HAP,chroma_06_std,0.011114370870528018,chroma
HAP,chroma_07_mean,0.028965163703194286,chroma
HAP,chroma_07_std,0.005133750733331673,chroma
HAP,chroma_08_mean,0.006648536066449216,chroma
HAP,chroma_08_std,0.05505248381652044,chroma
HAP,chroma_09_mean,0.010580172013677171,chroma
HAP,chroma_09_std,0.00805276787854706,chroma
HAP,chroma_10_mean,0.010139663526585225,chroma
HAP,chroma_10_std,0.014667280375108081,chroma
HAP,chroma_11_mean,0.006645056646711355,chroma
HAP,chroma_11_std,0.033361691951794364,chroma
HAP,prosody_f0_mean,0.05805076585589044,prosody
HAP,prosody_f0_std,0.3509221481587088,prosody
HAP,prosody_f0_min,0.05699964901999871,prosody
HAP,prosody_f0_max,0.04981548642754017,prosody
HAP,prosody_f0_median,0.022753485472128562,prosody
HAP,prosody_f0_iqr,0.3832059685707988,prosody
HAP,prosody_f0_skew,0.06389867876149127,prosody
HAP,prosody_f0_kurt,0.04492394591061628,prosody
HAP,prosody_voiced_fraction,0.0061656296174208355,prosody
HAP,prosody_f0_slope_abs_mean,0.09121178685449736,prosody
HAP,prosody_n_voiced_segments,0.00479219220207025,prosody
HAP,prosody_voiced_rate_per_s,0.015997681304067823,prosody
HAP,prosody_mean_voiced_seg_s,0.024629885547190703,prosody
HAP,prosody_pause_fraction,0.00665447735655229,prosody
HAP,prosody_jitter_local,0.03521620579231057,prosody
HAP,prosody_jitter_rap,0.014592032472747197,prosody
HAP,prosody_jitter_ppq5,0.037750113424663924,prosody
HAP,prosody_jitter_ddp,0.008204021045175204,prosody
HAP,prosody_shimmer_local,0.018727096413367957,prosody
HAP,prosody_shimmer_localdb,0.04091655639814578,prosody
HAP,prosody_shimmer_apq3,0.015767705512091574,prosody
HAP,prosody_shimmer_apq5,0.011616894986530553,prosody
HAP,prosody_shimmer_apq11,0.020847311630430018,prosody
HAP,prosody_shimmer_dda,0.004577114641783318,prosody
HAP,prosody_hnr_mean,0.018925080681885927,prosody
HAP,prosody_hnr_std,0.07486918038535036,prosody
HAP,prosody_hnr_min,0.011169520333505677,prosody
HAP,prosody_hnr_max,0.01998872501449171,prosody
HAP,prosody_hnr_median,0.026400761215782192,prosody
HAP,prosody_f1_mean,0.008759228499491754,prosody
HAP,prosody_f1_std,0.03928329251791614,prosody
HAP,prosody_f1_median,0.03218872644729215,prosody
HAP,prosody_f1_bw_median,0.005315870672473345,prosody
HAP,prosody_f2_mean,0.033897222501791606,prosody
HAP,prosody_f2_std,0.03724823631033935,prosody
HAP,prosody_f2_median,0.028428110835854965,prosody
HAP,prosody_f2_bw_median,0.03190503096458169,prosody
HAP,prosody_f3_mean,0.017032524104855798,prosody
HAP,prosody_f3_std,0.017218360507719875,prosody
HAP,prosody_f3_median,0.02317679028796007,prosody
HAP,prosody_f3_bw_median,0.16217792367338943,prosody
HAP,prosody_f4_mean,0.0104008614240407,prosody
HAP,prosody_f4_std,0.01144149057291865,prosody
HAP,prosody_f4_median,0.008546104604711021,prosody
HAP,prosody_f5_mean,0.011281955027627088,prosody
HAP,prosody_f5_std,0.009715809588484094,prosody
HAP,prosody_f5_median,0.005887730354714548,prosody
HAP,prosody_intensity_mean,0.03787196498569525,prosody
HAP,prosody_intensity_std,0.26605368430739873,prosody
HAP,prosody_intensity_min,0.13073371672761253,prosody
HAP,prosody_intensity_max,0.045377665720664616,prosody
HAP,prosody_intensity_median,0.020692982257653945,prosody
HAP,prosody_intensity_iqr,0.22973561741441492,prosody
HAP,prosody_intensity_skew,0.040645157881850365,prosody
HAP,prosody_intensity_kurt,0.15965160455094943,prosody
HAP,prosody_cpps,0.01172648464167558,prosody
NEU,duration_s,0.43041831076363657,other
NEU,peak_amplitude,0.006801446887292914,other
NEU,spectral_centroid_mean,0.004000814820752198,spectral
NEU,spectral_centroid_std,0.006281457096727288,spectral
NEU,spectral_centroid_min,0.031246536156095094,spectral
NEU,spectral_centroid_max,0.010178136691864584,spectral
NEU,spectral_centroid_median,0.0118058996672142,spectral
NEU,spectral_centroid_iqr,0.015636530398103733,spectral
NEU,spectral_centroid_skew,0.009874730479397353,spectral
NEU,spectral_centroid_kurt,0.007817018841435682,spectral
NEU,spectral_bandwidth_mean,0.004038512439350515,spectral
NEU,spectral_bandwidth_std,0.011678970210839152,spectral
NEU,spectral_bandwidth_min,0.03367642333781614,spectral
NEU,spectral_bandwidth_max,0.014260865802590643,spectral
NEU,spectral_bandwidth_median,0.03608455862068204,spectral
NEU,spectral_bandwidth_iqr,0.013599086742264068,spectral
NEU,spectral_bandwidth_skew,0.007136280356746673,spectral
NEU,spectral_bandwidth_kurt,0.009426308438202516,spectral
NEU,spectral_rolloff85_mean,0.0036218805301351273,spectral
NEU,spectral_rolloff85_std,0.005969789876843094,spectral
NEU,spectral_rolloff85_min,0.002073726109469535,spectral
NEU,spectral_rolloff85_max,0.007668253696995313,spectral
NEU,spectral_rolloff85_median,0.0048899598461829424,spectral
NEU,spectral_rolloff85_iqr,0.003389540696679024,spectral
NEU,spectral_rolloff85_skew,0.008675484771034388,spectral
NEU,spectral_rolloff85_kurt,0.016861072586532366,spectral
NEU,spectral_rolloff95_mean,0.00855196828023808,spectral
NEU,spectral_rolloff95_std,0.0070796534388440835,spectral
NEU,spectral_rolloff95_min,0.0019277734413333447,spectral
NEU,spectral_rolloff95_max,0.016896217253835694,spectral
NEU,spectral_rolloff95_median,0.002816316087868502,spectral
NEU,spectral_rolloff95_iqr,0.013589594635281829,spectral
NEU,spectral_rolloff95_skew,0.015036803819677326,spectral
NEU,spectral_rolloff95_kurt,0.013373409981717564,spectral
NEU,spectral_flatness_mean,0.009417913632828392,spectral
NEU,spectral_flatness_std,0.013462079090627892,spectral
NEU,spectral_flatness_min,0.015050497369538908,spectral
NEU,spectral_flatness_max,0.011649954877519075,spectral
NEU,spectral_flatness_median,0.028086031059381504,spectral
NEU,spectral_flatness_iqr,0.035825003360091145,spectral
NEU,spectral_flatness_skew,0.008711941229804994,spectral
NEU,spectral_flatness_kurt,0.010583221358036084,spectral
NEU,spectral_zcr_mean,0.010624141618560665,spectral
NEU,spectral_zcr_std,0.0023334600633836975,spectral
NEU,spectral_zcr_min,0.002730642727618675,spectral
NEU,spectral_zcr_max,0.001425898540549812,spectral
NEU,spectral_zcr_median,0.030081076950904607,spectral
NEU,spectral_zcr_iqr,0.00781791897787511,spectral
NEU,spectral_zcr_skew,0.007007947324580748,spectral
NEU,spectral_zcr_kurt,0.005025463872831342,spectral
NEU,spectral_rms_mean,0.030435661979128455,spectral
NEU,spectral_rms_std,0.035197957276058386,spectral
NEU,spectral_rms_min,0.004789849236073908,spectral
NEU,spectral_rms_max,0.00959156130596629,spectral
NEU,spectral_rms_median,0.05391158290127941,spectral
NEU,spectral_rms_iqr,0.01005593380163099,spectral
NEU,spectral_rms_skew,0.009677815758900402,spectral
NEU,spectral_rms_kurt,0.005382316762792496,spectral
NEU,spectral_flux_mean,0.0072304538321208865,spectral
NEU,spectral_flux_std,0.3394033902881918,spectral
NEU,spectral_flux_min,0.07559032170749652,spectral
NEU,spectral_flux_max,0.010670518523283585,spectral
NEU,spectral_flux_median,0.0068314543391367714,spectral
NEU,spectral_flux_iqr,0.18362649092613403,spectral
NEU,spectral_flux_skew,0.006553335257959363,spectral
NEU,spectral_flux_kurt,0.0060410180904544985,spectral
NEU,spectral_entropy_mean,0.040990341410321665,spectral
NEU,spectral_entropy_std,0.019851814295269193,spectral
NEU,spectral_entropy_min,0.03128454791091585,spectral
NEU,spectral_entropy_max,0.008967350417729532,spectral
NEU,spectral_entropy_median,0.031879115919061896,spectral
NEU,spectral_entropy_iqr,0.024347693402358612,spectral
NEU,spectral_entropy_skew,0.03735424804200265,spectral
NEU,spectral_entropy_kurt,0.013263739725378254,spectral
NEU,spectral_slope_mean,0.006308078760884045,spectral
NEU,spectral_slope_std,0.06449664748568594,spectral
NEU,spectral_slope_min,0.010988581698368423,spectral
NEU,spectral_slope_max,0.0063431974837271235,spectral
NEU,spectral_slope_median,0.017709580326813742,spectral
NEU,spectral_slope_iqr,0.008095341605484514,spectral
NEU,spectral_slope_skew,0.008268296804316276,spectral
NEU,spectral_slope_kurt,0.007840618812659905,spectral
NEU,spectral_band_0_500_mean,0.011419965999102395,spectral
NEU,spectral_band_0_500_std,0.007686862505309823,spectral
NEU,spectral_band_500_1000_mean,0.04890946475985861,spectral
NEU,spectral_band_500_1000_std,0.026646580250168455,spectral
NEU,spectral_band_1000_2000_mean,0.07363847616309735,spectral
NEU,spectral_band_1000_2000_std,0.20423106801763263,spectral
NEU,spectral_band_2000_3000_mean,0.09916514441914756,spectral
NEU,spectral_band_2000_3000_std,0.10005670174398344,spectral
NEU,spectral_band_3000_4000_mean,0.00690293786293083,spectral
NEU,spectral_band_3000_4000_std,0.007938295736807361,spectral
NEU,spectral_band_4000_5000_mean,0.0043295270952340165,spectral
NEU,spectral_band_4000_5000_std,0.019759372733088986,spectral
NEU,spectral_band_5000_6000_mean,0.019781880758491167,spectral
NEU,spectral_band_5000_6000_std,0.010185158440380393,spectral
NEU,spectral_band_6000_8000_mean,0.004534007304372533,spectral
NEU,spectral_band_6000_8000_std,0.003953108906437585,spectral
NEU,spectral_hf_ratio_4000_mean,0.0032421937892792496,spectral
NEU,spectral_hf_ratio_4000_std,0.005127782789599468,spectral
NEU,spectral_hf_ratio_6000_mean,0.0014044079455247018,spectral
NEU,spectral_hf_ratio_6000_std,0.003095103264660501,spectral
NEU,spectral_contrast_0_mean,0.016792140736399796,spectral
NEU,spectral_contrast_0_std,0.006255357127936271,spectral
NEU,spectral_contrast_1_mean,0.16159092161209648,spectral
NEU,spectral_contrast_1_std,0.10806818377586173,spectral
NEU,spectral_contrast_2_mean,0.059572184610115486,spectral
NEU,spectral_contrast_2_std,0.10025007736112584,spectral
NEU,spectral_contrast_3_mean,0.0442536879691883,spectral
NEU,spectral_contrast_3_std,0.013438901529413187,spectral
NEU,spectral_contrast_4_mean,0.014089441941694206,spectral
NEU,spectral_contrast_4_std,0.06226890880329164,spectral
NEU,spectral_contrast_5_mean,0.018673644635190632,spectral
NEU,spectral_contrast_5_std,0.01628548471224441,spectral
NEU,spectral_contrast_6_mean,0.03458615083046383,spectral
NEU,spectral_contrast_6_std,0.0450192270550075,spectral
NEU,mfcc_00_mean,0.04540659747787142,mfcc
NEU,mfcc_00_std,0.028695883917091963,mfcc
NEU,mfcc_00_min,0.00857906909816191,mfcc
NEU,mfcc_00_max,0.017192433395345357,mfcc
NEU,mfcc_00_median,0.10882513027790396,mfcc
NEU,mfcc_00_iqr,0.14296111776108905,mfcc
NEU,mfcc_00_skew,0.25825269795756606,mfcc
NEU,mfcc_00_kurt,0.20062613620108888,mfcc
NEU,mfcc_01_mean,0.00900638046194254,mfcc
NEU,mfcc_01_std,0.00900351204127673,mfcc
NEU,mfcc_01_min,0.005251793969622667,mfcc
NEU,mfcc_01_max,0.01629470813090379,mfcc
NEU,mfcc_01_median,0.018095278799623492,mfcc
NEU,mfcc_01_iqr,0.005115424204498306,mfcc
NEU,mfcc_01_skew,0.004860350932738678,mfcc
NEU,mfcc_01_kurt,0.004958595061370126,mfcc
NEU,mfcc_02_mean,0.013017579648098227,mfcc
NEU,mfcc_02_std,0.01790787912030925,mfcc
NEU,mfcc_02_min,0.022984996507697603,mfcc
NEU,mfcc_02_max,0.0748969098578116,mfcc
NEU,mfcc_02_median,0.006031223431925966,mfcc
NEU,mfcc_02_iqr,0.0896861552315808,mfcc
NEU,mfcc_02_skew,0.029014710913060883,mfcc
NEU,mfcc_02_kurt,0.05440819374163262,mfcc
NEU,mfcc_03_mean,0.02391396259445788,mfcc
NEU,mfcc_03_std,0.007213448006723059,mfcc
NEU,mfcc_03_min,0.0647744425592841,mfcc
NEU,mfcc_03_max,0.041112645863875204,mfcc
NEU,mfcc_03_median,0.01689157179966504,mfcc
NEU,mfcc_03_iqr,0.007130948190758894,mfcc
NEU,mfcc_03_skew,0.060972976087175314,mfcc
NEU,mfcc_03_kurt,0.010273992187399201,mfcc
NEU,mfcc_04_mean,0.02344085443709285,mfcc
NEU,mfcc_04_std,0.10892855118662849,mfcc
NEU,mfcc_04_min,0.025864572967254994,mfcc
NEU,mfcc_04_max,0.009950999106275704,mfcc
NEU,mfcc_04_median,0.04977925689276173,mfcc
NEU,mfcc_04_iqr,0.016222677928801003,mfcc
NEU,mfcc_04_skew,0.05235830431902536,mfcc
NEU,mfcc_04_kurt,0.019983094312419285,mfcc
NEU,mfcc_05_mean,0.01442743179604144,mfcc
NEU,mfcc_05_std,0.006615621328750386,mfcc
NEU,mfcc_05_min,0.04141699197633929,mfcc
NEU,mfcc_05_max,0.06887986173310487,mfcc
NEU,mfcc_05_median,0.019411823748594383,mfcc
NEU,mfcc_05_iqr,0.003016204082356463,mfcc
NEU,mfcc_05_skew,0.0189669445641511,mfcc
NEU,mfcc_05_kurt,0.008781982310558151,mfcc
NEU,mfcc_06_mean,0.02070737332417995,mfcc
NEU,mfcc_06_std,0.05844577438498085,mfcc
NEU,mfcc_06_min,0.017732622371939552,mfcc
NEU,mfcc_06_max,0.007462526436586403,mfcc
NEU,mfcc_06_median,0.024937522870584566,mfcc
NEU,mfcc_06_iqr,0.022613796859472002,mfcc
NEU,mfcc_06_skew,0.036150584052187226,mfcc
NEU,mfcc_06_kurt,0.011787832633663823,mfcc
NEU,mfcc_07_mean,0.026222865133930358,mfcc
NEU,mfcc_07_std,0.01870808968666623,mfcc
NEU,mfcc_07_min,0.042310219919177376,mfcc
NEU,mfcc_07_max,0.028803335528084624,mfcc
NEU,mfcc_07_median,0.014500566897971827,mfcc
NEU,mfcc_07_iqr,0.02239460748427258,mfcc
NEU,mfcc_07_skew,0.020211885064144525,mfcc
NEU,mfcc_07_kurt,0.007220770021569716,mfcc
NEU,mfcc_08_mean,0.011180533724960064,mfcc
NEU,mfcc_08_std,0.015266772071830697,mfcc
NEU,mfcc_08_min,0.01723484648214658,mfcc
NEU,mfcc_08_max,0.012607630294936988,mfcc
NEU,mfcc_08_median,0.005329080044837203,mfcc
NEU,mfcc_08_iqr,0.011721668417759106,mfcc
NEU,mfcc_08_skew,0.052891135060071995,mfcc
NEU,mfcc_08_kurt,0.01840695308631445,mfcc
NEU,mfcc_09_mean,0.03902359622993102,mfcc
NEU,mfcc_09_std,0.03853679245847605,mfcc
NEU,mfcc_09_min,0.021308549591927132,mfcc
NEU,mfcc_09_max,0.007142962708258951,mfcc
NEU,mfcc_09_median,0.03159710112396859,mfcc
NEU,mfcc_09_iqr,0.060649422273111486,mfcc
NEU,mfcc_09_skew,0.008931936849921778,mfcc
NEU,mfcc_09_kurt,0.0050811473457874476,mfcc
NEU,mfcc_10_mean,0.010433138325822157,mfcc
NEU,mfcc_10_std,0.011697172488137645,mfcc
NEU,mfcc_10_min,0.013105056259946256,mfcc
NEU,mfcc_10_max,0.008375797962507201,mfcc
NEU,mfcc_10_median,0.020097698222645972,mfcc
NEU,mfcc_10_iqr,0.023722145420030292,mfcc
NEU,mfcc_10_skew,0.02195394252132169,mfcc
NEU,mfcc_10_kurt,0.003644035259322262,mfcc
NEU,mfcc_11_mean,0.012166914396756986,mfcc
NEU,mfcc_11_std,0.015740499394904194,mfcc
NEU,mfcc_11_min,0.03334460691911075,mfcc
NEU,mfcc_11_max,0.008130554792977673,mfcc
NEU,mfcc_11_median,0.006687146857203574,mfcc
NEU,mfcc_11_iqr,0.016586580021866602,mfcc
NEU,mfcc_11_skew,0.02691019598615585,mfcc
NEU,mfcc_11_kurt,0.01151556628348218,mfcc
NEU,mfcc_12_mean,0.03357942188988636,mfcc
NEU,mfcc_12_std,0.00617054591588684,mfcc
NEU,mfcc_12_min,0.026878406716041508,mfcc
NEU,mfcc_12_max,0.046010433802393086,mfcc
NEU,mfcc_12_median,0.029594035457560234,mfcc
NEU,mfcc_12_iqr,0.004795355235397774,mfcc
NEU,mfcc_12_skew,0.06543178823592957,mfcc
NEU,mfcc_12_kurt,0.03337358445292906,mfcc
NEU,mfcc_13_mean,0.011334755261487233,mfcc
NEU,mfcc_13_std,0.008814431224412432,mfcc
NEU,mfcc_13_min,0.010095208712347568,mfcc
NEU,mfcc_13_max,0.005804332945914285,mfcc
NEU,mfcc_13_median,0.009780251659819541,mfcc
NEU,mfcc_13_iqr,0.019500861325379055,mfcc
NEU,mfcc_13_skew,0.010751109641233103,mfcc
NEU,mfcc_13_kurt,0.014291251367326408,mfcc
NEU,mfcc_14_mean,0.019598562667244544,mfcc
NEU,mfcc_14_std,0.012966500368950556,mfcc
NEU,mfcc_14_min,0.013271708972917767,mfcc
NEU,mfcc_14_max,0.009192290421658594,mfcc
NEU,mfcc_14_median,0.007855722990296982,mfcc
NEU,mfcc_14_iqr,0.015056952039683557,mfcc
NEU,mfcc_14_skew,0.009150358503861124,mfcc
NEU,mfcc_14_kurt,0.009488661558263162,mfcc
NEU,mfcc_15_mean,0.010429277778961327,mfcc
NEU,mfcc_15_std,0.00644352474346508,mfcc
NEU,mfcc_15_min,0.056676134000950604,mfcc
NEU,mfcc_15_max,0.012478865983501633,mfcc
NEU,mfcc_15_median,0.012378605276136429,mfcc
NEU,mfcc_15_iqr,0.029053960199231205,mfcc
NEU,mfcc_15_skew,0.027782804155821524,mfcc
NEU,mfcc_15_kurt,0.010021031384581247,mfcc
NEU,mfcc_16_mean,0.00924515142418557,mfcc
NEU,mfcc_16_std,0.020515401985067634,mfcc
NEU,mfcc_16_min,0.01603049188230616,mfcc
NEU,mfcc_16_max,0.010481149369411653,mfcc
NEU,mfcc_16_median,0.012634562814048587,mfcc
NEU,mfcc_16_iqr,0.022383853180301453,mfcc
NEU,mfcc_16_skew,0.044907725287695106,mfcc
NEU,mfcc_16_kurt,0.012202458779097395,mfcc
NEU,mfcc_17_mean,0.006778029978218923,mfcc
NEU,mfcc_17_std,0.10897728975900059,mfcc
NEU,mfcc_17_min,0.026657817189342414,mfcc
NEU,mfcc_17_max,0.015767127198108216,mfcc
NEU,mfcc_17_median,0.01692180670431458,mfcc
NEU,mfcc_17_iqr,0.017777772832206214,mfcc
NEU,mfcc_17_skew,0.012518723904003827,mfcc
NEU,mfcc_17_kurt,0.02387155504474169,mfcc
NEU,mfcc_18_mean,0.011836796700724758,mfcc
NEU,mfcc_18_std,0.03508277802429867,mfcc
NEU,mfcc_18_min,0.017974960711226503,mfcc
NEU,mfcc_18_max,0.00620066177797692,mfcc
NEU,mfcc_18_median,0.012700203223404562,mfcc
NEU,mfcc_18_iqr,0.006902477030569889,mfcc
NEU,mfcc_18_skew,0.03214178856403489,mfcc
NEU,mfcc_18_kurt,0.01125898974062985,mfcc
NEU,mfcc_19_mean,0.019868633236143306,mfcc
NEU,mfcc_19_std,0.019900291467697687,mfcc
NEU,mfcc_19_min,0.01578768483017992,mfcc
NEU,mfcc_19_max,0.03198367785840382,mfcc
NEU,mfcc_19_median,0.012526361405179333,mfcc
NEU,mfcc_19_iqr,0.03245018169581214,mfcc
NEU,mfcc_19_skew,0.00746084993486914,mfcc
NEU,mfcc_19_kurt,0.01030000191469579,mfcc
NEU,mfcc_d1_00_mean,0.013841428382398175,mfcc
NEU,mfcc_d1_00_std,0.0860449499825741,mfcc
NEU,mfcc_d2_00_mean,0.016450421705352967,mfcc
NEU,mfcc_d2_00_std,0.2943813818933032,mfcc
NEU,mfcc_d1_01_mean,0.058218897499254234,mfcc
NEU,mfcc_d1_01_std,0.044453652051038434,mfcc
NEU,mfcc_d2_01_mean,0.018363795929005316,mfcc
NEU,mfcc_d2_01_std,0.15577019962760277,mfcc
NEU,mfcc_d1_02_mean,0.008431006961661663,mfcc
NEU,mfcc_d1_02_std,0.1393811882371828,mfcc
NEU,mfcc_d2_02_mean,0.04655893115254021,mfcc
NEU,mfcc_d2_02_std,0.03956386972730744,mfcc
NEU,mfcc_d1_03_mean,0.05893448144488949,mfcc
NEU,mfcc_d1_03_std,0.26310380165990227,mfcc
NEU,mfcc_d2_03_mean,0.02100405559460562,mfcc
NEU,mfcc_d2_03_std,0.04458473835945668,mfcc
NEU,mfcc_d1_04_mean,0.009020613632851301,mfcc
NEU,mfcc_d1_04_std,0.0498678198710698,mfcc
NEU,mfcc_d2_04_mean,0.047700647145193044,mfcc
NEU,mfcc_d2_04_std,0.1072111687130036,mfcc
NEU,mfcc_d1_05_mean,0.027067423174654034,mfcc
NEU,mfcc_d1_05_std,0.03159430549548942,mfcc
NEU,mfcc_d2_05_mean,0.011696716055535362,mfcc
NEU,mfcc_d2_05_std,0.04893557977674397,mfcc
NEU,mfcc_d1_06_mean,0.007440489767416566,mfcc
NEU,mfcc_d1_06_std,0.03187241225549528,mfcc
NEU,mfcc_d2_06_mean,0.007746384469694895,mfcc
NEU,mfcc_d2_06_std,0.10866750065496039,mfcc
NEU,mfcc_d1_07_mean,0.016569341645785052,mfcc
NEU,mfcc_d1_07_std,0.050030190431435057,mfcc
NEU,mfcc_d2_07_mean,0.012242524347579402,mfcc
NEU,mfcc_d2_07_std,0.054735377908191815,mfcc
NEU,mfcc_d1_08_mean,0.02021771147200453,mfcc
NEU,mfcc_d1_08_std,0.05106354704565901,mfcc
NEU,mfcc_d2_08_mean,0.007559240379510673,mfcc
NEU,mfcc_d2_08_std,0.05423147020835998,mfcc
NEU,mfcc_d1_09_mean,0.006164166893280489,mfcc
NEU,mfcc_d1_09_std,0.07251599263337602,mfcc
NEU,mfcc_d2_09_mean,0.006469662249597454,mfcc
NEU,mfcc_d2_09_std,0.1523297130501045,mfcc
NEU,mfcc_d1_10_mean,0.0232819850485961,mfcc
NEU,mfcc_d1_10_std,0.05332174886299401,mfcc
NEU,mfcc_d2_10_mean,0.03553509260579056,mfcc
NEU,mfcc_d2_10_std,0.07027843100939216,mfcc
NEU,mfcc_d1_11_mean,0.02842950050406602,mfcc
NEU,mfcc_d1_11_std,0.004114984776320529,mfcc
NEU,mfcc_d2_11_mean,0.013398554393393795,mfcc
NEU,mfcc_d2_11_std,0.05920006868839509,mfcc
NEU,mfcc_d1_12_mean,0.0301031458943271,mfcc
NEU,mfcc_d1_12_std,0.014548987155698238,mfcc
NEU,mfcc_d2_12_mean,0.008350063563149449,mfcc
NEU,mfcc_d2_12_std,0.07226020875630491,mfcc
NEU,mfcc_d1_13_mean,0.009647366613893192,mfcc
NEU,mfcc_d1_13_std,0.020474788708415154,mfcc
NEU,mfcc_d2_13_mean,0.016272902081983537,mfcc
NEU,mfcc_d2_13_std,0.0084535287520607,mfcc
NEU,mfcc_d1_14_mean,0.04221696750568903,mfcc
NEU,mfcc_d1_14_std,0.021525461471327043,mfcc
NEU,mfcc_d2_14_mean,0.006257367410144579,mfcc
NEU,mfcc_d2_14_std,0.023208431899574423,mfcc
NEU,mfcc_d1_15_mean,0.008853821536045227,mfcc
NEU,mfcc_d1_15_std,0.010134010924912755,mfcc
NEU,mfcc_d2_15_mean,0.024346692459430583,mfcc
NEU,mfcc_d2_15_std,0.019744874269645347,mfcc
NEU,mfcc_d1_16_mean,0.017345934551683005,mfcc
NEU,mfcc_d1_16_std,0.021904459533800918,mfcc
NEU,mfcc_d2_16_mean,0.05186724587195012,mfcc
NEU,mfcc_d2_16_std,0.008162380958435085,mfcc
NEU,mfcc_d1_17_mean,0.009480433564634152,mfcc
NEU,mfcc_d1_17_std,0.006885064123123447,mfcc
NEU,mfcc_d2_17_mean,0.005800373213221536,mfcc
NEU,mfcc_d2_17_std,0.014634678794597669,mfcc
NEU,mfcc_d1_18_mean,0.01164214611085231,mfcc
NEU,mfcc_d1_18_std,0.023535037784496053,mfcc
NEU,mfcc_d2_18_mean,0.0076665535217626275,mfcc
NEU,mfcc_d2_18_std,0.017328160050959638,mfcc
NEU,mfcc_d1_19_mean,0.014900972834214009,mfcc
NEU,mfcc_d1_19_std,0.02566342385251006,mfcc
NEU,mfcc_d2_19_mean,0.03628885368619733,mfcc
NEU,mfcc_d2_19_std,0.005512301034930994,mfcc
NEU,chroma_00_mean,0.03059719454814403,chroma
NEU,chroma_00_std,0.019622824492276498,chroma
NEU,chroma_01_mean,0.01798280098867203,chroma
NEU,chroma_01_std,0.021313975422968187,chroma
NEU,chroma_02_mean,0.010844111431594921,chroma
NEU,chroma_02_std,0.008402634245159312,chroma
NEU,chroma_03_mean,0.006395524922204239,chroma
NEU,chroma_03_std,0.0297955286125864,chroma
NEU,chroma_04_mean,0.018563999090812393,chroma
NEU,chroma_04_std,0.009649153265272176,chroma
NEU,chroma_05_mean,0.006220032245922773,chroma
NEU,chroma_05_std,0.012942271619816237,chroma
NEU,chroma_06_mean,0.005254549218640343,chroma
NEU,chroma_06_std,0.01434167731637032,chroma
NEU,chroma_07_mean,0.006406632970349342,chroma
NEU,chroma_07_std,0.012912909177895372,chroma
NEU,chroma_08_mean,0.00915815987536477,chroma
NEU,chroma_08_std,0.012497039425201768,chroma
NEU,chroma_09_mean,0.011271353975718242,chroma
NEU,chroma_09_std,0.010869108468257964,chroma
NEU,chroma_10_mean,0.017808469642308315,chroma
NEU,chroma_10_std,0.023862082787280466,chroma
NEU,chroma_11_mean,0.02623716173155047,chroma
NEU,chroma_11_std,0.015188991451657101,chroma
NEU,prosody_f0_mean,0.6325995127863063,prosody
NEU,prosody_f0_std,0.022523326506913265,prosody
NEU,prosody_f0_min,0.04791904055894523,prosody
NEU,prosody_f0_max,0.07045692276565309,prosody
NEU,prosody_f0_median,0.2857826417851789,prosody
NEU,prosody_f0_iqr,0.05170229648204529,prosody
NEU,prosody_f0_skew,0.059900595532455844,prosody
NEU,prosody_f0_kurt,0.010640701582170871,prosody
NEU,prosody_voiced_fraction,0.005918864109616188,prosody
NEU,prosody_f0_slope_abs_mean,0.038671125473190265,prosody
NEU,prosody_n_voiced_segments,0.008135775104713399,prosody
NEU,prosody_voiced_rate_per_s,0.03844239832483816,prosody
NEU,prosody_mean_voiced_seg_s,0.015413260836695634,prosody
NEU,prosody_pause_fraction,0.004286272650895534,prosody
NEU,prosody_jitter_local,0.02912296535276018,prosody
NEU,prosody_jitter_rap,0.008645822079390712,prosody
NEU,prosody_jitter_ppq5,0.0070501721515526744,prosody
NEU,prosody_jitter_ddp,0.0042101707894876056,prosody
NEU,prosody_shimmer_local,0.009304435178938565,prosody
NEU,prosody_shimmer_localdb,0.016517185936777888,prosody
NEU,prosody_shimmer_apq3,0.009270913579537042,prosody
NEU,prosody_shimmer_apq5,0.012783882110201119,prosody
NEU,prosody_shimmer_apq11,0.02412061067595988,prosody
NEU,prosody_shimmer_dda,0.00419858892743784,prosody
NEU,prosody_hnr_mean,0.017012891767323943,prosody
NEU,prosody_hnr_std,0.012216259176143135,prosody
NEU,prosody_hnr_min,0.013076768883589027,prosody
NEU,prosody_hnr_max,0.006909437370367698,prosody
NEU,prosody_hnr_median,0.07898150700405941,prosody
NEU,prosody_f1_mean,0.01494273951389881,prosody
NEU,prosody_f1_std,0.0072048373019495925,prosody
NEU,prosody_f1_median,0.01142109663680368,prosody
NEU,prosody_f1_bw_median,0.07120272468477742,prosody
NEU,prosody_f2_mean,0.059330460258125335,prosody
NEU,prosody_f2_std,0.010854733624949833,prosody
NEU,prosody_f2_median,0.00992304953324932,prosody
NEU,prosody_f2_bw_median,0.013893908579021294,prosody
NEU,prosody_f3_mean,0.035159370890155715,prosody
NEU,prosody_f3_std,0.014987136060610166,prosody
NEU,prosody_f3_median,0.013583561407353522,prosody
NEU,prosody_f3_bw_median,0.016970282022634765,prosody
NEU,prosody_f4_mean,0.025396268506157765,prosody
NEU,prosody_f4_std,0.07389819062524866,prosody
NEU,prosody_f4_median,0.05990886848344162,prosody
NEU,prosody_f5_mean,0.009160100425850283,prosody
NEU,prosody_f5_std,0.03239987322871961,prosody
NEU,prosody_f5_median,0.011876178513171827,prosody
NEU,prosody_intensity_mean,0.01525345255160255,prosody
NEU,prosody_intensity_std,0.8712928798449461,prosody
NEU,prosody_intensity_min,0.26095828083737077,prosody
NEU,prosody_intensity_max,0.00839653698883172,prosody
NEU,prosody_intensity_median,0.0325939794845057,prosody
NEU,prosody_intensity_iqr,0.4081722240656485,prosody
NEU,prosody_intensity_skew,0.013611615954350802,prosody
NEU,prosody_intensity_kurt,0.018831809115839742,prosody
NEU,prosody_cpps,0.5248656404510387,prosody
SAD,duration_s,0.025411862955576722,other
SAD,peak_amplitude,0.1504729776256019,other
SAD,spectral_centroid_mean,0.009930549884555821,spectral
SAD,spectral_centroid_std,0.004543745910761131,spectral
SAD,spectral_centroid_min,0.009534052151153705,spectral
SAD,spectral_centroid_max,0.00538708594591997,spectral
SAD,spectral_centroid_median,0.038560044722046695,spectral
SAD,spectral_centroid_iqr,0.0498970605583761,spectral
SAD,spectral_centroid_skew,0.009696098333677143,spectral
SAD,spectral_centroid_kurt,0.020632137240896287,spectral
SAD,spectral_bandwidth_mean,0.004582958156017566,spectral
SAD,spectral_bandwidth_std,0.011036183438160806,spectral
SAD,spectral_bandwidth_min,0.022232128124428218,spectral
SAD,spectral_bandwidth_max,0.016172989956541036,spectral
SAD,spectral_bandwidth_median,0.03543005601056886,spectral
SAD,spectral_bandwidth_iqr,0.01640991311628346,spectral
SAD,spectral_bandwidth_skew,0.008742457662283924,spectral
SAD,spectral_bandwidth_kurt,0.006098506999054054,spectral
SAD,spectral_rolloff85_mean,0.0036614440769066896,spectral
SAD,spectral_rolloff85_std,0.005166050280149391,spectral
SAD,spectral_rolloff85_min,0.0009087875446330926,spectral
SAD,spectral_rolloff85_max,0.007434837472069344,spectral
SAD,spectral_rolloff85_median,0.001456614780961075,spectral
SAD,spectral_rolloff85_iqr,0.005036610022501031,spectral
SAD,spectral_rolloff85_skew,0.01211014542716428,spectral
SAD,spectral_rolloff85_kurt,0.02538852169407339,spectral
SAD,spectral_rolloff95_mean,0.007528939951851393,spectral
SAD,spectral_rolloff95_std,0.005358684910571915,spectral
SAD,spectral_rolloff95_min,0.004292519414063604,spectral
SAD,spectral_rolloff95_max,0.02064938520799517,spectral
SAD,spectral_rolloff95_median,0.002790735694973154,spectral
SAD,spectral_rolloff95_iqr,0.04419793589918676,spectral
SAD,spectral_rolloff95_skew,0.0034618442406304777,spectral
SAD,spectral_rolloff95_kurt,0.006412919605952656,spectral
SAD,spectral_flatness_mean,0.008321153218273635,spectral
SAD,spectral_flatness_std,0.0042506408934792515,spectral
SAD,spectral_flatness_min,0.0588603149785546,spectral
SAD,spectral_flatness_max,0.009219341323523004,spectral
SAD,spectral_flatness_median,0.026980552781485753,spectral
SAD,spectral_flatness_iqr,0.021385889298584565,spectral
SAD,spectral_flatness_skew,0.013299223357832393,spectral
SAD,spectral_flatness_kurt,0.008862866590054329,spectral
SAD,spectral_zcr_mean,0.00702280333844485,spectral
SAD,spectral_zcr_std,0.005098365175062925,spectral
SAD,spectral_zcr_min,0.0020082676776601734,spectral
SAD,spectral_zcr_max,0.010447439683155021,spectral
SAD,spectral_zcr_median,0.3022212326554035,spectral
SAD,spectral_zcr_iqr,0.004406448115714543,spectral
SAD,spectral_zcr_skew,0.006676618740995271,spectral
SAD,spectral_zcr_kurt,0.0034642955394327364,spectral
SAD,spectral_rms_mean,0.03712839301053136,spectral
SAD,spectral_rms_std,0.02892429934397547,spectral
SAD,spectral_rms_min,0.012646672502762569,spectral
SAD,spectral_rms_max,0.00928677912479617,spectral
SAD,spectral_rms_median,0.09846454741456313,spectral
SAD,spectral_rms_iqr,0.012077284285733231,spectral
SAD,spectral_rms_skew,0.005076804673599914,spectral
SAD,spectral_rms_kurt,0.0034369711788313252,spectral
SAD,spectral_flux_mean,0.009424603196506164,spectral
SAD,spectral_flux_std,0.06705496934066713,spectral
SAD,spectral_flux_min,0.03898928366489579,spectral
SAD,spectral_flux_max,0.022676898085621833,spectral
SAD,spectral_flux_median,0.018835919186843155,spectral
SAD,spectral_flux_iqr,0.12793150473335632,spectral
SAD,spectral_flux_skew,0.009877394073654996,spectral
SAD,spectral_flux_kurt,0.01512758166069894,spectral
SAD,spectral_entropy_mean,0.010141429497399768,spectral
SAD,spectral_entropy_std,0.036059008176028313,spectral
SAD,spectral_entropy_min,0.013801005734804184,spectral
SAD,spectral_entropy_max,0.005114506502182773,spectral
SAD,spectral_entropy_median,0.06098700403757224,spectral
SAD,spectral_entropy_iqr,0.03498537404846119,spectral
SAD,spectral_entropy_skew,0.00949268271831555,spectral
SAD,spectral_entropy_kurt,0.007600477389572341,spectral
SAD,spectral_slope_mean,0.06821526641161615,spectral
SAD,spectral_slope_std,0.0906204469402518,spectral
SAD,spectral_slope_min,0.025227374822009607,spectral
SAD,spectral_slope_max,0.013703069127256497,spectral
SAD,spectral_slope_median,0.09028668816179401,spectral
SAD,spectral_slope_iqr,0.028495586004816217,spectral
SAD,spectral_slope_skew,0.006517818975136306,spectral
SAD,spectral_slope_kurt,0.005610718447788036,spectral
SAD,spectral_band_0_500_mean,0.1262241837402752,spectral
SAD,spectral_band_0_500_std,0.1201499067072288,spectral
SAD,spectral_band_500_1000_mean,0.048746567338670076,spectral
SAD,spectral_band_500_1000_std,0.015022378704337118,spectral
SAD,spectral_band_1000_2000_mean,0.04665938434953365,spectral
SAD,spectral_band_1000_2000_std,0.057435649967671185,spectral
SAD,spectral_band_2000_3000_mean,0.08446057625222116,spectral
SAD,spectral_band_2000_3000_std,0.08912021212148251,spectral
SAD,spectral_band_3000_4000_mean,0.01219516690965531,spectral
SAD,spectral_band_3000_4000_std,0.01999362942816389,spectral
SAD,spectral_band_4000_5000_mean,0.007287310798244828,spectral
SAD,spectral_band_4000_5000_std,0.008187234343633287,spectral
SAD,spectral_band_5000_6000_mean,0.004825731901637201,spectral
SAD,spectral_band_5000_6000_std,0.011109411610735063,spectral
SAD,spectral_band_6000_8000_mean,0.006447826989172131,spectral
SAD,spectral_band_6000_8000_std,0.005041983675265626,spectral
SAD,spectral_hf_ratio_4000_mean,0.0029093810661298945,spectral
SAD,spectral_hf_ratio_4000_std,0.01121460835010366,spectral
SAD,spectral_hf_ratio_6000_mean,0.003597628768827251,spectral
SAD,spectral_hf_ratio_6000_std,0.004111490576280907,spectral
SAD,spectral_contrast_0_mean,0.04899620844445264,spectral
SAD,spectral_contrast_0_std,0.019319908069841782,spectral
SAD,spectral_contrast_1_mean,0.04158621673852408,spectral
SAD,spectral_contrast_1_std,0.03431522653873654,spectral
SAD,spectral_contrast_2_mean,0.008675992874540723,spectral
SAD,spectral_contrast_2_std,0.01226778349939405,spectral
SAD,spectral_contrast_3_mean,0.012938539476267136,spectral
SAD,spectral_contrast_3_std,0.0175176828516469,spectral
SAD,spectral_contrast_4_mean,0.015983025132293268,spectral
SAD,spectral_contrast_4_std,0.013328702511313286,spectral
SAD,spectral_contrast_5_mean,0.02426501315360543,spectral
SAD,spectral_contrast_5_std,0.0390386660631242,spectral
SAD,spectral_contrast_6_mean,0.07223279872991416,spectral
SAD,spectral_contrast_6_std,0.023846835011733628,spectral
SAD,mfcc_00_mean,0.04701008023384262,mfcc
SAD,mfcc_00_std,0.6671195416169198,mfcc
SAD,mfcc_00_min,0.016459219361556972,mfcc
SAD,mfcc_00_max,0.013212915663061297,mfcc
SAD,mfcc_00_median,0.10387966538254746,mfcc
SAD,mfcc_00_iqr,0.5572426459108276,mfcc
SAD,mfcc_00_skew,0.007628611218631192,mfcc
SAD,mfcc_00_kurt,0.13356755107555754,mfcc
SAD,mfcc_01_mean,0.008745825239577721,mfcc
SAD,mfcc_01_std,0.03486444091663195,mfcc
SAD,mfcc_01_min,0.010188303065082133,mfcc
SAD,mfcc_01_max,0.017579129341335663,mfcc
SAD,mfcc_01_median,0.0284485637582109,mfcc
SAD,mfcc_01_iqr,0.07907859110819679,mfcc
SAD,mfcc_01_skew,0.007667895155544257,mfcc
SAD,mfcc_01_kurt,0.018001621359496168,mfcc
SAD,mfcc_02_mean,0.018382883788358263,mfcc
SAD,mfcc_02_std,0.030395017606894368,mfcc
SAD,mfcc_02_min,0.04888500647372224,mfcc
SAD,mfcc_02_max,0.014795265775307905,mfcc
SAD,mfcc_02_median,0.05137291515231146,mfcc
SAD,mfcc_02_iqr,0.016755198224477467,mfcc
SAD,mfcc_02_skew,0.06816976536627811,mfcc
SAD,mfcc_02_kurt,0.030338159691957203,mfcc
SAD,mfcc_03_mean,0.0164626148721989,mfcc
SAD,mfcc_03_std,0.07635516293027583,mfcc
SAD,mfcc_03_min,0.10131309000589978,mfcc
SAD,mfcc_03_max,0.08750065971290136,mfcc
SAD,mfcc_03_median,0.03469095231876428,mfcc
SAD,mfcc_03_iqr,0.0325947565637111,mfcc
SAD,mfcc_03_skew,0.00898587252424856,mfcc
SAD,mfcc_03_kurt,0.010094167257762462,mfcc
SAD,mfcc_04_mean,0.018692234621660652,mfcc
SAD,mfcc_04_std,0.017359928578880447,mfcc
SAD,mfcc_04_min,0.015814604114943658,mfcc
SAD,mfcc_04_max,0.01409588300188294,mfcc
SAD,mfcc_04_median,0.013890964036819735,mfcc
SAD,mfcc_04_iqr,0.014946894452060627,mfcc
SAD,mfcc_04_skew,0.008024800121888992,mfcc
SAD,mfcc_04_kurt,0.01056329777614463,mfcc
SAD,mfcc_05_mean,0.03575497373190429,mfcc
SAD,mfcc_05_std,0.015369225996584326,mfcc
SAD,mfcc_05_min,0.049633776416379026,mfcc
SAD,mfcc_05_max,0.03393847791454581,mfcc
SAD,mfcc_05_median,0.026199109902773025,mfcc
SAD,mfcc_05_iqr,0.1792701290936812,mfcc
SAD,mfcc_05_skew,0.012097061408209675,mfcc
SAD,mfcc_05_kurt,0.01294994768601252,mfcc
SAD,mfcc_06_mean,0.011364321025849333,mfcc
SAD,mfcc_06_std,0.03206563055348781,mfcc
SAD,mfcc_06_min,0.008813248779147133,mfcc
SAD,mfcc_06_max,0.027500383519617724,mfcc
SAD,mfcc_06_median,0.024706363240814686,mfcc
SAD,mfcc_06_iqr,0.020963557321375583,mfcc
SAD,mfcc_06_skew,0.027798381191741283,mfcc
SAD,mfcc_06_kurt,0.011172842779918351,mfcc
SAD,mfcc_07_mean,0.00955495994095243,mfcc
SAD,mfcc_07_std,0.016599004887017127,mfcc
SAD,mfcc_07_min,0.01728361225408698,mfcc
SAD,mfcc_07_max,0.015856735249177977,mfcc
SAD,mfcc_07_median,0.007379395492910726,mfcc
SAD,mfcc_07_iqr,0.019998732254513065,mfcc
SAD,mfcc_07_skew,0.02677240510008803,mfcc
SAD,mfcc_07_kurt,0.01765533672571541,mfcc
SAD,mfcc_08_mean,0.013321186284254133,mfcc
SAD,mfcc_08_std,0.00946623295383287,mfcc
SAD,mfcc_08_min,0.027412039337715532,mfcc
SAD,mfcc_08_max,0.019988995884408577,mfcc
SAD,mfcc_08_median,0.008183553232832153,mfcc
SAD,mfcc_08_iqr,0.006701388837412119,mfcc
SAD,mfcc_08_skew,0.019131835425808617,mfcc
SAD,mfcc_08_kurt,0.01243105707782729,mfcc
SAD,mfcc_09_mean,0.028951385711174265,mfcc
SAD,mfcc_09_std,0.07901657452090592,mfcc
SAD,mfcc_09_min,0.009942012620680092,mfcc
SAD,mfcc_09_max,0.012125684581677858,mfcc
SAD,mfcc_09_median,0.02898065421615983,mfcc
SAD,mfcc_09_iqr,0.05976001988745634,mfcc
SAD,mfcc_09_skew,0.007853235990755918,mfcc
SAD,mfcc_09_kurt,0.01293718646147017,mfcc
SAD,mfcc_10_mean,0.0836642455532893,mfcc
SAD,mfcc_10_std,0.008193903989818688,mfcc
SAD,mfcc_10_min,0.04891751408057809,mfcc
SAD,mfcc_10_max,0.010753201412546045,mfcc
SAD,mfcc_10_median,0.1977414277320292,mfcc
SAD,mfcc_10_iqr,0.02152781374869832,mfcc
SAD,mfcc_10_skew,0.04267316468516127,mfcc
SAD,mfcc_10_kurt,0.021658827600009815,mfcc
SAD,mfcc_11_mean,0.014222077073221812,mfcc
SAD,mfcc_11_std,0.011878610736781575,mfcc
SAD,mfcc_11_min,0.009518057497935144,mfcc
SAD,mfcc_11_max,0.03411993353905272,mfcc
SAD,mfcc_11_median,0.020020562832783025,mfcc
SAD,mfcc_11_iqr,0.011048745671535186,mfcc
SAD,mfcc_11_skew,0.019096964109311772,mfcc
SAD,mfcc_11_kurt,0.016801180602394994,mfcc
SAD,mfcc_12_mean,0.023007865983574963,mfcc
SAD,mfcc_12_std,0.017546354724742533,mfcc
SAD,mfcc_12_min,0.01510246753904184,mfcc
SAD,mfcc_12_max,0.021427373633962063,mfcc
SAD,mfcc_12_median,0.065495294226197,mfcc
SAD,mfcc_12_iqr,0.03554092173531808,mfcc
SAD,mfcc_12_skew,0.03234610660921064,mfcc
SAD,mfcc_12_kurt,0.011096435962486757,mfcc
SAD,mfcc_13_mean,0.010965065858284979,mfcc
SAD,mfcc_13_std,0.01271248374807936,mfcc
SAD,mfcc_13_min,0.010212620397590397,mfcc
SAD,mfcc_13_max,0.021393879625797457,mfcc
SAD,mfcc_13_median,0.02436359092898548,mfcc
SAD,mfcc_13_iqr,0.00753385192763295,mfcc
SAD,mfcc_13_skew,0.025178464836312177,mfcc
SAD,mfcc_13_kurt,0.01811329497698106,mfcc
SAD,mfcc_14_mean,0.009175149038934958,mfcc
SAD,mfcc_14_std,0.06020096861938738,mfcc
SAD,mfcc_14_min,0.023103556980089774,mfcc
SAD,mfcc_14_max,0.010831136638504353,mfcc
SAD,mfcc_14_median,0.013778100386480342,mfcc
SAD,mfcc_14_iqr,0.010623493121998602,mfcc
SAD,mfcc_14_skew,0.019098115660060335,mfcc
SAD,mfcc_14_kurt,0.03833937490400783,mfcc
SAD,mfcc_15_mean,0.06659243889768711,mfcc
SAD,mfcc_15_std,0.009461578833932149,mfcc
SAD,mfcc_15_min,0.0532103733939626,mfcc
SAD,mfcc_15_max,0.032482807896920984,mfcc
SAD,mfcc_15_median,0.03257244747975744,mfcc
SAD,mfcc_15_iqr,0.01729291851899431,mfcc
SAD,mfcc_15_skew,0.08039896799518144,mfcc
SAD,mfcc_15_kurt,0.009141138128985237,mfcc
SAD,mfcc_16_mean,0.009272192521000588,mfcc
SAD,mfcc_16_std,0.012078212625070268,mfcc
SAD,mfcc_16_min,0.011081914735614016,mfcc
SAD,mfcc_16_max,0.025010908493951885,mfcc
SAD,mfcc_16_median,0.02902522692189631,mfcc
SAD,mfcc_16_iqr,0.011717173585808257,mfcc
SAD,mfcc_16_skew,0.030907758378776115,mfcc
SAD,mfcc_16_kurt,0.01753758947799959,mfcc
SAD,mfcc_17_mean,0.0319360185018793,mfcc
SAD,mfcc_17_std,0.016527597568702288,mfcc
SAD,mfcc_17_min,0.03216552143637919,mfcc
SAD,mfcc_17_max,0.02197962995705084,mfcc
SAD,mfcc_17_median,0.023917095236587596,mfcc
SAD,mfcc_17_iqr,0.010794221070639112,mfcc
SAD,mfcc_17_skew,0.02784147952942125,mfcc
SAD,mfcc_17_kurt,0.10617654010684542,mfcc
SAD,mfcc_18_mean,0.023524104907789323,mfcc
SAD,mfcc_18_std,0.012426907367561588,mfcc
SAD,mfcc_18_min,0.016159463188003976,mfcc
SAD,mfcc_18_max,0.03938635224277933,mfcc
SAD,mfcc_18_median,0.13766787221952415,mfcc
SAD,mfcc_18_iqr,0.0529086629155124,mfcc
SAD,mfcc_18_skew,0.025337833214178485,mfcc
SAD,mfcc_18_kurt,0.056941764320899896,mfcc
SAD,mfcc_19_mean,0.038372008941894444,mfcc
SAD,mfcc_19_std,0.01366212558116397,mfcc
SAD,mfcc_19_min,0.015464528315698783,mfcc
SAD,mfcc_19_max,0.024691583386125454,mfcc
SAD,mfcc_19_median,0.1179345396482559,mfcc
SAD,mfcc_19_iqr,0.028345847842564033,mfcc
SAD,mfcc_19_skew,0.02713621701091675,mfcc
SAD,mfcc_19_kurt,0.024652720383212586,mfcc
SAD,mfcc_d1_00_mean,0.04926346509073951,mfcc
SAD,mfcc_d1_00_std,0.13261816516452926,mfcc
SAD,mfcc_d2_00_mean,0.010974746560555677,mfcc
SAD,mfcc_d2_00_std,0.211837306038387,mfcc
SAD,mfcc_d1_01_mean,0.013948037904324861,mfcc
SAD,mfcc_d1_01_std,0.05506179696043254,mfcc
SAD,mfcc_d2_01_mean,0.014274093539224632,mfcc
SAD,mfcc_d2_01_std,0.011199667671780131,mfcc
SAD,mfcc_d1_02_mean,0.05738368264122987,mfcc
SAD,mfcc_d1_02_std,0.01548475552997008,mfcc
SAD,mfcc_d2_02_mean,0.018728670742510452,mfcc
SAD,mfcc_d2_02_std,0.09462464149663238,mfcc
SAD,mfcc_d1_03_mean,0.013301659889105763,mfcc
SAD,mfcc_d1_03_std,0.019715195135306538,mfcc
SAD,mfcc_d2_03_mean,0.05011125810930498,mfcc
SAD,mfcc_d2_03_std,0.058248401779811776,mfcc
SAD,mfcc_d1_04_mean,0.03969264638467428,mfcc
SAD,mfcc_d1_04_std,0.019137675641577548,mfcc
SAD,mfcc_d2_04_mean,0.012308061269819308,mfcc
SAD,mfcc_d2_04_std,0.10498191777430606,mfcc
SAD,mfcc_d1_05_mean,0.01885312696938899,mfcc
SAD,mfcc_d1_05_std,0.008759474590111446,mfcc
SAD,mfcc_d2_05_mean,0.01643710295977683,mfcc
SAD,mfcc_d2_05_std,0.019645250708111586,mfcc
SAD,mfcc_d1_06_mean,0.019823770427559267,mfcc
SAD,mfcc_d1_06_std,0.012458493554405547,mfcc
SAD,mfcc_d2_06_mean,0.014059822130111059,mfcc
SAD,mfcc_d2_06_std,0.05415752642200892,mfcc
SAD,mfcc_d1_07_mean,0.02573872896349784,mfcc
SAD,mfcc_d1_07_std,0.05914110952570862,mfcc
SAD,mfcc_d2_07_mean,0.04314227152293076,mfcc
SAD,mfcc_d2_07_std,0.010753442405193842,mfcc
SAD,mfcc_d1_08_mean,0.018830955601448676,mfcc
SAD,mfcc_d1_08_std,0.006924264230698712,mfcc
SAD,mfcc_d2_08_mean,0.06051750335237038,mfcc
SAD,mfcc_d2_08_std,0.1429045361009911,mfcc
SAD,mfcc_d1_09_mean,0.038882253609474234,mfcc
SAD,mfcc_d1_09_std,0.01083979637104247,mfcc
SAD,mfcc_d2_09_mean,0.012123076490696294,mfcc
SAD,mfcc_d2_09_std,0.019866711126082407,mfcc
SAD,mfcc_d1_10_mean,0.06825001679955245,mfcc
SAD,mfcc_d1_10_std,0.012993004658441281,mfcc
SAD,mfcc_d2_10_mean,0.015590569201798686,mfcc
SAD,mfcc_d2_10_std,0.0371401460222126,mfcc
SAD,mfcc_d1_11_mean,0.03038842382587849,mfcc
SAD,mfcc_d1_11_std,0.012458119557827343,mfcc
SAD,mfcc_d2_11_mean,0.015287994520812758,mfcc
SAD,mfcc_d2_11_std,0.011911325009195384,mfcc
SAD,mfcc_d1_12_mean,0.011948507721004633,mfcc
SAD,mfcc_d1_12_std,0.0058116913917323106,mfcc
SAD,mfcc_d2_12_mean,0.01830134139930167,mfcc
SAD,mfcc_d2_12_std,0.015051167966602254,mfcc
SAD,mfcc_d1_13_mean,0.011609351300620739,mfcc
SAD,mfcc_d1_13_std,0.015738387585792955,mfcc
SAD,mfcc_d2_13_mean,0.01712898004914114,mfcc
SAD,mfcc_d2_13_std,0.01087383705906436,mfcc
SAD,mfcc_d1_14_mean,0.023291001801995132,mfcc
SAD,mfcc_d1_14_std,0.009007442871267918,mfcc
SAD,mfcc_d2_14_mean,0.014482767154883508,mfcc
SAD,mfcc_d2_14_std,0.007777476248568734,mfcc
SAD,mfcc_d1_15_mean,0.00854076350781702,mfcc
SAD,mfcc_d1_15_std,0.029321411993011713,mfcc
SAD,mfcc_d2_15_mean,0.011034615380503826,mfcc
SAD,mfcc_d2_15_std,0.06452059257856187,mfcc
SAD,mfcc_d1_16_mean,0.012892576728527541,mfcc
SAD,mfcc_d1_16_std,0.020576962279645616,mfcc
SAD,mfcc_d2_16_mean,0.03417638895157843,mfcc
SAD,mfcc_d2_16_std,0.01439097860103043,mfcc
SAD,mfcc_d1_17_mean,0.025318119243438266,mfcc
SAD,mfcc_d1_17_std,0.027380506335507336,mfcc
SAD,mfcc_d2_17_mean,0.008498176231868616,mfcc
SAD,mfcc_d2_17_std,0.014470929902281115,mfcc
SAD,mfcc_d1_18_mean,0.021090870539694957,mfcc
SAD,mfcc_d1_18_std,0.03272579072992244,mfcc
SAD,mfcc_d2_18_mean,0.06817046418302719,mfcc
SAD,mfcc_d2_18_std,0.0071085271016063925,mfcc
SAD,mfcc_d1_19_mean,0.012776600805934756,mfcc
SAD,mfcc_d1_19_std,0.016741649577137866,mfcc
SAD,mfcc_d2_19_mean,0.024673900735261888,mfcc
SAD,mfcc_d2_19_std,0.010627450526179007,mfcc
SAD,chroma_00_mean,0.004503125498509106,chroma
SAD,chroma_00_std,0.020002140159975125,chroma
SAD,chroma_01_mean,0.0061516372743991845,chroma
SAD,chroma_01_std,0.009599697839471334,chroma
SAD,chroma_02_mean,0.032740297145351885,chroma
SAD,chroma_02_std,0.03437916367745205,chroma
SAD,chroma_03_mean,0.03157375072888727,chroma
SAD,chroma_03_std,0.009757972973119883,chroma
SAD,chroma_04_mean,0.011755309075146414,chroma
SAD,chroma_04_std,0.030781853371355274,chroma
SAD,chroma_05_mean,0.018240364833109795,chroma
SAD,chroma_05_std,0.012974290051511345,chroma
SAD,chroma_06_mean,0.010121507233331096,chroma
SAD,chroma_06_std,0.11085241190265907,chroma
SAD,chroma_07_mean,0.014863807536071073,chroma
SAD,chroma_07_std,0.018555524067066623,chroma
SAD,chroma_08_mean,0.010221717334935997,chroma
SAD,chroma_08_std,0.044679415709363915,chroma
SAD,chroma_09_mean,0.005818572980380413,chroma
SAD,chroma_09_std,0.015357382593959462,chroma
SAD,chroma_10_mean,0.009257007381176087,chroma
SAD,chroma_10_std,0.027927881921895353,chroma
SAD,chroma_11_mean,0.012126790074197464,chroma
SAD,chroma_11_std,0.0073151010508811405,chroma
SAD,prosody_f0_mean,0.012270690538862624,prosody
SAD,prosody_f0_std,0.015955496964702956,prosody
SAD,prosody_f0_min,0.03834454785353461,prosody
SAD,prosody_f0_max,0.0584661741760019,prosody
SAD,prosody_f0_median,0.012864921299751954,prosody
SAD,prosody_f0_iqr,0.03643072373737906,prosody
SAD,prosody_f0_skew,0.08311908671696652,prosody
SAD,prosody_f0_kurt,0.01631912518073519,prosody
SAD,prosody_voiced_fraction,0.015250116416033101,prosody
SAD,prosody_f0_slope_abs_mean,0.05696605011140276,prosody
SAD,prosody_n_voiced_segments,0.012712647348558256,prosody
SAD,prosody_voiced_rate_per_s,0.06172214108628831,prosody
SAD,prosody_mean_voiced_seg_s,0.008843354637826721,prosody
SAD,prosody_pause_fraction,0.011002169031526132,prosody
SAD,prosody_jitter_local,0.01922371762796797,prosody
SAD,prosody_jitter_rap,0.010960689308101299,prosody
SAD,prosody_jitter_ppq5,0.025437778962995906,prosody
SAD,prosody_jitter_ddp,0.006288656416934008,prosody
SAD,prosody_shimmer_local,0.010986345694902927,prosody
SAD,prosody_shimmer_localdb,0.029588620395329533,prosody
SAD,prosody_shimmer_apq3,0.011060246394335192,prosody
SAD,prosody_shimmer_apq5,0.023436153900138618,prosody
SAD,prosody_shimmer_apq11,0.018161658866101247,prosody
SAD,prosody_shimmer_dda,0.0064431519843624755,prosody
SAD,prosody_hnr_mean,0.01845980965763159,prosody
SAD,prosody_hnr_std,0.014016274179708408,prosody
SAD,prosody_hnr_min,0.1057549541470149,prosody
SAD,prosody_hnr_max,0.010810318251185096,prosody
SAD,prosody_hnr_median,0.02548854543393461,prosody
SAD,prosody_f1_mean,0.0205402124090872,prosody
SAD,prosody_f1_std,0.010020967069328182,prosody
SAD,prosody_f1_median,0.034550544074725305,prosody
SAD,prosody_f1_bw_median,0.01373897058594243,prosody
SAD,prosody_f2_mean,0.008757526819514524,prosody
SAD,prosody_f2_std,0.09411557310991907,prosody
SAD,prosody_f2_median,0.012550131651896754,prosody
SAD,prosody_f2_bw_median,0.024258287757519394,prosody
SAD,prosody_f3_mean,0.011920077332146487,prosody
SAD,prosody_f3_std,0.06773622527448817,prosody
SAD,prosody_f3_median,0.04318380778446301,prosody
SAD,prosody_f3_bw_median,0.21912655846032106,prosody
SAD,prosody_f4_mean,0.04792954502619421,prosody
SAD,prosody_f4_std,0.03884234455328349,prosody
SAD,prosody_f4_median,0.02356178008907967,prosody
SAD,prosody_f5_mean,0.0646513067409925,prosody
SAD,prosody_f5_std,0.027763670963059036,prosody
SAD,prosody_f5_median,0.1507079859198444,prosody
SAD,prosody_intensity_mean,0.09660706872354836,prosody
SAD,prosody_intensity_std,0.10653339168977533,prosody
SAD,prosody_intensity_min,0.1310062313350821,prosody
SAD,prosody_intensity_max,0.010010750306726377,prosody
SAD,prosody_intensity_median,0.032242926344548,prosody
SAD,prosody_intensity_iqr,0.06874367811272883,prosody
SAD,prosody_intensity_skew,0.02241389609634756,prosody
SAD,prosody_intensity_kurt,0.021671558355748827,prosody
SAD,prosody_cpps,0.06185028884860922,prosody
