emotion,feature,importance,family
ANG,duration_s,0.01697229966521263,other
ANG,peak_amplitude,0.0075414967723190784,other
ANG,spectral_centroid_mean,0.052409034222364426,spectral
ANG,spectral_centroid_std,0.08799958229064941,spectral
ANG,spectral_centroid_min,0.028830131515860558,spectral
ANG,spectral_centroid_max,0.004383586812764406,spectral
ANG,spectral_centroid_median,0.005121923517435789,spectral
ANG,spectral_centroid_iqr,0.1346714347600937,spectral
ANG,spectral_centroid_skew,0.009081833064556122,spectral
ANG,spectral_centroid_kurt,0.0053161028772592545,spectral
ANG,spectral_bandwidth_mean,0.0048161456361413,spectral
ANG,spectral_bandwidth_std,0.011018848046660423,spectral
ANG,spectral_bandwidth_min,0.013260453008115292,spectral
ANG,spectral_bandwidth_max,0.02173227071762085,spectral
ANG,spectral_bandwidth_median,0.010673163458704948,spectral
ANG,spectral_bandwidth_iqr,0.002073460491374135,spectral
ANG,spectral_bandwidth_skew,0.013646537438035011,spectral
ANG,spectral_bandwidth_kurt,0.007821166887879372,spectral
ANG,spectral_rolloff85_mean,0.07042057067155838,spectral
ANG,spectral_rolloff85_std,0.0010949824936687946,spectral
ANG,spectral_rolloff85_min,0.0051593114621937275,spectral
ANG,spectral_rolloff85_max,0.017932670190930367,spectral
ANG,spectral_rolloff85_median,0.007276035845279694,spectral
ANG,spectral_rolloff85_iqr,0.01312856376171112,spectral
ANG,spectral_rolloff85_skew,0.004362121224403381,spectral
ANG,spectral_rolloff85_kurt,0.007908371277153492,spectral
ANG,spectral_rolloff95_mean,0.013010763563215733,spectral
ANG,spectral_rolloff95_std,0.017478911206126213,spectral
ANG,spectral_rolloff95_min,0.0009895390830934048,spectral
ANG,spectral_rolloff95_max,0.006928964518010616,spectral
ANG,spectral_rolloff95_median,0.002061416395008564,spectral
ANG,spectral_rolloff95_iqr,0.034496817737817764,spectral
ANG,spectral_rolloff95_skew,0.010366334579885006,spectral
ANG,spectral_rolloff95_kurt,0.012622273527085781,spectral
ANG,spectral_flatness_mean,0.0022320449352264404,spectral
ANG,spectral_flatness_std,0.010107877664268017,spectral
ANG,spectral_flatness_min,0.02301112748682499,spectral
ANG,spectral_flatness_max,0.01010415144264698,spectral
ANG,spectral_flatness_median,0.005201580934226513,spectral
ANG,spectral_flatness_iqr,0.059649500995874405,spectral
ANG,spectral_flatness_skew,0.020200379192829132,spectral
ANG,spectral_flatness_kurt,0.015007142908871174,spectral
ANG,spectral_zcr_mean,0.005969032179564238,spectral
ANG,spectral_zcr_std,0.02479192614555359,spectral
ANG,spectral_zcr_min,0.02034246362745762,spectral
ANG,spectral_zcr_max,0.01292766910046339,spectral
ANG,spectral_zcr_median,0.005030770320445299,spectral
ANG,spectral_zcr_iqr,0.04652411490678787,spectral
ANG,spectral_zcr_skew,0.007841844111680984,spectral
ANG,spectral_zcr_kurt,0.0074434224516153336,spectral
ANG,spectral_rms_mean,0.007720259018242359,spectral
ANG,spectral_rms_std,0.06367318332195282,spectral
ANG,spectral_rms_min,0.024176964536309242,spectral
ANG,spectral_rms_max,0.004452869296073914,spectral
ANG,spectral_rms_median,0.007853207178413868,spectral
ANG,spectral_rms_iqr,0.007496868725866079,spectral
ANG,spectral_rms_skew,0.007930341176688671,spectral
ANG,spectral_rms_kurt,0.013005998916924,spectral
ANG,spectral_flux_mean,0.005760616157203913,spectral
ANG,spectral_flux_std,0.10998017340898514,spectral
ANG,spectral_flux_min,0.007073880638927221,spectral
ANG,spectral_flux_max,0.006789774168282747,spectral
ANG,spectral_flux_median,0.0030727761331945658,spectral
ANG,spectral_flux_iqr,0.009838399477303028,spectral
ANG,spectral_flux_skew,0.014707328751683235,spectral
ANG,spectral_flux_kurt,0.017287421971559525,spectral
ANG,spectral_entropy_mean,0.08288691192865372,spectral
ANG,spectral_entropy_std,0.014291278086602688,spectral
ANG,spectral_entropy_min,0.02649386040866375,spectral
ANG,spectral_entropy_max,0.018035748973488808,spectral
ANG,spectral_entropy_median,0.04142508655786514,spectral
ANG,spectral_entropy_iqr,0.021037476137280464,spectral
ANG,spectral_entropy_skew,0.020029647275805473,spectral
ANG,spectral_entropy_kurt,0.011684451252222061,spectral
ANG,spectral_slope_mean,0.02030298300087452,spectral
ANG,spectral_slope_std,0.03430454805493355,spectral
ANG,spectral_slope_min,0.002627685898914933,spectral
ANG,spectral_slope_max,0.014697308652102947,spectral
ANG,spectral_slope_median,0.009510979987680912,spectral
ANG,spectral_slope_iqr,0.007464000955224037,spectral
ANG,spectral_slope_skew,0.008477828465402126,spectral
ANG,spectral_slope_kurt,0.013883707113564014,spectral
ANG,spectral_band_0_500_mean,0.08846541494131088,spectral
ANG,spectral_band_0_500_std,0.11167161166667938,spectral
ANG,spectral_band_500_1000_mean,0.003987585660070181,spectral
ANG,spectral_band_500_1000_std,0.0035840757191181183,spectral
ANG,spectral_band_1000_2000_mean,0.02092304453253746,spectral
ANG,spectral_band_1000_2000_std,0.09233798086643219,spectral
ANG,spectral_band_2000_3000_mean,0.012393563985824585,spectral
ANG,spectral_band_2000_3000_std,0.0181150920689106,spectral
ANG,spectral_band_3000_4000_mean,0.03401834890246391,spectral
ANG,spectral_band_3000_4000_std,0.074185810983181,spectral
ANG,spectral_band_4000_5000_mean,0.018041327595710754,spectral
ANG,spectral_band_4000_5000_std,0.011754951439797878,spectral
ANG,spectral_band_5000_6000_mean,0.01803608611226082,spectral
ANG,spectral_band_5000_6000_std,0.012664001435041428,spectral
ANG,spectral_band_6000_8000_mean,0.010130027309060097,spectral
ANG,spectral_band_6000_8000_std,0.024830326437950134,spectral
ANG,spectral_hf_ratio_4000_mean,0.004373608622699976,spectral
ANG,spectral_hf_ratio_4000_std,0.0032926294952630997,spectral
ANG,spectral_hf_ratio_6000_mean,0.009804794564843178,spectral
ANG,spectral_hf_ratio_6000_std,0.00512347649782896,spectral
ANG,spectral_contrast_0_mean,0.010417181998491287,spectral
ANG,spectral_contrast_0_std,0.048279087990522385,spectral
ANG,spectral_contrast_1_mean,0.007098104804754257,spectral
ANG,spectral_contrast_1_std,0.011084277182817459,spectral
ANG,spectral_contrast_2_mean,0.012004395015537739,spectral
ANG,spectral_contrast_2_std,0.005425247363746166,spectral
ANG,spectral_contrast_3_mean,0.007370907347649336,spectral
ANG,spectral_contrast_3_std,0.004251567181199789,spectral
ANG,spectral_contrast_4_mean,0.009011193178594112,spectral
ANG,spectral_contrast_4_std,0.00950182881206274,spectral
ANG,spectral_contrast_5_mean,0.026179011911153793,spectral
ANG,spectral_contrast_5_std,0.0535629540681839,spectral
ANG,spectral_contrast_6_mean,0.005330986808985472,spectral
ANG,spectral_contrast_6_std,0.004134042654186487,spectral
ANG,mfcc_00_mean,0.12342741340398788,mfcc
ANG,mfcc_00_std,0.1784578412771225,mfcc
ANG,mfcc_00_min,0.04212291166186333,mfcc
ANG,mfcc_00_max,0.009299946017563343,mfcc
ANG,mfcc_00_median,0.006700446829199791,mfcc
ANG,mfcc_00_iqr,0.051383670419454575,mfcc
ANG,mfcc_00_skew,0.016257788985967636,mfcc
ANG,mfcc_00_kurt,0.009957443922758102,mfcc
ANG,mfcc_01_mean,0.0063909124583005905,mfcc
ANG,mfcc_01_std,0.006916650105267763,mfcc
ANG,mfcc_01_min,0.032850898802280426,mfcc
ANG,mfcc_01_max,0.006984225008636713,mfcc
ANG,mfcc_01_median,0.0055633909069001675,mfcc
ANG,mfcc_01_iqr,0.01627844199538231,mfcc
ANG,mfcc_01_skew,0.021548986434936523,mfcc
ANG,mfcc_01_kurt,0.03103546053171158,mfcc
ANG,mfcc_02_mean,0.014431244693696499,mfcc
ANG,mfcc_02_std,0.0766046792268753,mfcc
ANG,mfcc_02_min,0.008691643364727497,mfcc
ANG,mfcc_02_max,0.016416864469647408,mfcc
ANG,mfcc_02_median,0.08793763816356659,mfcc
ANG,mfcc_02_iqr,0.012897619046270847,mfcc
ANG,mfcc_02_skew,0.127568319439888,mfcc
ANG,mfcc_02_kurt,0.01033433061093092,mfcc
ANG,mfcc_03_mean,0.030170349404215813,mfcc
ANG,mfcc_03_std,0.27959394454956055,mfcc
ANG,mfcc_03_min,0.05892522260546684,mfcc
ANG,mfcc_03_max,0.17579586803913116,mfcc
ANG,mfcc_03_median,0.021030858159065247,mfcc
ANG,mfcc_03_iqr,0.024136923253536224,mfcc
ANG,mfcc_03_skew,0.057656776160001755,mfcc
ANG,mfcc_03_kurt,0.0141061432659626,mfcc
ANG,mfcc_04_mean,0.06153159588575363,mfcc
ANG,mfcc_04_std,0.052469827234745026,mfcc
ANG,mfcc_04_min,0.16261859238147736,mfcc
ANG,mfcc_04_max,0.02642696164548397,mfcc
ANG,mfcc_04_median,0.06155197322368622,mfcc
ANG,mfcc_04_iqr,0.023993538692593575,mfcc
ANG,mfcc_04_skew,0.00966202188283205,mfcc
ANG,mfcc_04_kurt,0.03414386883378029,mfcc
ANG,mfcc_05_mean,0.00884320493787527,mfcc
ANG,mfcc_05_std,0.016024677082896233,mfcc
ANG,mfcc_05_min,0.00976110901683569,mfcc
ANG,mfcc_05_max,0.03292056545615196,mfcc
ANG,mfcc_05_median,0.029021546244621277,mfcc
ANG,mfcc_05_iqr,0.01271816436201334,mfcc
ANG,mfcc_05_skew,0.017042117193341255,mfcc
ANG,mfcc_05_kurt,0.03674250468611717,mfcc
ANG,mfcc_06_mean,0.015001274645328522,mfcc
ANG,mfcc_06_std,0.0298655703663826,mfcc
ANG,mfcc_06_min,0.02715057134628296,mfcc
ANG,mfcc_06_max,0.10443531721830368,mfcc
ANG,mfcc_06_median,0.026049241423606873,mfcc
ANG,mfcc_06_iqr,0.013292022980749607,mfcc
ANG,mfcc_06_skew,0.02821921929717064,mfcc
ANG,mfcc_06_kurt,0.007126614451408386,mfcc
ANG,mfcc_07_mean,0.01343260332942009,mfcc
ANG,mfcc_07_std,0.010833896696567535,mfcc
ANG,mfcc_07_min,0.009209731593728065,mfcc
ANG,mfcc_07_max,0.027566244825720787,mfcc
ANG,mfcc_07_median,0.02294231951236725,mfcc
ANG,mfcc_07_iqr,0.004721134435385466,mfcc
ANG,mfcc_07_skew,0.011576726101338863,mfcc
ANG,mfcc_07_kurt,0.006873972248286009,mfcc
ANG,mfcc_08_mean,0.011353844776749611,mfcc
ANG,mfcc_08_std,0.030231628566980362,mfcc
ANG,mfcc_08_min,0.050063226372003555,mfcc
ANG,mfcc_08_max,0.007441248744726181,mfcc
ANG,mfcc_08_median,0.04394037276506424,mfcc
ANG,mfcc_08_iqr,0.004245263524353504,mfcc
ANG,mfcc_08_skew,0.012961233966052532,mfcc
ANG,mfcc_08_kurt,0.01027993205934763,mfcc
ANG,mfcc_09_mean,0.023663068190217018,mfcc
ANG,mfcc_09_std,0.008721869438886642,mfcc
ANG,mfcc_09_min,0.062256280332803726,mfcc
ANG,mfcc_09_max,0.004806670360267162,mfcc
ANG,mfcc_09_median,0.02305852249264717,mfcc
ANG,mfcc_09_iqr,0.0037016605492681265,mfcc
ANG,mfcc_09_skew,0.02508675679564476,mfcc
ANG,mfcc_09_kurt,0.03897687420248985,mfcc
ANG,mfcc_10_mean,0.011736774817109108,mfcc
ANG,mfcc_10_std,0.006547107826918364,mfcc
ANG,mfcc_10_min,0.016003049910068512,mfcc
ANG,mfcc_10_max,0.007431385572999716,mfcc
ANG,mfcc_10_median,0.007010406814515591,mfcc
ANG,mfcc_10_iqr,0.00978408195078373,mfcc
ANG,mfcc_10_skew,0.011572437360882759,mfcc
ANG,mfcc_10_kurt,0.010459553450345993,mfcc
ANG,mfcc_11_mean,0.025754181668162346,mfcc
ANG,mfcc_11_std,0.03826897591352463,mfcc
ANG,mfcc_11_min,0.0206880122423172,mfcc
ANG,mfcc_11_max,0.010730710811913013,mfcc
ANG,mfcc_11_median,0.03722931072115898,mfcc
ANG,mfcc_11_iqr,0.030911589041352272,mfcc
ANG,mfcc_11_skew,0.07152925431728363,mfcc
ANG,mfcc_11_kurt,0.011291814967989922,mfcc
ANG,mfcc_12_mean,0.02419687993824482,mfcc
ANG,mfcc_12_std,0.004274770151823759,mfcc
ANG,mfcc_12_min,0.008105241693556309,mfcc
ANG,mfcc_12_max,0.027323434129357338,mfcc
ANG,mfcc_12_median,0.004658335354179144,mfcc
ANG,mfcc_12_iqr,0.010638324543833733,mfcc
ANG,mfcc_12_skew,0.014195006340742111,mfcc
ANG,mfcc_12_kurt,0.005032533314079046,mfcc
ANG,mfcc_13_mean,0.09954342246055603,mfcc
ANG,mfcc_13_std,0.004061528481543064,mfcc
ANG,mfcc_13_min,0.025344179943203926,mfcc
ANG,mfcc_13_max,0.008139590732753277,mfcc
ANG,mfcc_13_median,0.04773487523198128,mfcc
ANG,mfcc_13_iqr,0.01962105743587017,mfcc
ANG,mfcc_13_skew,0.012691088952124119,mfcc
ANG,mfcc_13_kurt,0.006863787770271301,mfcc
ANG,mfcc_14_mean,0.005442788824439049,mfcc
ANG,mfcc_14_std,0.008298351429402828,mfcc
ANG,mfcc_14_min,0.010438976809382439,mfcc
ANG,mfcc_14_max,0.005716665647923946,mfcc
ANG,mfcc_14_median,0.005481223575770855,mfcc
ANG,mfcc_14_iqr,0.011451722122728825,mfcc
ANG,mfcc_14_skew,0.018940117210149765,mfcc
ANG,mfcc_14_kurt,0.01496950350701809,mfcc
ANG,mfcc_15_mean,0.008922568522393703,mfcc
ANG,mfcc_15_std,0.004910781513899565,mfcc
ANG,mfcc_15_min,0.018939759582281113,mfcc
ANG,mfcc_15_max,0.019601425155997276,mfcc
ANG,mfcc_15_median,0.011816869489848614,mfcc
ANG,mfcc_15_iqr,0.0026051742024719715,mfcc
ANG,mfcc_15_skew,0.009046354331076145,mfcc
ANG,mfcc_15_kurt,0.027793236076831818,mfcc
ANG,mfcc_16_mean,0.014649618417024612,mfcc
ANG,mfcc_16_std,0.002615280682221055,mfcc
ANG,mfcc_16_min,0.019129591062664986,mfcc
ANG,mfcc_16_max,0.01744142919778824,mfcc
ANG,mfcc_16_median,0.010035485029220581,mfcc
ANG,mfcc_16_iqr,0.009379285387694836,mfcc
ANG,mfcc_16_skew,0.008067980408668518,mfcc
ANG,mfcc_16_kurt,0.016093648970127106,mfcc
ANG,mfcc_17_mean,0.0075688473880290985,mfcc
ANG,mfcc_17_std,0.0033950957003980875,mfcc
ANG,mfcc_17_min,0.004977571777999401,mfcc
ANG,mfcc_17_max,0.00833465252071619,mfcc
ANG,mfcc_17_median,0.010535534471273422,mfcc
ANG,mfcc_17_iqr,0.024987880140542984,mfcc
ANG,mfcc_17_skew,0.008469703607261181,mfcc
ANG,mfcc_17_kurt,0.00645508011803031,mfcc
ANG,mfcc_18_mean,0.006575488019734621,mfcc
ANG,mfcc_18_std,0.004168945364654064,mfcc
ANG,mfcc_18_min,0.07395505905151367,mfcc
ANG,mfcc_18_max,0.013094531372189522,mfcc
ANG,mfcc_18_median,0.018401427194476128,mfcc
ANG,mfcc_18_iqr,0.017828302457928658,mfcc
ANG,mfcc_18_skew,0.008929247967898846,mfcc
ANG,mfcc_18_kurt,0.02520139515399933,mfcc
ANG,mfcc_19_mean,0.004896650090813637,mfcc
ANG,mfcc_19_std,0.022873397916555405,mfcc
ANG,mfcc_19_min,0.013093930669128895,mfcc
ANG,mfcc_19_max,0.012047331780195236,mfcc
ANG,mfcc_19_median,0.009378955699503422,mfcc
ANG,mfcc_19_iqr,0.02284710854291916,mfcc
ANG,mfcc_19_skew,0.005447979550808668,mfcc
ANG,mfcc_19_kurt,0.006636416539549828,mfcc
ANG,mfcc_d1_00_mean,0.02337215654551983,mfcc
ANG,mfcc_d1_00_std,1.1132416725158691,mfcc
ANG,mfcc_d2_00_mean,0.018956545740365982,mfcc
ANG,mfcc_d2_00_std,0.32310160994529724,mfcc
ANG,mfcc_d1_01_mean,0.017334336414933205,mfcc
ANG,mfcc_d1_01_std,0.04285849630832672,mfcc
ANG,mfcc_d2_01_mean,0.026690851897001266,mfcc
ANG,mfcc_d2_01_std,0.014311185106635094,mfcc
ANG,mfcc_d1_02_mean,0.0325891487300396,mfcc
ANG,mfcc_d1_02_std,0.1588602215051651,mfcc
ANG,mfcc_d2_02_mean,0.03952658548951149,mfcc
ANG,mfcc_d2_02_std,0.01146097294986248,mfcc
ANG,mfcc_d1_03_mean,0.05701642483472824,mfcc
ANG,mfcc_d1_03_std,0.031261980533599854,mfcc
ANG,mfcc_d2_03_mean,0.01458803191781044,mfcc
ANG,mfcc_d2_03_std,0.18702484667301178,mfcc
ANG,mfcc_d1_04_mean,0.015629904344677925,mfcc
ANG,mfcc_d1_04_std,0.01757674291729927,mfcc
ANG,mfcc_d2_04_mean,0.004868960008025169,mfcc
ANG,mfcc_d2_04_std,0.02600853331387043,mfcc
ANG,mfcc_d1_05_mean,0.010266268625855446,mfcc
ANG,mfcc_d1_05_std,0.007644405588507652,mfcc
ANG,mfcc_d2_05_mean,0.04229201748967171,mfcc
ANG,mfcc_d2_05_std,0.004244797397404909,mfcc
ANG,mfcc_d1_06_mean,0.01015960332006216,mfcc
ANG,mfcc_d1_06_std,0.016643136739730835,mfcc
ANG,mfcc_d2_06_mean,0.006288920529186726,mfcc
ANG,mfcc_d2_06_std,0.00973602756857872,mfcc
ANG,mfcc_d1_07_mean,0.007093494758009911,mfcc
ANG,mfcc_d1_07_std,0.007522696629166603,mfcc
ANG,mfcc_d2_07_mean,0.07104983180761337,mfcc
ANG,mfcc_d2_07_std,0.011256453581154346,mfcc
ANG,mfcc_d1_08_mean,0.020990941673517227,mfcc
ANG,mfcc_d1_08_std,0.008135825395584106,mfcc
ANG,mfcc_d2_08_mean,0.00786602683365345,mfcc
ANG,mfcc_d2_08_std,0.013428991660475731,mfcc
ANG,mfcc_d1_09_mean,0.03747403249144554,mfcc
ANG,mfcc_d1_09_std,0.006864490453153849,mfcc
ANG,mfcc_d2_09_mean,0.0114981634542346,mfcc
ANG,mfcc_d2_09_std,0.013010797090828419,mfcc
ANG,mfcc_d1_10_mean,0.04036281257867813,mfcc
ANG,mfcc_d1_10_std,0.008286832831799984,mfcc
ANG,mfcc_d2_10_mean,0.01024285051971674,mfcc
ANG,mfcc_d2_10_std,0.008852855302393436,mfcc
ANG,mfcc_d1_11_mean,0.03545905277132988,mfcc
ANG,mfcc_d1_11_std,0.021060369908809662,mfcc
ANG,mfcc_d2_11_mean,0.008437150157988071,mfcc
ANG,mfcc_d2_11_std,0.0071896743029356,mfcc
ANG,mfcc_d1_12_mean,0.018550395965576172,mfcc
ANG,mfcc_d1_12_std,0.009920251555740833,mfcc
ANG,mfcc_d2_12_mean,0.005737548228353262,mfcc
ANG,mfcc_d2_12_std,0.08367368578910828,mfcc
ANG,mfcc_d1_13_mean,0.00884571298956871,mfcc
ANG,mfcc_d1_13_std,0.005439169704914093,mfcc
ANG,mfcc_d2_13_mean,0.021768871694803238,mfcc
ANG,mfcc_d2_13_std,0.02343183010816574,mfcc
ANG,mfcc_d1_14_mean,0.013334161601960659,mfcc
ANG,mfcc_d1_14_std,0.0038444320671260357,mfcc
ANG,mfcc_d2_14_mean,0.019991464912891388,mfcc
ANG,mfcc_d2_14_std,0.0212860070168972,mfcc
ANG,mfcc_d1_15_mean,0.01654018834233284,mfcc
ANG,mfcc_d1_15_std,0.007295974995940924,mfcc
ANG,mfcc_d2_15_mean,0.030942315235733986,mfcc
ANG,mfcc_d2_15_std,0.017640311270952225,mfcc
ANG,mfcc_d1_16_mean,0.006420153193175793,mfcc
ANG,mfcc_d1_16_std,0.001190180191770196,mfcc
ANG,mfcc_d2_16_mean,0.01034144964069128,mfcc
ANG,mfcc_d2_16_std,0.017580756917595863,mfcc
ANG,mfcc_d1_17_mean,0.012989897280931473,mfcc
ANG,mfcc_d1_17_std,0.03837484493851662,mfcc
ANG,mfcc_d2_17_mean,0.017432762309908867,mfcc
ANG,mfcc_d2_17_std,0.011027747765183449,mfcc
ANG,mfcc_d1_18_mean,0.014728168025612831,mfcc
ANG,mfcc_d1_18_std,0.0026499710511416197,mfcc
ANG,mfcc_d2_18_mean,0.009477195329964161,mfcc
ANG,mfcc_d2_18_std,0.01329988706856966,mfcc
ANG,mfcc_d1_19_mean,0.009432222694158554,mfcc
ANG,mfcc_d1_19_std,0.011040575802326202,mfcc
ANG,mfcc_d2_19_mean,0.09972123801708221,mfcc
ANG,mfcc_d2_19_std,0.007475959602743387,mfcc
ANG,chroma_00_mean,0.00876188650727272,chroma
ANG,chroma_00_std,0.01028553768992424,chroma
ANG,chroma_01_mean,0.016059670597314835,chroma
ANG,chroma_01_std,0.030134988948702812,chroma
ANG,chroma_02_mean,0.0036445423029363155,chroma
ANG,chroma_02_std,0.030624574050307274,chroma
ANG,chroma_03_mean,0.007085692137479782,chroma
ANG,chroma_03_std,0.007181985303759575,chroma
ANG,chroma_04_mean,0.008869320154190063,chroma
ANG,chroma_04_std,0.03114047646522522,chroma
ANG,chroma_05_mean,0.005335628986358643,chroma
ANG,chroma_05_std,0.00928390771150589,chroma
ANG,chroma_06_mean,0.006700955331325531,chroma
ANG,chroma_06_std,0.005947485566139221,chroma
ANG,chroma_07_mean,0.010946789756417274,chroma
ANG,chroma_07_std,0.004855372942984104,chroma
ANG,chroma_08_mean,0.0067710112780332565,chroma
ANG,chroma_08_std,0.004686200525611639,chroma
ANG,chroma_09_mean,0.007323695812374353,chroma
ANG,chroma_09_std,0.005742743145674467,chroma
ANG,chroma_10_mean,0.010566863231360912,chroma
ANG,chroma_10_std,0.02299298532307148,chroma
ANG,chroma_11_mean,0.0034180462826043367,chroma
ANG,chroma_11_std,0.0030540607403963804,chroma
ANG,prosody_f0_mean,0.011963344179093838,prosody
ANG,prosody_f0_std,0.008955862373113632,prosody
ANG,prosody_f0_min,0.007805829867720604,prosody
ANG,prosody_f0_max,0.003416001331061125,prosody
ANG,prosody_f0_median,0.007874995470046997,prosody
ANG,prosody_f0_iqr,0.0065084961242973804,prosody
ANG,prosody_f0_skew,0.027466854080557823,prosody
ANG,prosody_f0_kurt,0.009380028583109379,prosody
ANG,prosody_voiced_fraction,0.04329219087958336,prosody
ANG,prosody_f0_slope_abs_mean,0.01482915598899126,prosody
ANG,prosody_n_voiced_segments,0.005950285121798515,prosody
ANG,prosody_voiced_rate_per_s,0.05309826508164406,prosody
ANG,prosody_mean_voiced_seg_s,0.006103775463998318,prosody
ANG,prosody_pause_fraction,0.02234773337841034,prosody
ANG,prosody_jitter_local,0.025238441303372383,prosody
ANG,prosody_jitter_rap,0.026841888204216957,prosody
ANG,prosody_jitter_ppq5,0.0075223143212497234,prosody
ANG,prosody_jitter_ddp,0.018017342314124107,prosody
ANG,prosody_shimmer_local,0.006844136863946915,prosody
ANG,prosody_shimmer_localdb,0.016033004969358444,prosody
ANG,prosody_shimmer_apq3,0.019213754683732986,prosody
ANG,prosody_shimmer_apq5,0.016851024702191353,prosody
ANG,prosody_shimmer_apq11,0.0262240469455719,prosody
ANG,prosody_shimmer_dda,0.004965637344866991,prosody
ANG,prosody_hnr_mean,0.013989830389618874,prosody
ANG,prosody_hnr_std,0.009648147039115429,prosody
ANG,prosody_hnr_min,0.005526931490749121,prosody
ANG,prosody_hnr_max,0.01203816756606102,prosody
ANG,prosody_hnr_median,0.004005650989711285,prosody
ANG,prosody_f1_mean,0.004407783504575491,prosody
ANG,prosody_f1_std,0.0970553606748581,prosody
ANG,prosody_f1_median,0.011807817965745926,prosody
ANG,prosody_f1_bw_median,0.18296463787555695,prosody
ANG,prosody_f2_mean,0.007410129532217979,prosody
ANG,prosody_f2_std,0.022249039262533188,prosody
ANG,prosody_f2_median,0.015366053208708763,prosody
ANG,prosody_f2_bw_median,0.007186098024249077,prosody
ANG,prosody_f3_mean,0.007094541564583778,prosody
ANG,prosody_f3_std,0.0491751953959465,prosody
ANG,prosody_f3_median,0.011504090391099453,prosody
ANG,prosody_f3_bw_median,0.029519563540816307,prosody
ANG,prosody_f4_mean,0.06420103460550308,prosody
ANG,prosody_f4_std,0.02832168899476528,prosody
ANG,prosody_f4_median,0.048794232308864594,prosody
ANG,prosody_f5_mean,0.010175606235861778,prosody
ANG,prosody_f5_std,0.014353572390973568,prosody
ANG,prosody_f5_median,0.08755318075418472,prosody
ANG,prosody_intensity_mean,0.012185429222881794,prosody
ANG,prosody_intensity_std,0.1375586986541748,prosody
ANG,prosody_intensity_min,0.12587812542915344,prosody
ANG,prosody_intensity_max,0.007216483820229769,prosody
ANG,prosody_intensity_median,0.0064196474850177765,prosody
ANG,prosody_intensity_iqr,0.01863091066479683,prosody
ANG,prosody_intensity_skew,0.011702539399266243,prosody
ANG,prosody_intensity_kurt,0.02263948880136013,prosody
ANG,prosody_cpps,0.018703419715166092,prosody
DIS,duration_s,0.3455195128917694,other
DIS,peak_amplitude,0.017471419647336006,other
DIS,spectral_centroid_mean,0.010668138042092323,spectral
DIS,spectral_centroid_std,0.00575445219874382,spectral
DIS,spectral_centroid_min,0.008383277803659439,spectral
DIS,spectral_centroid_max,0.005339219234883785,spectral
DIS,spectral_centroid_median,0.040431056171655655,spectral
DIS,spectral_centroid_iqr,0.06798256188631058,spectral
DIS,spectral_centroid_skew,0.004868298303335905,spectral
DIS,spectral_centroid_kurt,0.0056097861379384995,spectral
DIS,spectral_bandwidth_mean,0.0027084932662546635,spectral
DIS,spectral_bandwidth_std,0.003757911967113614,spectral
DIS,spectral_bandwidth_min,0.005436704494059086,spectral
DIS,spectral_bandwidth_max,0.005974147003144026,spectral
DIS,spectral_bandwidth_median,0.017773259431123734,spectral
DIS,spectral_bandwidth_iqr,0.005443763919174671,spectral
DIS,spectral_bandwidth_skew,0.009322773665189743,spectral
DIS,spectral_bandwidth_kurt,0.00751282274723053,spectral
DIS,spectral_rolloff85_mean,0.016003189608454704,spectral
DIS,spectral_rolloff85_std,0.0018281221855431795,spectral
DIS,spectral_rolloff85_min,0.0033365630079060793,spectral
DIS,spectral_rolloff85_max,0.00856065470725298,spectral
DIS,spectral_rolloff85_median,0.013237014412879944,spectral
DIS,spectral_rolloff85_iqr,0.024988947436213493,spectral
DIS,spectral_rolloff85_skew,0.007301689591258764,spectral
DIS,spectral_rolloff85_kurt,0.005104391369968653,spectral
DIS,spectral_rolloff95_mean,0.009806538932025433,spectral
DIS,spectral_rolloff95_std,0.004574126098304987,spectral
DIS,spectral_rolloff95_min,0.001725375303067267,spectral
DIS,spectral_rolloff95_max,0.003512734081596136,spectral
DIS,spectral_rolloff95_median,0.004654290620237589,spectral
DIS,spectral_rolloff95_iqr,0.02883489616215229,spectral
DIS,spectral_rolloff95_skew,0.009495445527136326,spectral
DIS,spectral_rolloff95_kurt,0.005273869726806879,spectral
DIS,spectral_flatness_mean,0.006760916672646999,spectral
DIS,spectral_flatness_std,0.011810224503278732,spectral
DIS,spectral_flatness_min,0.006421768572181463,spectral
DIS,spectral_flatness_max,0.012470990419387817,spectral
DIS,spectral_flatness_median,0.006316822953522205,spectral
DIS,spectral_flatness_iqr,0.003919954877346754,spectral
DIS,spectral_flatness_skew,0.008241640403866768,spectral
DIS,spectral_flatness_kurt,0.011924004182219505,spectral
DIS,spectral_zcr_mean,0.0052247061394155025,spectral
DIS,spectral_zcr_std,0.011259932070970535,spectral
DIS,spectral_zcr_min,0.0047910683788359165,spectral
DIS,spectral_zcr_max,0.007066670339554548,spectral
DIS,spectral_zcr_median,0.01245545968413353,spectral
DIS,spectral_zcr_iqr,0.005909349303692579,spectral
DIS,spectral_zcr_skew,0.004719060380011797,spectral
DIS,spectral_zcr_kurt,0.010131310671567917,spectral
DIS,spectral_rms_mean,0.01345166563987732,spectral
DIS,spectral_rms_std,0.010148131288588047,spectral
DIS,spectral_rms_min,0.017092175781726837,spectral
DIS,spectral_rms_max,0.014005971141159534,spectral
DIS,spectral_rms_median,0.016782047227025032,spectral
DIS,spectral_rms_iqr,0.018885500729084015,spectral
DIS,spectral_rms_skew,0.006138698197901249,spectral
DIS,spectral_rms_kurt,0.010457795113325119,spectral
DIS,spectral_flux_mean,0.009505409747362137,spectral
DIS,spectral_flux_std,0.017236407846212387,spectral
DIS,spectral_flux_min,0.01162152923643589,spectral
DIS,spectral_flux_max,0.010743677616119385,spectral
DIS,spectral_flux_median,0.009455166757106781,spectral
DIS,spectral_flux_iqr,0.027684157714247704,spectral
DIS,spectral_flux_skew,0.01130242645740509,spectral
DIS,spectral_flux_kurt,0.014359969645738602,spectral
DIS,spectral_entropy_mean,0.04584972560405731,spectral
DIS,spectral_entropy_std,0.024781040847301483,spectral
DIS,spectral_entropy_min,0.02248470112681389,spectral
DIS,spectral_entropy_max,0.02164890617132187,spectral
DIS,spectral_entropy_median,0.06775770336389542,spectral
DIS,spectral_entropy_iqr,0.02961336076259613,spectral
DIS,spectral_entropy_skew,0.015839366242289543,spectral
DIS,spectral_entropy_kurt,0.014084935188293457,spectral
DIS,spectral_slope_mean,0.017247481271624565,spectral
DIS,spectral_slope_std,0.007798428647220135,spectral
DIS,spectral_slope_min,0.01327180303633213,spectral
DIS,spectral_slope_max,0.012833359651267529,spectral
DIS,spectral_slope_median,0.026633145287632942,spectral
DIS,spectral_slope_iqr,0.0071143764071166515,spectral
DIS,spectral_slope_skew,0.0034214078914374113,spectral
DIS,spectral_slope_kurt,0.0073069618083536625,spectral
DIS,spectral_band_0_500_mean,0.02992861345410347,spectral
DIS,spectral_band_0_500_std,0.013205948285758495,spectral
DIS,spectral_band_500_1000_mean,0.02830648049712181,spectral
DIS,spectral_band_500_1000_std,0.0043439678847789764,spectral
DIS,spectral_band_1000_2000_mean,0.02060495689511299,spectral
DIS,spectral_band_1000_2000_std,0.06991688907146454,spectral
DIS,spectral_band_2000_3000_mean,0.108418770134449,spectral
DIS,spectral_band_2000_3000_std,0.08832304924726486,spectral
DIS,spectral_band_3000_4000_mean,0.007076370529830456,spectral
DIS,spectral_band_3000_4000_std,0.004844298120588064,spectral
DIS,spectral_band_4000_5000_mean,0.004511371720582247,spectral
DIS,spectral_band_4000_5000_std,0.005949708167463541,spectral
DIS,spectral_band_5000_6000_mean,0.008427859283983707,spectral
DIS,spectral_band_5000_6000_std,0.004652832169085741,spectral
DIS,spectral_band_6000_8000_mean,0.00886338297277689,spectral
DIS,spectral_band_6000_8000_std,0.004356471821665764,spectral
DIS,spectral_hf_ratio_4000_mean,0.004370742477476597,spectral
DIS,spectral_hf_ratio_4000_std,0.008211332373321056,spectral
DIS,spectral_hf_ratio_6000_mean,0.0011041120160371065,spectral
DIS,spectral_hf_ratio_6000_std,0.00475316634401679,spectral
DIS,spectral_contrast_0_mean,0.04611731693148613,spectral
DIS,spectral_contrast_0_std,0.06936071068048477,spectral
DIS,spectral_contrast_1_mean,0.09895774722099304,spectral
DIS,spectral_contrast_1_std,0.04114802926778793,spectral
DIS,spectral_contrast_2_mean,0.06809049844741821,spectral
DIS,spectral_contrast_2_std,0.07393056899309158,spectral
DIS,spectral_contrast_3_mean,0.010451064445078373,spectral
DIS,spectral_contrast_3_std,0.009266942739486694,spectral
DIS,spectral_contrast_4_mean,0.008395470678806305,spectral
DIS,spectral_contrast_4_std,0.006779671646654606,spectral
DIS,spectral_contrast_5_mean,0.03359445929527283,spectral
DIS,spectral_contrast_5_std,0.022467197850346565,spectral
DIS,spectral_contrast_6_mean,0.006288115866482258,spectral
DIS,spectral_contrast_6_std,0.007741743698716164,spectral
DIS,mfcc_00_mean,0.03236803784966469,mfcc
DIS,mfcc_00_std,0.036848776042461395,mfcc
DIS,mfcc_00_min,0.005992066580802202,mfcc
DIS,mfcc_00_max,0.019236912950873375,mfcc
DIS,mfcc_00_median,0.10226254165172577,mfcc
DIS,mfcc_00_iqr,0.03448417782783508,mfcc
DIS,mfcc_00_skew,0.055391788482666016,mfcc
DIS,mfcc_00_kurt,0.05639185011386871,mfcc
DIS,mfcc_01_mean,0.010070177726447582,mfcc
DIS,mfcc_01_std,0.006452078931033611,mfcc
DIS,mfcc_01_min,0.006009106524288654,mfcc
DIS,mfcc_01_max,0.038921620696783066,mfcc
DIS,mfcc_01_median,0.011444411240518093,mfcc
DIS,mfcc_01_iqr,0.005674661602824926,mfcc
DIS,mfcc_01_skew,0.02205774001777172,mfcc
DIS,mfcc_01_kurt,0.010663948953151703,mfcc
DIS,mfcc_02_mean,0.0048360941000282764,mfcc
DIS,mfcc_02_std,0.16546176373958588,mfcc
DIS,mfcc_02_min,0.04697467386722565,mfcc
DIS,mfcc_02_max,0.004074459429830313,mfcc
DIS,mfcc_02_median,0.02865435928106308,mfcc
DIS,mfcc_02_iqr,0.07845691591501236,mfcc
DIS,mfcc_02_skew,0.047955453395843506,mfcc
DIS,mfcc_02_kurt,0.023931508883833885,mfcc
DIS,mfcc_03_mean,0.046850934624671936,mfcc
DIS,mfcc_03_std,0.18137545883655548,mfcc
DIS,mfcc_03_min,0.06071106716990471,mfcc
DIS,mfcc_03_max,0.022381359711289406,mfcc
DIS,mfcc_03_median,0.03666940703988075,mfcc
DIS,mfcc_03_iqr,0.017580999061465263,mfcc
DIS,mfcc_03_skew,0.028803065419197083,mfcc
DIS,mfcc_03_kurt,0.01188739575445652,mfcc
DIS,mfcc_04_mean,0.005188523791730404,mfcc
DIS,mfcc_04_std,0.019745945930480957,mfcc
DIS,mfcc_04_min,0.02370319701731205,mfcc
DIS,mfcc_04_max,0.0303829163312912,mfcc
DIS,mfcc_04_median,0.004869355354458094,mfcc
DIS,mfcc_04_iqr,0.010072304867208004,mfcc
DIS,mfcc_04_skew,0.004588780924677849,mfcc
DIS,mfcc_04_kurt,0.007527458481490612,mfcc
DIS,mfcc_05_mean,0.08269931375980377,mfcc
DIS,mfcc_05_std,0.054830584675073624,mfcc
DIS,mfcc_05_min,0.06673774868249893,mfcc
DIS,mfcc_05_max,0.01585814729332924,mfcc
DIS,mfcc_05_median,0.07337290793657303,mfcc
DIS,mfcc_05_iqr,0.047350749373435974,mfcc
DIS,mfcc_05_skew,0.011771726422011852,mfcc
DIS,mfcc_05_kurt,0.008398545905947685,mfcc
DIS,mfcc_06_mean,0.011370429769158363,mfcc
DIS,mfcc_06_std,0.0780397579073906,mfcc
DIS,mfcc_06_min,0.09248192608356476,mfcc
DIS,mfcc_06_max,0.02966480888426304,mfcc
DIS,mfcc_06_median,0.014176170341670513,mfcc
DIS,mfcc_06_iqr,0.06899797171354294,mfcc
DIS,mfcc_06_skew,0.004634395241737366,mfcc
DIS,mfcc_06_kurt,0.03173922374844551,mfcc
DIS,mfcc_07_mean,0.0084712915122509,mfcc
DIS,mfcc_07_std,0.010954131372272968,mfcc
DIS,mfcc_07_min,0.012590954080224037,mfcc
DIS,mfcc_07_max,0.011301850900053978,mfcc
DIS,mfcc_07_median,0.020661858841776848,mfcc
DIS,mfcc_07_iqr,0.026715315878391266,mfcc
DIS,mfcc_07_skew,0.01609089784324169,mfcc
DIS,mfcc_07_kurt,0.006790495943278074,mfcc
DIS,mfcc_08_mean,0.022371893748641014,mfcc
DIS,mfcc_08_std,0.0171830914914608,mfcc
DIS,mfcc_08_min,0.014380337670445442,mfcc
DIS,mfcc_08_max,0.04042825102806091,mfcc
DIS,mfcc_08_median,0.04717462509870529,mfcc
DIS,mfcc_08_iqr,0.01647980883717537,mfcc
DIS,mfcc_08_skew,0.06995119154453278,mfcc
DIS,mfcc_08_kurt,0.026214443147182465,mfcc
DIS,mfcc_09_mean,0.17394298315048218,mfcc
DIS,mfcc_09_std,0.0036079473793506622,mfcc
DIS,mfcc_09_min,0.04570251703262329,mfcc
DIS,mfcc_09_max,0.12598896026611328,mfcc
DIS,mfcc_09_median,0.15584947168827057,mfcc
DIS,mfcc_09_iqr,0.006632138974964619,mfcc
DIS,mfcc_09_skew,0.03630101680755615,mfcc
DIS,mfcc_09_kurt,0.005885269958525896,mfcc
DIS,mfcc_10_mean,0.027174033224582672,mfcc
DIS,mfcc_10_std,0.0267682746052742,mfcc
DIS,mfcc_10_min,0.008925913833081722,mfcc
DIS,mfcc_10_max,0.01673223450779915,mfcc
DIS,mfcc_10_median,0.03935972973704338,mfcc
DIS,mfcc_10_iqr,0.005284538492560387,mfcc
DIS,mfcc_10_skew,0.009512622840702534,mfcc
DIS,mfcc_10_kurt,0.021622395142912865,mfcc
DIS,mfcc_11_mean,0.029529139399528503,mfcc
DIS,mfcc_11_std,0.025185661390423775,mfcc
DIS,mfcc_11_min,0.014920627698302269,mfcc
DIS,mfcc_11_max,0.07720118016004562,mfcc
DIS,mfcc_11_median,0.03376767784357071,mfcc
DIS,mfcc_11_iqr,0.023167600855231285,mfcc
DIS,mfcc_11_skew,0.028195776045322418,mfcc
DIS,mfcc_11_kurt,0.02210637368261814,mfcc
DIS,mfcc_12_mean,0.015565996058285236,mfcc
DIS,mfcc_12_std,0.013821005821228027,mfcc
DIS,mfcc_12_min,0.0070213573053479195,mfcc
DIS,mfcc_12_max,0.019429082050919533,mfcc
DIS,mfcc_12_median,0.008629074320197105,mfcc
DIS,mfcc_12_iqr,0.008831700310111046,mfcc
DIS,mfcc_12_skew,0.006721333600580692,mfcc
DIS,mfcc_12_kurt,0.02666334994137287,mfcc
DIS,mfcc_13_mean,0.023562373593449593,mfcc
DIS,mfcc_13_std,0.023452289402484894,mfcc
DIS,mfcc_13_min,0.022615157067775726,mfcc
DIS,mfcc_13_max,0.021159334108233452,mfcc
DIS,mfcc_13_median,0.009310806170105934,mfcc
DIS,mfcc_13_iqr,0.016381477937102318,mfcc
DIS,mfcc_13_skew,0.013155749998986721,mfcc
DIS,mfcc_13_kurt,0.01255491841584444,mfcc
DIS,mfcc_14_mean,0.02190266363322735,mfcc
DIS,mfcc_14_std,0.009084883145987988,mfcc
DIS,mfcc_14_min,0.008353783749043941,mfcc
DIS,mfcc_14_max,0.011878050863742828,mfcc
DIS,mfcc_14_median,0.009094635024666786,mfcc
DIS,mfcc_14_iqr,0.02425483800470829,mfcc
DIS,mfcc_14_skew,0.04006226733326912,mfcc
DIS,mfcc_14_kurt,0.019902104511857033,mfcc
DIS,mfcc_15_mean,0.011908471584320068,mfcc
DIS,mfcc_15_std,0.00932057574391365,mfcc
DIS,mfcc_15_min,0.012373846024274826,mfcc
DIS,mfcc_15_max,0.03745052590966225,mfcc
DIS,mfcc_15_median,0.013340172357857227,mfcc
DIS,mfcc_15_iqr,0.020689768716692924,mfcc
DIS,mfcc_15_skew,0.011963528580963612,mfcc
DIS,mfcc_15_kurt,0.007485765498131514,mfcc
DIS,mfcc_16_mean,0.032753877341747284,mfcc
DIS,mfcc_16_std,0.003930592909455299,mfcc
DIS,mfcc_16_min,0.036360133439302444,mfcc
DIS,mfcc_16_max,0.010795807465910912,mfcc
DIS,mfcc_16_median,0.05125223472714424,mfcc
DIS,mfcc_16_iqr,0.012230517342686653,mfcc
DIS,mfcc_16_skew,0.011911838315427303,mfcc
DIS,mfcc_16_kurt,0.01605098322033882,mfcc
DIS,mfcc_17_mean,0.005586856976151466,mfcc
DIS,mfcc_17_std,0.01041504181921482,mfcc
DIS,mfcc_17_min,0.019301800057291985,mfcc
DIS,mfcc_17_max,0.015177378430962563,mfcc
DIS,mfcc_17_median,0.005157825071364641,mfcc
DIS,mfcc_17_iqr,0.01026485301554203,mfcc
DIS,mfcc_17_skew,0.017291534692049026,mfcc
DIS,mfcc_17_kurt,0.00618524756282568,mfcc
DIS,mfcc_18_mean,0.012739795260131359,mfcc
DIS,mfcc_18_std,0.021175963804125786,mfcc
DIS,mfcc_18_min,0.008121639490127563,mfcc
DIS,mfcc_18_max,0.05657774582505226,mfcc
DIS,mfcc_18_median,0.010702315717935562,mfcc
DIS,mfcc_18_iqr,0.004539397079497576,mfcc
DIS,mfcc_18_skew,0.007086040917783976,mfcc
DIS,mfcc_18_kurt,0.018344666808843613,mfcc
DIS,mfcc_19_mean,0.03216985985636711,mfcc
DIS,mfcc_19_std,0.005072987172752619,mfcc
DIS,mfcc_19_min,0.01833297498524189,mfcc
DIS,mfcc_19_max,0.03602167218923569,mfcc
DIS,mfcc_19_median,0.034330736845731735,mfcc
DIS,mfcc_19_iqr,0.025653373450040817,mfcc
DIS,mfcc_19_skew,0.02145245485007763,mfcc
DIS,mfcc_19_kurt,0.012711387127637863,mfcc
DIS,mfcc_d1_00_mean,0.02186565473675728,mfcc
DIS,mfcc_d1_00_std,0.06296001374721527,mfcc
DIS,mfcc_d2_00_mean,0.0071915388107299805,mfcc
DIS,mfcc_d2_00_std,0.18387386202812195,mfcc
DIS,mfcc_d1_01_mean,0.04673004150390625,mfcc
DIS,mfcc_d1_01_std,0.03551161289215088,mfcc
DIS,mfcc_d2_01_mean,0.017714915797114372,mfcc
DIS,mfcc_d2_01_std,0.28099480271339417,mfcc
DIS,mfcc_d1_02_mean,0.012917282991111279,mfcc
DIS,mfcc_d1_02_std,0.02535320818424225,mfcc
DIS,mfcc_d2_02_mean,0.019245419651269913,mfcc
DIS,mfcc_d2_02_std,0.014915755949914455,mfcc
DIS,mfcc_d1_03_mean,0.011258021928369999,mfcc
DIS,mfcc_d1_03_std,0.09902501851320267,mfcc
DIS,mfcc_d2_03_mean,0.013254819437861443,mfcc
DIS,mfcc_d2_03_std,0.06277632713317871,mfcc
DIS,mfcc_d1_04_mean,0.020599067211151123,mfcc
DIS,mfcc_d1_04_std,0.013171181082725525,mfcc
DIS,mfcc_d2_04_mean,0.007160488981753588,mfcc
DIS,mfcc_d2_04_std,0.12401539832353592,mfcc
DIS,mfcc_d1_05_mean,0.01736302673816681,mfcc
DIS,mfcc_d1_05_std,0.007552133407443762,mfcc
DIS,mfcc_d2_05_mean,0.008911507204174995,mfcc
DIS,mfcc_d2_05_std,0.035477157682180405,mfcc
DIS,mfcc_d1_06_mean,0.06805717200040817,mfcc
DIS,mfcc_d1_06_std,0.020318184047937393,mfcc
DIS,mfcc_d2_06_mean,0.024113254621624947,mfcc
DIS,mfcc_d2_06_std,0.007960560731589794,mfcc
DIS,mfcc_d1_07_mean,0.015154809691011906,mfcc
DIS,mfcc_d1_07_std,0.0072862268425524235,mfcc
DIS,mfcc_d2_07_mean,0.014124141074717045,mfcc
DIS,mfcc_d2_07_std,0.11712946742773056,mfcc
DIS,mfcc_d1_08_mean,0.008423451334238052,mfcc
DIS,mfcc_d1_08_std,0.014769480563700199,mfcc
DIS,mfcc_d2_08_mean,0.017316259443759918,mfcc
DIS,mfcc_d2_08_std,0.02827451005578041,mfcc
DIS,mfcc_d1_09_mean,0.01163905207067728,mfcc
DIS,mfcc_d1_09_std,0.020499592646956444,mfcc
DIS,mfcc_d2_09_mean,0.012641475535929203,mfcc
DIS,mfcc_d2_09_std,0.07499811053276062,mfcc
DIS,mfcc_d1_10_mean,0.053129129111766815,mfcc
DIS,mfcc_d1_10_std,0.009255129843950272,mfcc
DIS,mfcc_d2_10_mean,0.014853226020932198,mfcc
DIS,mfcc_d2_10_std,0.01653178781270981,mfcc
DIS,mfcc_d1_11_mean,0.030623486265540123,mfcc
DIS,mfcc_d1_11_std,0.012533597648143768,mfcc
DIS,mfcc_d2_11_mean,0.00836656428873539,mfcc
DIS,mfcc_d2_11_std,0.031783491373062134,mfcc
DIS,mfcc_d1_12_mean,0.01138944923877716,mfcc
DIS,mfcc_d1_12_std,0.012976986356079578,mfcc
DIS,mfcc_d2_12_mean,0.007389388978481293,mfcc
DIS,mfcc_d2_12_std,0.010687003843486309,mfcc
DIS,mfcc_d1_13_mean,0.009535977616906166,mfcc
DIS,mfcc_d1_13_std,0.010313914157450199,mfcc
DIS,mfcc_d2_13_mean,0.006471495609730482,mfcc
DIS,mfcc_d2_13_std,0.010936274193227291,mfcc
DIS,mfcc_d1_14_mean,0.009599491022527218,mfcc
DIS,mfcc_d1_14_std,0.00826498307287693,mfcc
DIS,mfcc_d2_14_mean,0.02345738559961319,mfcc
DIS,mfcc_d2_14_std,0.023098794743418694,mfcc
DIS,mfcc_d1_15_mean,0.011354017071425915,mfcc
DIS,mfcc_d1_15_std,0.018557066097855568,mfcc
DIS,mfcc_d2_15_mean,0.03549443930387497,mfcc
DIS,mfcc_d2_15_std,0.02741071954369545,mfcc
DIS,mfcc_d1_16_mean,0.02255750633776188,mfcc
DIS,mfcc_d1_16_std,0.006105721928179264,mfcc
DIS,mfcc_d2_16_mean,0.026376165449619293,mfcc
DIS,mfcc_d2_16_std,0.012036729604005814,mfcc
DIS,mfcc_d1_17_mean,0.035770826041698456,mfcc
DIS,mfcc_d1_17_std,0.0056422012858092785,mfcc
DIS,mfcc_d2_17_mean,0.011584624648094177,mfcc
DIS,mfcc_d2_17_std,0.01096629723906517,mfcc
DIS,mfcc_d1_18_mean,0.01736079528927803,mfcc
DIS,mfcc_d1_18_std,0.03882739692926407,mfcc
DIS,mfcc_d2_18_mean,0.018770890310406685,mfcc
DIS,mfcc_d2_18_std,0.019566452130675316,mfcc
DIS,mfcc_d1_19_mean,0.019080331549048424,mfcc
DIS,mfcc_d1_19_std,0.005527144763618708,mfcc
DIS,mfcc_d2_19_mean,0.01303674466907978,mfcc
DIS,mfcc_d2_19_std,0.025448935106396675,mfcc
DIS,chroma_00_mean,0.011033535934984684,chroma
DIS,chroma_00_std,0.004696195479482412,chroma
DIS,chroma_01_mean,0.011303297244012356,chroma
DIS,chroma_01_std,0.015931105241179466,chroma
DIS,chroma_02_mean,0.006454714108258486,chroma
DIS,chroma_02_std,0.0048227328807115555,chroma
DIS,chroma_03_mean,0.007438156753778458,chroma
DIS,chroma_03_std,0.029615992680191994,chroma
DIS,chroma_04_mean,0.010769824497401714,chroma
DIS,chroma_04_std,0.008619088679552078,chroma
DIS,chroma_05_mean,0.031830012798309326,chroma
DIS,chroma_05_std,0.006628114730119705,chroma
DIS,chroma_06_mean,0.012768976390361786,chroma
DIS,chroma_06_std,0.0067660268396139145,chroma
DIS,chroma_07_mean,0.04169723019003868,chroma
DIS,chroma_07_std,0.007326724473387003,chroma
DIS,chroma_08_mean,0.00869029201567173,chroma
DIS,chroma_08_std,0.009081411175429821,chroma
DIS,chroma_09_mean,0.005757484119385481,chroma
DIS,chroma_09_std,0.008236057125031948,chroma
DIS,chroma_10_mean,0.004768972750753164,chroma
DIS,chroma_10_std,0.007905249483883381,chroma
DIS,chroma_11_mean,0.012795770540833473,chroma
DIS,chroma_11_std,0.004945805296301842,chroma
DIS,prosody_f0_mean,0.03394690901041031,prosody
DIS,prosody_f0_std,0.023259686306118965,prosody
DIS,prosody_f0_min,0.08070454001426697,prosody
DIS,prosody_f0_max,0.006155559793114662,prosody
DIS,prosody_f0_median,0.27021604776382446,prosody
DIS,prosody_f0_iqr,0.12505462765693665,prosody
DIS,prosody_f0_skew,0.0941946879029274,prosody
DIS,prosody_f0_kurt,0.007203939836472273,prosody
DIS,prosody_voiced_fraction,0.08037525415420532,prosody
DIS,prosody_f0_slope_abs_mean,0.04601811245083809,prosody
DIS,prosody_n_voiced_segments,0.006982543505728245,prosody
DIS,prosody_voiced_rate_per_s,0.008204945363104343,prosody
DIS,prosody_mean_voiced_seg_s,0.024977894499897957,prosody
DIS,prosody_pause_fraction,0.05944185331463814,prosody
DIS,prosody_jitter_local,0.006939350627362728,prosody
DIS,prosody_jitter_rap,0.00858732033520937,prosody
DIS,prosody_jitter_ppq5,0.032946452498435974,prosody
DIS,prosody_jitter_ddp,0.0029764443170279264,prosody
DIS,prosody_shimmer_local,0.011419244110584259,prosody
DIS,prosody_shimmer_localdb,0.012053841724991798,prosody
DIS,prosody_shimmer_apq3,0.008397713303565979,prosody
DIS,prosody_shimmer_apq5,0.013566352427005768,prosody
DIS,prosody_shimmer_apq11,0.038115497678518295,prosody
DIS,prosody_shimmer_dda,0.005009470507502556,prosody
DIS,prosody_hnr_mean,0.07109443098306656,prosody
DIS,prosody_hnr_std,0.005933128762990236,prosody
DIS,prosody_hnr_min,0.014217235147953033,prosody
DIS,prosody_hnr_max,0.00598523486405611,prosody
DIS,prosody_hnr_median,0.08373517543077469,prosody
DIS,prosody_f1_mean,0.009793143719434738,prosody
DIS,prosody_f1_std,0.008958620019257069,prosody
DIS,prosody_f1_median,0.035666778683662415,prosody
DIS,prosody_f1_bw_median,0.012742341496050358,prosody
DIS,prosody_f2_mean,0.021067967638373375,prosody
DIS,prosody_f2_std,0.04642140492796898,prosody
DIS,prosody_f2_median,0.007156698498874903,prosody
DIS,prosody_f2_bw_median,0.02137087471783161,prosody
DIS,prosody_f3_mean,0.013972765766084194,prosody
DIS,prosody_f3_std,0.009896445088088512,prosody
DIS,prosody_f3_median,0.013613664545118809,prosody
DIS,prosody_f3_bw_median,0.018703460693359375,prosody
DIS,prosody_f4_mean,0.015338009223341942,prosody
DIS,prosody_f4_std,0.10819657891988754,prosody
DIS,prosody_f4_median,0.013308233581483364,prosody
DIS,prosody_f5_mean,0.020712409168481827,prosody
DIS,prosody_f5_std,0.019948435947299004,prosody
DIS,prosody_f5_median,0.04629359394311905,prosody
DIS,prosody_intensity_mean,0.006095453165471554,prosody
DIS,prosody_intensity_std,0.017238760367035866,prosody
DIS,prosody_intensity_min,0.012297190725803375,prosody
DIS,prosody_intensity_max,0.01491870079189539,prosody
DIS,prosody_intensity_median,0.007833318784832954,prosody
DIS,prosody_intensity_iqr,0.06025618687272072,prosody
DIS,prosody_intensity_skew,0.017738914117217064,prosody
DIS,prosody_intensity_kurt,0.09865763783454895,prosody
DIS,prosody_cpps,0.03244476765394211,prosody
FEA,duration_s,0.01816616766154766,other
FEA,peak_amplitude,0.015047421678900719,other
FEA,spectral_centroid_mean,0.006221456453204155,spectral
FEA,spectral_centroid_std,0.0029736696742475033,spectral
FEA,spectral_centroid_min,0.009733332321047783,spectral
FEA,spectral_centroid_max,0.006625480484217405,spectral
FEA,spectral_centroid_median,0.025354592129588127,spectral
FEA,spectral_centroid_iqr,0.03149598836898804,spectral
FEA,spectral_centroid_skew,0.0030407479498535395,spectral
FEA,spectral_centroid_kurt,0.0048600551672279835,spectral
FEA,spectral_bandwidth_mean,0.00455109216272831,spectral
FEA,spectral_bandwidth_std,0.004476567264646292,spectral
FEA,spectral_bandwidth_min,0.010166322812438011,spectral
FEA,spectral_bandwidth_max,0.029911762103438377,spectral
FEA,spectral_bandwidth_median,0.02242289111018181,spectral
FEA,spectral_bandwidth_iqr,0.006571123376488686,spectral
FEA,spectral_bandwidth_skew,0.004883440677076578,spectral
FEA,spectral_bandwidth_kurt,0.003882600925862789,spectral
FEA,spectral_rolloff85_mean,0.002259733621031046,spectral
FEA,spectral_rolloff85_std,0.005680453963577747,spectral
FEA,spectral_rolloff85_min,0.0043458491563797,spectral
FEA,spectral_rolloff85_max,0.007328483276069164,spectral
FEA,spectral_rolloff85_median,0.04800029471516609,spectral
FEA,spectral_rolloff85_iqr,0.004035159945487976,spectral
FEA,spectral_rolloff85_skew,0.0020003574900329113,spectral
FEA,spectral_rolloff85_kurt,0.003873199224472046,spectral
FEA,spectral_rolloff95_mean,0.008417045697569847,spectral
FEA,spectral_rolloff95_std,0.012451127171516418,spectral
FEA,spectral_rolloff95_min,0.003989025019109249,spectral
FEA,spectral_rolloff95_max,0.0064309160225093365,spectral
FEA,spectral_rolloff95_median,0.0022327988408505917,spectral
FEA,spectral_rolloff95_iqr,0.0076795658096671104,spectral
FEA,spectral_rolloff95_skew,0.006589633412659168,spectral
FEA,spectral_rolloff95_kurt,0.0054872529581189156,spectral
FEA,spectral_flatness_mean,0.005396199878305197,spectral
FEA,spectral_flatness_std,0.0075572459027171135,spectral
FEA,spectral_flatness_min,0.10931567847728729,spectral
FEA,spectral_flatness_max,0.010574142448604107,spectral
FEA,spectral_flatness_median,0.006451020482927561,spectral
FEA,spectral_flatness_iqr,0.04358897730708122,spectral
FEA,spectral_flatness_skew,0.006432496476918459,spectral
FEA,spectral_flatness_kurt,0.01251715887337923,spectral
FEA,spectral_zcr_mean,0.0052834851667284966,spectral
FEA,spectral_zcr_std,0.0059289648197591305,spectral
FEA,spectral_zcr_min,0.006707211956381798,spectral
FEA,spectral_zcr_max,0.010756687261164188,spectral
FEA,spectral_zcr_median,0.012216195464134216,spectral
FEA,spectral_zcr_iqr,0.02123108133673668,spectral
FEA,spectral_zcr_skew,0.0054075405932962894,spectral
FEA,spectral_zcr_kurt,0.008871016092598438,spectral
FEA,spectral_rms_mean,0.01854274980723858,spectral
FEA,spectral_rms_std,0.01716666854918003,spectral
FEA,spectral_rms_min,0.005210484378039837,spectral
FEA,spectral_rms_max,0.010122092440724373,spectral
FEA,spectral_rms_median,0.028685403987765312,spectral
FEA,spectral_rms_iqr,0.02202587202191353,spectral
FEA,spectral_rms_skew,0.004778074566274881,spectral
FEA,spectral_rms_kurt,0.005544049199670553,spectral
FEA,spectral_flux_mean,0.008043993264436722,spectral
FEA,spectral_flux_std,0.09379744529724121,spectral
FEA,spectral_flux_min,0.03919386491179466,spectral
FEA,spectral_flux_max,0.013024872168898582,spectral
FEA,spectral_flux_median,0.013490337878465652,spectral
FEA,spectral_flux_iqr,0.012470703572034836,spectral
FEA,spectral_flux_skew,0.01070452481508255,spectral
FEA,spectral_flux_kurt,0.004727289080619812,spectral
FEA,spectral_entropy_mean,0.035182882100343704,spectral
FEA,spectral_entropy_std,0.003332641674205661,spectral
FEA,spectral_entropy_min,0.0189522672444582,spectral
FEA,spectral_entropy_max,0.02779199928045273,spectral
FEA,spectral_entropy_median,0.15814128518104553,spectral
FEA,spectral_entropy_iqr,0.008925529196858406,spectral
FEA,spectral_entropy_skew,0.05121747404336929,spectral
FEA,spectral_entropy_kurt,0.03558115288615227,spectral
FEA,spectral_slope_mean,0.03507627546787262,spectral
FEA,spectral_slope_std,0.07604791224002838,spectral
FEA,spectral_slope_min,0.012256435118615627,spectral
FEA,spectral_slope_max,0.0032304595224559307,spectral
FEA,spectral_slope_median,0.009752972051501274,spectral
FEA,spectral_slope_iqr,0.025831075385212898,spectral
FEA,spectral_slope_skew,0.005808083340525627,spectral
FEA,spectral_slope_kurt,0.00649906974285841,spectral
FEA,spectral_band_0_500_mean,0.06318425387144089,spectral
FEA,spectral_band_0_500_std,0.08143909275531769,spectral
FEA,spectral_band_500_1000_mean,0.06059994921088219,spectral
FEA,spectral_band_500_1000_std,0.09004334360361099,spectral
FEA,spectral_band_1000_2000_mean,0.009738988243043423,spectral
FEA,spectral_band_1000_2000_std,0.04875132814049721,spectral
FEA,spectral_band_2000_3000_mean,0.008301103487610817,spectral
FEA,spectral_band_2000_3000_std,0.021045677363872528,spectral
FEA,spectral_band_3000_4000_mean,0.016858214512467384,spectral
FEA,spectral_band_3000_4000_std,0.008910337463021278,spectral
FEA,spectral_band_4000_5000_mean,0.02216765098273754,spectral
FEA,spectral_band_4000_5000_std,0.03294737637042999,spectral
FEA,spectral_band_5000_6000_mean,0.0022127842530608177,spectral
FEA,spectral_band_5000_6000_std,0.0056185368448495865,spectral
FEA,spectral_band_6000_8000_mean,0.005738107021898031,spectral
FEA,spectral_band_6000_8000_std,0.0023872440215200186,spectral
FEA,spectral_hf_ratio_4000_mean,0.002513922518119216,spectral
FEA,spectral_hf_ratio_4000_std,0.0015440527349710464,spectral
FEA,spectral_hf_ratio_6000_mean,0.0016581846866756678,spectral
FEA,spectral_hf_ratio_6000_std,0.0011035030474886298,spectral
FEA,spectral_contrast_0_mean,0.021026022732257843,spectral
FEA,spectral_contrast_0_std,0.016647204756736755,spectral
FEA,spectral_contrast_1_mean,0.18299606442451477,spectral
FEA,spectral_contrast_1_std,0.06503930687904358,spectral
FEA,spectral_contrast_2_mean,0.012236847542226315,spectral
FEA,spectral_contrast_2_std,0.006432079244405031,spectral
FEA,spectral_contrast_3_mean,0.006569259334355593,spectral
FEA,spectral_contrast_3_std,0.05116312578320503,spectral
FEA,spectral_contrast_4_mean,0.008317498490214348,spectral
FEA,spectral_contrast_4_std,0.07517474889755249,spectral
FEA,spectral_contrast_5_mean,0.008188803680241108,spectral
FEA,spectral_contrast_5_std,0.019297637045383453,spectral
FEA,spectral_contrast_6_mean,0.00539942504838109,spectral
FEA,spectral_contrast_6_std,0.007389187812805176,spectral
FEA,mfcc_00_mean,0.013787283562123775,mfcc
FEA,mfcc_00_std,0.01052156649529934,mfcc
FEA,mfcc_00_min,0.023487485945224762,mfcc
FEA,mfcc_00_max,0.05626566708087921,mfcc
FEA,mfcc_00_median,0.03572981432080269,mfcc
FEA,mfcc_00_iqr,0.026478532701730728,mfcc
FEA,mfcc_00_skew,0.04838363826274872,mfcc
FEA,mfcc_00_kurt,0.06579705327749252,mfcc
FEA,mfcc_01_mean,0.005368323531001806,mfcc
FEA,mfcc_01_std,0.010107471607625484,mfcc
FEA,mfcc_01_min,0.008127542212605476,mfcc
FEA,mfcc_01_max,0.030758704990148544,mfcc
FEA,mfcc_01_median,0.0529150664806366,mfcc
FEA,mfcc_01_iqr,0.061560191214084625,mfcc
FEA,mfcc_01_skew,0.011451379396021366,mfcc
FEA,mfcc_01_kurt,0.015266838483512402,mfcc
FEA,mfcc_02_mean,0.008913706056773663,mfcc
FEA,mfcc_02_std,0.07685098052024841,mfcc
FEA,mfcc_02_min,0.04871677607297897,mfcc
FEA,mfcc_02_max,0.014647047966718674,mfcc
FEA,mfcc_02_median,0.17141573131084442,mfcc
FEA,mfcc_02_iqr,0.004861580207943916,mfcc
FEA,mfcc_02_skew,0.07839635014533997,mfcc
FEA,mfcc_02_kurt,0.0099532725289464,mfcc
FEA,mfcc_03_mean,0.012206577695906162,mfcc
FEA,mfcc_03_std,0.09345661848783493,mfcc
FEA,mfcc_03_min,0.010463118553161621,mfcc
FEA,mfcc_03_max,0.07119081169366837,mfcc
FEA,mfcc_03_median,0.0058919708244502544,mfcc
FEA,mfcc_03_iqr,0.012065459974110126,mfcc
FEA,mfcc_03_skew,0.07356973737478256,mfcc
FEA,mfcc_03_kurt,0.007775260601192713,mfcc
FEA,mfcc_04_mean,0.004435703624039888,mfcc
FEA,mfcc_04_std,0.013870126567780972,mfcc
FEA,mfcc_04_min,0.005448846146464348,mfcc
FEA,mfcc_04_max,0.020436791703104973,mfcc
FEA,mfcc_04_median,0.011669044382870197,mfcc
FEA,mfcc_04_iqr,0.03050203248858452,mfcc
FEA,mfcc_04_skew,0.0220370814204216,mfcc
FEA,mfcc_04_kurt,0.05661593750119209,mfcc
FEA,mfcc_05_mean,0.011635265313088894,mfcc
FEA,mfcc_05_std,0.05335600674152374,mfcc
FEA,mfcc_05_min,0.028370339423418045,mfcc
FEA,mfcc_05_max,0.01659851148724556,mfcc
FEA,mfcc_05_median,0.007359265349805355,mfcc
FEA,mfcc_05_iqr,0.019160455092787743,mfcc
FEA,mfcc_05_skew,0.012608329765498638,mfcc
FEA,mfcc_05_kurt,0.009256490506231785,mfcc
FEA,mfcc_06_mean,0.0316762812435627,mfcc
FEA,mfcc_06_std,0.08212738484144211,mfcc
FEA,mfcc_06_min,0.015278715640306473,mfcc
FEA,mfcc_06_max,0.052069708704948425,mfcc
FEA,mfcc_06_median,0.09554561972618103,mfcc
FEA,mfcc_06_iqr,0.026819756254553795,mfcc
FEA,mfcc_06_skew,0.010643571615219116,mfcc
FEA,mfcc_06_kurt,0.00514204241335392,mfcc
FEA,mfcc_07_mean,0.05477435514330864,mfcc
FEA,mfcc_07_std,0.0559593066573143,mfcc
FEA,mfcc_07_min,0.011627806350588799,mfcc
FEA,mfcc_07_max,0.007729562930762768,mfcc
FEA,mfcc_07_median,0.024610692635178566,mfcc
FEA,mfcc_07_iqr,0.052148111164569855,mfcc
FEA,mfcc_07_skew,0.013060328550636768,mfcc
FEA,mfcc_07_kurt,0.011090042069554329,mfcc
FEA,mfcc_08_mean,0.10640638321638107,mfcc
FEA,mfcc_08_std,0.012600270099937916,mfcc
FEA,mfcc_08_min,0.02514924295246601,mfcc
FEA,mfcc_08_max,0.031569402664899826,mfcc
FEA,mfcc_08_median,0.07926644384860992,mfcc
FEA,mfcc_08_iqr,0.01819010078907013,mfcc
FEA,mfcc_08_skew,0.027994127944111824,mfcc
FEA,mfcc_08_kurt,0.013921902514994144,mfcc
FEA,mfcc_09_mean,0.025247609242796898,mfcc
FEA,mfcc_09_std,0.01711365021765232,mfcc
FEA,mfcc_09_min,0.011429117061197758,mfcc
FEA,mfcc_09_max,0.08401916176080704,mfcc
FEA,mfcc_09_median,0.022664552554488182,mfcc
FEA,mfcc_09_iqr,0.006735834293067455,mfcc
FEA,mfcc_09_skew,0.007307668682187796,mfcc
FEA,mfcc_09_kurt,0.006118469405919313,mfcc
FEA,mfcc_10_mean,0.05486847460269928,mfcc
FEA,mfcc_10_std,0.024950604885816574,mfcc
FEA,mfcc_10_min,0.01270019169896841,mfcc
FEA,mfcc_10_max,0.015184297226369381,mfcc
FEA,mfcc_10_median,0.08461673557758331,mfcc
FEA,mfcc_10_iqr,0.013821628876030445,mfcc
FEA,mfcc_10_skew,0.01381061039865017,mfcc
FEA,mfcc_10_kurt,0.05008876323699951,mfcc
FEA,mfcc_11_mean,0.006487410981208086,mfcc
FEA,mfcc_11_std,0.03521247208118439,mfcc
FEA,mfcc_11_min,0.008624675683677197,mfcc
FEA,mfcc_11_max,0.04820665717124939,mfcc
FEA,mfcc_11_median,0.012523932382464409,mfcc
FEA,mfcc_11_iqr,0.009465056471526623,mfcc
FEA,mfcc_11_skew,0.03648983687162399,mfcc
FEA,mfcc_11_kurt,0.0339241623878479,mfcc
FEA,mfcc_12_mean,0.01029275543987751,mfcc
FEA,mfcc_12_std,0.011047810316085815,mfcc
FEA,mfcc_12_min,0.013225559145212173,mfcc
FEA,mfcc_12_max,0.10156027227640152,mfcc
FEA,mfcc_12_median,0.008485434576869011,mfcc
FEA,mfcc_12_iqr,0.02295719087123871,mfcc
FEA,mfcc_12_skew,0.027645619586110115,mfcc
FEA,mfcc_12_kurt,0.0090440409258008,mfcc
FEA,mfcc_13_mean,0.018074586987495422,mfcc
FEA,mfcc_13_std,0.009174881502985954,mfcc
FEA,mfcc_13_min,0.06159893050789833,mfcc
FEA,mfcc_13_max,0.009020254947245121,mfcc
FEA,mfcc_13_median,0.02390853315591812,mfcc
FEA,mfcc_13_iqr,0.009771701879799366,mfcc
FEA,mfcc_13_skew,0.014469252899289131,mfcc
FEA,mfcc_13_kurt,0.013502311892807484,mfcc
FEA,mfcc_14_mean,0.007371264509856701,mfcc
FEA,mfcc_14_std,0.02066916413605213,mfcc
FEA,mfcc_14_min,0.013517647981643677,mfcc
FEA,mfcc_14_max,0.01459701731801033,mfcc
FEA,mfcc_14_median,0.004221896640956402,mfcc
FEA,mfcc_14_iqr,0.05719917267560959,mfcc
FEA,mfcc_14_skew,0.011280256323516369,mfcc
FEA,mfcc_14_kurt,0.01462643127888441,mfcc
FEA,mfcc_15_mean,0.014162912033498287,mfcc
FEA,mfcc_15_std,0.01433926448225975,mfcc
FEA,mfcc_15_min,0.007182766683399677,mfcc
FEA,mfcc_15_max,0.009952898137271404,mfcc
FEA,mfcc_15_median,0.010824969969689846,mfcc
FEA,mfcc_15_iqr,0.04960285872220993,mfcc
FEA,mfcc_15_skew,0.01101747713983059,mfcc
FEA,mfcc_15_kurt,0.023136252537369728,mfcc
FEA,mfcc_16_mean,0.006525699514895678,mfcc
FEA,mfcc_16_std,0.010026988573372364,mfcc
FEA,mfcc_16_min,0.013460568152368069,mfcc
FEA,mfcc_16_max,0.008411810733377934,mfcc
FEA,mfcc_16_median,0.006169326137751341,mfcc
FEA,mfcc_16_iqr,0.016141416504979134,mfcc
FEA,mfcc_16_skew,0.021731305867433548,mfcc
FEA,mfcc_16_kurt,0.017074748873710632,mfcc
FEA,mfcc_17_mean,0.027852030470967293,mfcc
FEA,mfcc_17_std,0.0077354153618216515,mfcc
FEA,mfcc_17_min,0.008424273692071438,mfcc
FEA,mfcc_17_max,0.013489758595824242,mfcc
FEA,mfcc_17_median,0.007609120104461908,mfcc
FEA,mfcc_17_iqr,0.010067994706332684,mfcc
FEA,mfcc_17_skew,0.03357263654470444,mfcc
FEA,mfcc_17_kurt,0.00991271436214447,mfcc
FEA,mfcc_18_mean,0.013156585395336151,mfcc
FEA,mfcc_18_std,0.012112942524254322,mfcc
FEA,mfcc_18_min,0.04814774543046951,mfcc
FEA,mfcc_18_max,0.005958503112196922,mfcc
FEA,mfcc_18_median,0.01662212237715721,mfcc
FEA,mfcc_18_iqr,0.023065216839313507,mfcc
FEA,mfcc_18_skew,0.008684840053319931,mfcc
FEA,mfcc_18_kurt,0.010226152837276459,mfcc
FEA,mfcc_19_mean,0.015566673129796982,mfcc
FEA,mfcc_19_std,0.020094139501452446,mfcc
FEA,mfcc_19_min,0.008593923412263393,mfcc
FEA,mfcc_19_max,0.009464884176850319,mfcc
FEA,mfcc_19_median,0.01681123673915863,mfcc
FEA,mfcc_19_iqr,0.01770113594830036,mfcc
FEA,mfcc_19_skew,0.02605876512825489,mfcc
FEA,mfcc_19_kurt,0.02072964422404766,mfcc
FEA,mfcc_d1_00_mean,0.005126879084855318,mfcc
FEA,mfcc_d1_00_std,0.09258352220058441,mfcc
FEA,mfcc_d2_00_mean,0.01022018026560545,mfcc
FEA,mfcc_d2_00_std,0.016585875302553177,mfcc
FEA,mfcc_d1_01_mean,0.005255520343780518,mfcc
FEA,mfcc_d1_01_std,0.010101651772856712,mfcc
FEA,mfcc_d2_01_mean,0.00895177386701107,mfcc
FEA,mfcc_d2_01_std,0.007389549631625414,mfcc
FEA,mfcc_d1_02_mean,0.015268019400537014,mfcc
FEA,mfcc_d1_02_std,0.2039910852909088,mfcc
FEA,mfcc_d2_02_mean,0.01347317174077034,mfcc
FEA,mfcc_d2_02_std,0.015781842172145844,mfcc
FEA,mfcc_d1_03_mean,0.007984396070241928,mfcc
FEA,mfcc_d1_03_std,0.06500671058893204,mfcc
FEA,mfcc_d2_03_mean,0.024072721600532532,mfcc
FEA,mfcc_d2_03_std,0.07895862311124802,mfcc
FEA,mfcc_d1_04_mean,0.0489966906607151,mfcc
FEA,mfcc_d1_04_std,0.03314964845776558,mfcc
FEA,mfcc_d2_04_mean,0.020701764151453972,mfcc
FEA,mfcc_d2_04_std,0.013171393424272537,mfcc
FEA,mfcc_d1_05_mean,0.021757254377007484,mfcc
FEA,mfcc_d1_05_std,0.15509533882141113,mfcc
FEA,mfcc_d2_05_mean,0.008319320157170296,mfcc
FEA,mfcc_d2_05_std,0.013505755923688412,mfcc
FEA,mfcc_d1_06_mean,0.012651720084249973,mfcc
FEA,mfcc_d1_06_std,0.081319659948349,mfcc
FEA,mfcc_d2_06_mean,0.011386062018573284,mfcc
FEA,mfcc_d2_06_std,0.011258918792009354,mfcc
FEA,mfcc_d1_07_mean,0.006926520727574825,mfcc
FEA,mfcc_d1_07_std,0.07092107832431793,mfcc
FEA,mfcc_d2_07_mean,0.0076233260333538055,mfcc
FEA,mfcc_d2_07_std,0.006248809397220612,mfcc
FEA,mfcc_d1_08_mean,0.014459921978414059,mfcc
FEA,mfcc_d1_08_std,0.06294623017311096,mfcc
FEA,mfcc_d2_08_mean,0.010250085033476353,mfcc
FEA,mfcc_d2_08_std,0.011937049217522144,mfcc
FEA,mfcc_d1_09_mean,0.014946376904845238,mfcc
FEA,mfcc_d1_09_std,0.05199696123600006,mfcc
FEA,mfcc_d2_09_mean,0.006971263792365789,mfcc
FEA,mfcc_d2_09_std,0.015001834370195866,mfcc
FEA,mfcc_d1_10_mean,0.004667520988732576,mfcc
FEA,mfcc_d1_10_std,0.016411276534199715,mfcc
FEA,mfcc_d2_10_mean,0.006580978631973267,mfcc
FEA,mfcc_d2_10_std,0.018308186903595924,mfcc
FEA,mfcc_d1_11_mean,0.02500624768435955,mfcc
FEA,mfcc_d1_11_std,0.01792363077402115,mfcc
FEA,mfcc_d2_11_mean,0.007431809324771166,mfcc
FEA,mfcc_d2_11_std,0.013369726948440075,mfcc
FEA,mfcc_d1_12_mean,0.014136816374957561,mfcc
FEA,mfcc_d1_12_std,0.040629107505083084,mfcc
FEA,mfcc_d2_12_mean,0.008235501125454903,mfcc
FEA,mfcc_d2_12_std,0.01791979745030403,mfcc
FEA,mfcc_d1_13_mean,0.00976093951612711,mfcc
FEA,mfcc_d1_13_std,0.05770345777273178,mfcc
FEA,mfcc_d2_13_mean,0.0059905587695539,mfcc
FEA,mfcc_d2_13_std,0.005659506190568209,mfcc
FEA,mfcc_d1_14_mean,0.05527274310588837,mfcc
FEA,mfcc_d1_14_std,0.027241602540016174,mfcc
FEA,mfcc_d2_14_mean,0.013168856501579285,mfcc
FEA,mfcc_d2_14_std,0.008637934923171997,mfcc
FEA,mfcc_d1_15_mean,0.006618550047278404,mfcc
FEA,mfcc_d1_15_std,0.005202747881412506,mfcc
FEA,mfcc_d2_15_mean,0.008486250415444374,mfcc
FEA,mfcc_d2_15_std,0.005527855828404427,mfcc
FEA,mfcc_d1_16_mean,0.009636885486543179,mfcc
FEA,mfcc_d1_16_std,0.006461700890213251,mfcc
FEA,mfcc_d2_16_mean,0.01361099537461996,mfcc
FEA,mfcc_d2_16_std,0.009985508397221565,mfcc
FEA,mfcc_d1_17_mean,0.013390264473855495,mfcc
FEA,mfcc_d1_17_std,0.010999267920851707,mfcc
FEA,mfcc_d2_17_mean,0.007513903547078371,mfcc
FEA,mfcc_d2_17_std,0.007587943691760302,mfcc
FEA,mfcc_d1_18_mean,0.010107091628015041,mfcc
FEA,mfcc_d1_18_std,0.00577358715236187,mfcc
FEA,mfcc_d2_18_mean,0.012369520030915737,mfcc
FEA,mfcc_d2_18_std,0.011252292431890965,mfcc
FEA,mfcc_d1_19_mean,0.013161991722881794,mfcc
FEA,mfcc_d1_19_std,0.013870513997972012,mfcc
FEA,mfcc_d2_19_mean,0.01822247914969921,mfcc
FEA,mfcc_d2_19_std,0.05831940472126007,mfcc
FEA,chroma_00_mean,0.045743584632873535,chroma
FEA,chroma_00_std,0.022009892389178276,chroma
FEA,chroma_01_mean,0.010752992704510689,chroma
FEA,chroma_01_std,0.010238942690193653,chroma
FEA,chroma_02_mean,0.015773050487041473,chroma
FEA,chroma_02_std,0.005062496289610863,chroma
FEA,chroma_03_mean,0.029062360525131226,chroma
FEA,chroma_03_std,0.003949007485061884,chroma
FEA,chroma_04_mean,0.014775670133531094,chroma
FEA,chroma_04_std,0.005147474817931652,chroma
FEA,chroma_05_mean,0.007908456958830357,chroma
FEA,chroma_05_std,0.015522295609116554,chroma
FEA,chroma_06_mean,0.019339771941304207,chroma
FEA,chroma_06_std,0.0355217307806015,chroma
FEA,chroma_07_mean,0.01667868345975876,chroma
FEA,chroma_07_std,0.024418393149971962,chroma
FEA,chroma_08_mean,0.008584437891840935,chroma
FEA,chroma_08_std,0.018197087571024895,chroma
FEA,chroma_09_mean,0.017520073801279068,chroma
FEA,chroma_09_std,0.01598464325070381,chroma
FEA,chroma_10_mean,0.012325696647167206,chroma
FEA,chroma_10_std,0.030084950849413872,chroma
FEA,chroma_11_mean,0.01501363143324852,chroma
FEA,chroma_11_std,0.022060856223106384,chroma
FEA,prosody_f0_mean,0.08194100856781006,prosody
FEA,prosody_f0_std,0.067262202501297,prosody
FEA,prosody_f0_min,0.05516679584980011,prosody
FEA,prosody_f0_max,0.012336809188127518,prosody
FEA,prosody_f0_median,0.14708293974399567,prosody
FEA,prosody_f0_iqr,0.019226044416427612,prosody
FEA,prosody_f0_skew,0.19403629004955292,prosody
FEA,prosody_f0_kurt,0.03715995326638222,prosody
FEA,prosody_voiced_fraction,0.03604484722018242,prosody
FEA,prosody_f0_slope_abs_mean,0.010283756069839,prosody
FEA,prosody_n_voiced_segments,0.013311134651303291,prosody
FEA,prosody_voiced_rate_per_s,0.03933599963784218,prosody
FEA,prosody_mean_voiced_seg_s,0.05813625827431679,prosody
FEA,prosody_pause_fraction,0.021138066425919533,prosody
FEA,prosody_jitter_local,0.013482102192938328,prosody
FEA,prosody_jitter_rap,0.036508381366729736,prosody
FEA,prosody_jitter_ppq5,0.07543575018644333,prosody
FEA,prosody_jitter_ddp,0.005392745137214661,prosody
FEA,prosody_shimmer_local,0.023765305057168007,prosody
FEA,prosody_shimmer_localdb,0.01411240454763174,prosody
FEA,prosody_shimmer_apq3,0.007651878986507654,prosody
FEA,prosody_shimmer_apq5,0.009725362993776798,prosody
FEA,prosody_shimmer_apq11,0.017789604142308235,prosody
FEA,prosody_shimmer_dda,0.006793495733290911,prosody
FEA,prosody_hnr_mean,0.049775753170251846,prosody
FEA,prosody_hnr_std,0.03702987730503082,prosody
FEA,prosody_hnr_min,0.07156988978385925,prosody
FEA,prosody_hnr_max,0.026395251974463463,prosody
FEA,prosody_hnr_median,0.04073766618967056,prosody
FEA,prosody_f1_mean,0.029756050556898117,prosody
FEA,prosody_f1_std,0.0035529276356101036,prosody
FEA,prosody_f1_median,0.025155631825327873,prosody
FEA,prosody_f1_bw_median,0.1580948829650879,prosody
FEA,prosody_f2_mean,0.03876541554927826,prosody
FEA,prosody_f2_std,0.026653066277503967,prosody
FEA,prosody_f2_median,0.009896856732666492,prosody
FEA,prosody_f2_bw_median,0.006551231257617474,prosody
FEA,prosody_f3_mean,0.0103613818064332,prosody
FEA,prosody_f3_std,0.00872291810810566,prosody
FEA,prosody_f3_median,0.004684871062636375,prosody
FEA,prosody_f3_bw_median,0.04198892414569855,prosody
FEA,prosody_f4_mean,0.016474325209856033,prosody
FEA,prosody_f4_std,0.013461864553391933,prosody
FEA,prosody_f4_median,0.08078652620315552,prosody
FEA,prosody_f5_mean,0.005903441458940506,prosody
FEA,prosody_f5_std,0.024005046114325523,prosody
FEA,prosody_f5_median,0.020068267360329628,prosody
FEA,prosody_intensity_mean,0.011111833155155182,prosody
FEA,prosody_intensity_std,0.03699040412902832,prosody
FEA,prosody_intensity_min,0.029035819694399834,prosody
FEA,prosody_intensity_max,0.012346494011580944,prosody
FEA,prosody_intensity_median,0.015513273887336254,prosody
FEA,prosody_intensity_iqr,0.06422320008277893,prosody
FEA,prosody_intensity_skew,0.009044084697961807,prosody
FEA,prosody_intensity_kurt,0.03582053631544113,prosody
FEA,prosody_cpps,0.06702582538127899,prosody
HAP,duration_s,0.3033324182033539,other
HAP,peak_amplitude,0.041293878108263016,other
HAP,spectral_centroid_mean,0.004608383402228355,spectral
HAP,spectral_centroid_std,0.001484343665651977,spectral
HAP,spectral_centroid_min,0.028108784928917885,spectral
HAP,spectral_centroid_max,0.0025289366021752357,spectral
HAP,spectral_centroid_median,0.013084896840155125,spectral
HAP,spectral_centroid_iqr,0.009968372993171215,spectral
HAP,spectral_centroid_skew,0.015864238142967224,spectral
HAP,spectral_centroid_kurt,0.012585361488163471,spectral
HAP,spectral_bandwidth_mean,0.0053827641531825066,spectral
HAP,spectral_bandwidth_std,0.005577379837632179,spectral
HAP,spectral_bandwidth_min,0.014366159215569496,spectral
HAP,spectral_bandwidth_max,0.06043750047683716,spectral
HAP,spectral_bandwidth_median,0.008165503852069378,spectral
HAP,spectral_bandwidth_iqr,0.0110348891466856,spectral
HAP,spectral_bandwidth_skew,0.025997325778007507,spectral
HAP,spectral_bandwidth_kurt,0.02137189731001854,spectral
HAP,spectral_rolloff85_mean,0.003770537441596389,spectral
HAP,spectral_rolloff85_std,0.004231820348650217,spectral
HAP,spectral_rolloff85_min,0.00222365977242589,spectral
HAP,spectral_rolloff85_max,0.012253910303115845,spectral
HAP,spectral_rolloff85_median,0.005029797088354826,spectral
HAP,spectral_rolloff85_iqr,0.013373171910643578,spectral
HAP,spectral_rolloff85_skew,0.010069131851196289,spectral
HAP,spectral_rolloff85_kurt,0.022937895730137825,spectral
HAP,spectral_rolloff95_mean,0.006625368259847164,spectral
HAP,spectral_rolloff95_std,0.0078028179705142975,spectral
HAP,spectral_rolloff95_min,0.004688713699579239,spectral
HAP,spectral_rolloff95_max,0.006592318415641785,spectral
HAP,spectral_rolloff95_median,0.0028944683726876974,spectral
HAP,spectral_rolloff95_iqr,0.00599494157359004,spectral
HAP,spectral_rolloff95_skew,0.00968961138278246,spectral
HAP,spectral_rolloff95_kurt,0.004214238375425339,spectral
HAP,spectral_flatness_mean,0.025501195341348648,spectral
HAP,spectral_flatness_std,0.01980874128639698,spectral
HAP,spectral_flatness_min,0.04577815532684326,spectral
HAP,spectral_flatness_max,0.012319434434175491,spectral
HAP,spectral_flatness_median,0.009405669756233692,spectral
HAP,spectral_flatness_iqr,0.018972676247358322,spectral
HAP,spectral_flatness_skew,0.0635482668876648,spectral
HAP,spectral_flatness_kurt,0.036014433950185776,spectral
HAP,spectral_zcr_mean,0.0022004565689712763,spectral
HAP,spectral_zcr_std,0.008924989961087704,spectral
HAP,spectral_zcr_min,0.0027149489615112543,spectral
HAP,spectral_zcr_max,0.006386766210198402,spectral
HAP,spectral_zcr_median,0.0017607718473300338,spectral
HAP,spectral_zcr_iqr,0.028787221759557724,spectral
HAP,spectral_zcr_skew,0.007233267650008202,spectral
HAP,spectral_zcr_kurt,0.005062248092144728,spectral
HAP,spectral_rms_mean,0.053690530359745026,spectral
HAP,spectral_rms_std,0.05406662076711655,spectral
HAP,spectral_rms_min,0.07023146003484726,spectral
HAP,spectral_rms_max,0.009497305378317833,spectral
HAP,spectral_rms_median,0.044521406292915344,spectral
HAP,spectral_rms_iqr,0.006481341551989317,spectral
HAP,spectral_rms_skew,0.010770491324365139,spectral
HAP,spectral_rms_kurt,0.004570756573230028,spectral
HAP,spectral_flux_mean,0.008715863339602947,spectral
HAP,spectral_flux_std,0.1174505203962326,spectral
HAP,spectral_flux_min,0.06071330979466438,spectral
HAP,spectral_flux_max,0.025749411433935165,spectral
HAP,spectral_flux_median,0.013738531619310379,spectral
HAP,spectral_flux_iqr,0.08691300451755524,spectral
HAP,spectral_flux_skew,0.016797741875052452,spectral
HAP,spectral_flux_kurt,0.006247876212000847,spectral
HAP,spectral_entropy_mean,0.0137462317943573,spectral
HAP,spectral_entropy_std,0.009905206970870495,spectral
HAP,spectral_entropy_min,0.005974652711302042,spectral
HAP,spectral_entropy_max,0.02604260854423046,spectral
HAP,spectral_entropy_median,0.007637327536940575,spectral
HAP,spectral_entropy_iqr,0.00781967956572771,spectral
HAP,spectral_entropy_skew,0.011453570798039436,spectral
HAP,spectral_entropy_kurt,0.010899337008595467,spectral
HAP,spectral_slope_mean,0.02548712119460106,spectral
HAP,spectral_slope_std,0.02816171944141388,spectral
HAP,spectral_slope_min,0.010442636907100677,spectral
HAP,spectral_slope_max,0.04817831143736839,spectral
HAP,spectral_slope_median,0.011984639801084995,spectral
HAP,spectral_slope_iqr,0.018406787887215614,spectral
HAP,spectral_slope_skew,0.00805169902741909,spectral
HAP,spectral_slope_kurt,0.011812541633844376,spectral
HAP,spectral_band_0_500_mean,0.00621817447245121,spectral
HAP,spectral_band_0_500_std,0.014973529614508152,spectral
HAP,spectral_band_500_1000_mean,0.006316958926618099,spectral
HAP,spectral_band_500_1000_std,0.014938583597540855,spectral
HAP,spectral_band_1000_2000_mean,0.022487618029117584,spectral
HAP,spectral_band_1000_2000_std,0.009693466126918793,spectral
HAP,spectral_band_2000_3000_mean,0.023290259763598442,spectral
HAP,spectral_band_2000_3000_std,0.04206472262740135,spectral
HAP,spectral_band_3000_4000_mean,0.027674106881022453,spectral
HAP,spectral_band_3000_4000_std,0.16275851428508759,spectral
HAP,spectral_band_4000_5000_mean,0.07745029777288437,spectral
HAP,spectral_band_4000_5000_std,0.2034885585308075,spectral
HAP,spectral_band_5000_6000_mean,0.013571077957749367,spectral
HAP,spectral_band_5000_6000_std,0.010034593753516674,spectral
HAP,spectral_band_6000_8000_mean,0.007372571621090174,spectral
HAP,spectral_band_6000_8000_std,0.013813525438308716,spectral
HAP,spectral_hf_ratio_4000_mean,0.002230151789262891,spectral
HAP,spectral_hf_ratio_4000_std,0.00894450955092907,spectral
HAP,spectral_hf_ratio_6000_mean,0.0030316889751702547,spectral
HAP,spectral_hf_ratio_6000_std,0.00490817055106163,spectral
HAP,spectral_contrast_0_mean,0.025435756891965866,spectral
HAP,spectral_contrast_0_std,0.01521389652043581,spectral
HAP,spectral_contrast_1_mean,0.01658235490322113,spectral
HAP,spectral_contrast_1_std,0.00463226018473506,spectral
HAP,spectral_contrast_2_mean,0.004775639157742262,spectral
HAP,spectral_contrast_2_std,0.007973141968250275,spectral
HAP,spectral_contrast_3_mean,0.0029145642183721066,spectral
HAP,spectral_contrast_3_std,0.019104616716504097,spectral
HAP,spectral_contrast_4_mean,0.01839728094637394,spectral
HAP,spectral_contrast_4_std,0.08131664246320724,spectral
HAP,spectral_contrast_5_mean,0.007309833541512489,spectral
HAP,spectral_contrast_5_std,0.014392275363206863,spectral
HAP,spectral_contrast_6_mean,0.041824113577604294,spectral
HAP,spectral_contrast_6_std,0.03169888257980347,spectral
HAP,mfcc_00_mean,0.010002035647630692,mfcc
HAP,mfcc_00_std,0.07610641419887543,mfcc
HAP,mfcc_00_min,0.04971703886985779,mfcc
HAP,mfcc_00_max,0.02208637446165085,mfcc
HAP,mfcc_00_median,0.04755304008722305,mfcc
HAP,mfcc_00_iqr,0.037748344242572784,mfcc
HAP,mfcc_00_skew,0.006721279583871365,mfcc
HAP,mfcc_00_kurt,0.0065353307873010635,mfcc
HAP,mfcc_01_mean,0.01980607397854328,mfcc
HAP,mfcc_01_std,0.03261246532201767,mfcc
HAP,mfcc_01_min,0.015920985490083694,mfcc
HAP,mfcc_01_max,0.01895645633339882,mfcc
HAP,mfcc_01_median,0.021323008462786674,mfcc
HAP,mfcc_01_iqr,0.00970842782407999,mfcc
HAP,mfcc_01_skew,0.007893163710832596,mfcc
HAP,mfcc_01_kurt,0.008430816233158112,mfcc
HAP,mfcc_02_mean,0.006822641473263502,mfcc
HAP,mfcc_02_std,0.01590069942176342,mfcc
HAP,mfcc_02_min,0.01486186496913433,mfcc
HAP,mfcc_02_max,0.04368077591061592,mfcc
HAP,mfcc_02_median,0.032604217529296875,mfcc
HAP,mfcc_02_iqr,0.007752399425953627,mfcc
HAP,mfcc_02_skew,0.008947745896875858,mfcc
HAP,mfcc_02_kurt,0.005421696696430445,mfcc
HAP,mfcc_03_mean,0.07456118613481522,mfcc
HAP,mfcc_03_std,0.04555441066622734,mfcc
HAP,mfcc_03_min,0.011694527231156826,mfcc
HAP,mfcc_03_max,0.030068986117839813,mfcc
HAP,mfcc_03_median,0.008266828954219818,mfcc
HAP,mfcc_03_iqr,0.011662748642265797,mfcc
HAP,mfcc_03_skew,0.009743851609528065,mfcc
HAP,mfcc_03_kurt,0.009677380323410034,mfcc
HAP,mfcc_04_mean,0.010883187875151634,mfcc
HAP,mfcc_04_std,0.017726603895425797,mfcc
HAP,mfcc_04_min,0.007982218638062477,mfcc
HAP,mfcc_04_max,0.0671386569738388,mfcc
HAP,mfcc_04_median,0.05890703201293945,mfcc
HAP,mfcc_04_iqr,0.003067310666665435,mfcc
HAP,mfcc_04_skew,0.009816638194024563,mfcc
HAP,mfcc_04_kurt,0.04103253036737442,mfcc
HAP,mfcc_05_mean,0.010234054177999496,mfcc
HAP,mfcc_05_std,0.012108697555959225,mfcc
HAP,mfcc_05_min,0.04747458174824715,mfcc
HAP,mfcc_05_max,0.04280763491988182,mfcc
HAP,mfcc_05_median,0.010434295050799847,mfcc
HAP,mfcc_05_iqr,0.009549681097269058,mfcc
HAP,mfcc_05_skew,0.02123967558145523,mfcc
HAP,mfcc_05_kurt,0.007078246213495731,mfcc
HAP,mfcc_06_mean,0.014211379922926426,mfcc
HAP,mfcc_06_std,0.006511908955872059,mfcc
HAP,mfcc_06_min,0.017297960817813873,mfcc
HAP,mfcc_06_max,0.01859874650835991,mfcc
HAP,mfcc_06_median,0.08217257261276245,mfcc
HAP,mfcc_06_iqr,0.01578608900308609,mfcc
HAP,mfcc_06_skew,0.014673066325485706,mfcc
HAP,mfcc_06_kurt,0.006199398543685675,mfcc
HAP,mfcc_07_mean,0.009329818189144135,mfcc
HAP,mfcc_07_std,0.020293280482292175,mfcc
HAP,mfcc_07_min,0.02174815908074379,mfcc
HAP,mfcc_07_max,0.006932733114808798,mfcc
HAP,mfcc_07_median,0.011906691826879978,mfcc
HAP,mfcc_07_iqr,0.03227875009179115,mfcc
HAP,mfcc_07_skew,0.03523227199912071,mfcc
HAP,mfcc_07_kurt,0.019824709743261337,mfcc
HAP,mfcc_08_mean,0.010391931980848312,mfcc
HAP,mfcc_08_std,0.011970218271017075,mfcc
HAP,mfcc_08_min,0.007833846844732761,mfcc
HAP,mfcc_08_max,0.04420704022049904,mfcc
HAP,mfcc_08_median,0.013635898008942604,mfcc
HAP,mfcc_08_iqr,0.00878486130386591,mfcc
HAP,mfcc_08_skew,0.01625295728445053,mfcc
HAP,mfcc_08_kurt,0.01878153160214424,mfcc
HAP,mfcc_09_mean,0.008710321970283985,mfcc
HAP,mfcc_09_std,0.00576131884008646,mfcc
HAP,mfcc_09_min,0.016153916716575623,mfcc
HAP,mfcc_09_max,0.016823893412947655,mfcc
HAP,mfcc_09_median,0.005571181885898113,mfcc
HAP,mfcc_09_iqr,0.006853860802948475,mfcc
HAP,mfcc_09_skew,0.009144837968051434,mfcc
HAP,mfcc_09_kurt,0.019249068573117256,mfcc
HAP,mfcc_10_mean,0.021696997806429863,mfcc
HAP,mfcc_10_std,0.012371411547064781,mfcc
HAP,mfcc_10_min,0.03330029174685478,mfcc
HAP,mfcc_10_max,0.007525577675551176,mfcc
HAP,mfcc_10_median,0.04648793488740921,mfcc
HAP,mfcc_10_iqr,0.012748024426400661,mfcc
HAP,mfcc_10_skew,0.020013339817523956,mfcc
HAP,mfcc_10_kurt,0.008247540332376957,mfcc
HAP,mfcc_11_mean,0.008749641478061676,mfcc
HAP,mfcc_11_std,0.007615774404257536,mfcc
HAP,mfcc_11_min,0.006366953253746033,mfcc
HAP,mfcc_11_max,0.010103249922394753,mfcc
HAP,mfcc_11_median,0.010488331317901611,mfcc
HAP,mfcc_11_iqr,0.0075987642630934715,mfcc
HAP,mfcc_11_skew,0.025262102484703064,mfcc
HAP,mfcc_11_kurt,0.01662815921008587,mfcc
HAP,mfcc_12_mean,0.010386691428720951,mfcc
HAP,mfcc_12_std,0.005621802061796188,mfcc
HAP,mfcc_12_min,0.006531816907227039,mfcc
HAP,mfcc_12_max,0.015516155399382114,mfcc
HAP,mfcc_12_median,0.00879470631480217,mfcc
HAP,mfcc_12_iqr,0.005429818294942379,mfcc
HAP,mfcc_12_skew,0.011829200200736523,mfcc
HAP,mfcc_12_kurt,0.02212371677160263,mfcc
HAP,mfcc_13_mean,0.029478978365659714,mfcc
HAP,mfcc_13_std,0.00970538891851902,mfcc
HAP,mfcc_13_min,0.041929543018341064,mfcc
HAP,mfcc_13_max,0.0078044007532298565,mfcc
HAP,mfcc_13_median,0.02888997085392475,mfcc
HAP,mfcc_13_iqr,0.0072839767672121525,mfcc
HAP,mfcc_13_skew,0.028165196999907494,mfcc
HAP,mfcc_13_kurt,0.010544820688664913,mfcc
HAP,mfcc_14_mean,0.01403562817722559,mfcc
HAP,mfcc_14_std,0.01679740659892559,mfcc
HAP,mfcc_14_min,0.006148465443402529,mfcc
HAP,mfcc_14_max,0.01592104509472847,mfcc
HAP,mfcc_14_median,0.005251825321465731,mfcc
HAP,mfcc_14_iqr,0.047813549637794495,mfcc
HAP,mfcc_14_skew,0.016969697549939156,mfcc
HAP,mfcc_14_kurt,0.01433617901057005,mfcc
HAP,mfcc_15_mean,0.007499700412154198,mfcc
HAP,mfcc_15_std,0.017322275787591934,mfcc
HAP,mfcc_15_min,0.006292473524808884,mfcc
HAP,mfcc_15_max,0.007579437922686338,mfcc
HAP,mfcc_15_median,0.00746039766818285,mfcc
HAP,mfcc_15_iqr,0.010054257698357105,mfcc
HAP,mfcc_15_skew,0.011060090735554695,mfcc
HAP,mfcc_15_kurt,0.016483711078763008,mfcc
HAP,mfcc_16_mean,0.01507045142352581,mfcc
HAP,mfcc_16_std,0.01361870113760233,mfcc
HAP,mfcc_16_min,0.013126022182404995,mfcc
HAP,mfcc_16_max,0.019937369972467422,mfcc
HAP,mfcc_16_median,0.032009057700634,mfcc
HAP,mfcc_16_iqr,0.00906936265528202,mfcc
HAP,mfcc_16_skew,0.03426197171211243,mfcc
HAP,mfcc_16_kurt,0.02294730953872204,mfcc
HAP,mfcc_17_mean,0.00896643940359354,mfcc
HAP,mfcc_17_std,0.03240979090332985,mfcc
HAP,mfcc_17_min,0.01952884905040264,mfcc
HAP,mfcc_17_max,0.028423013165593147,mfcc
HAP,mfcc_17_median,0.011574986390769482,mfcc
HAP,mfcc_17_iqr,0.010448205284774303,mfcc
HAP,mfcc_17_skew,0.011208313517272472,mfcc
HAP,mfcc_17_kurt,0.010809107683598995,mfcc
HAP,mfcc_18_mean,0.01482816506177187,mfcc
HAP,mfcc_18_std,0.011503403075039387,mfcc
HAP,mfcc_18_min,0.006474639754742384,mfcc
HAP,mfcc_18_max,0.00565038388594985,mfcc
HAP,mfcc_18_median,0.012999607250094414,mfcc
HAP,mfcc_18_iqr,0.006898033432662487,mfcc
HAP,mfcc_18_skew,0.006013810634613037,mfcc
HAP,mfcc_18_kurt,0.008753402158617973,mfcc
HAP,mfcc_19_mean,0.016239872202277184,mfcc
HAP,mfcc_19_std,0.005144681315869093,mfcc
HAP,mfcc_19_min,0.017279407009482384,mfcc
HAP,mfcc_19_max,0.056464727967977524,mfcc
HAP,mfcc_19_median,0.024191701784729958,mfcc
HAP,mfcc_19_iqr,0.03177699074149132,mfcc
HAP,mfcc_19_skew,0.024557581171393394,mfcc
HAP,mfcc_19_kurt,0.03167495131492615,mfcc
HAP,mfcc_d1_00_mean,0.020145338028669357,mfcc
HAP,mfcc_d1_00_std,0.01750515215098858,mfcc
HAP,mfcc_d2_00_mean,0.01138557679951191,mfcc
HAP,mfcc_d2_00_std,0.1510956734418869,mfcc
HAP,mfcc_d1_01_mean,0.0820009857416153,mfcc
HAP,mfcc_d1_01_std,0.07644672691822052,mfcc
HAP,mfcc_d2_01_mean,0.011841192841529846,mfcc
HAP,mfcc_d2_01_std,0.012395964004099369,mfcc
HAP,mfcc_d1_02_mean,0.030414225533604622,mfcc
HAP,mfcc_d1_02_std,0.0614464245736599,mfcc
HAP,mfcc_d2_02_mean,0.007846037857234478,mfcc
HAP,mfcc_d2_02_std,0.014399485662579536,mfcc
HAP,mfcc_d1_03_mean,0.012419967912137508,mfcc
HAP,mfcc_d1_03_std,0.015358767472207546,mfcc
HAP,mfcc_d2_03_mean,0.028077557682991028,mfcc
HAP,mfcc_d2_03_std,0.04232482612133026,mfcc
HAP,mfcc_d1_04_mean,0.017818663269281387,mfcc
HAP,mfcc_d1_04_std,0.03981577605009079,mfcc
HAP,mfcc_d2_04_mean,0.02185865491628647,mfcc
HAP,mfcc_d2_04_std,0.01852567493915558,mfcc
HAP,mfcc_d1_05_mean,0.021949365735054016,mfcc
HAP,mfcc_d1_05_std,0.011946361511945724,mfcc
HAP,mfcc_d2_05_mean,0.0157367791980505,mfcc
HAP,mfcc_d2_05_std,0.018248336389660835,mfcc
HAP,mfcc_d1_06_mean,0.027358144521713257,mfcc
HAP,mfcc_d1_06_std,0.01391923613846302,mfcc
HAP,mfcc_d2_06_mean,0.01843821443617344,mfcc
HAP,mfcc_d2_06_std,0.00915237795561552,mfcc
HAP,mfcc_d1_07_mean,0.01812261901795864,mfcc
HAP,mfcc_d1_07_std,0.0101936561986804,mfcc
HAP,mfcc_d2_07_mean,0.022973304614424706,mfcc
HAP,mfcc_d2_07_std,0.012346592731773853,mfcc
HAP,mfcc_d1_08_mean,0.021286793053150177,mfcc
HAP,mfcc_d1_08_std,0.006589835975319147,mfcc
HAP,mfcc_d2_08_mean,0.009898263961076736,mfcc
HAP,mfcc_d2_08_std,0.05356186628341675,mfcc
HAP,mfcc_d1_09_mean,0.008158539421856403,mfcc
HAP,mfcc_d1_09_std,0.017879826948046684,mfcc
HAP,mfcc_d2_09_mean,0.00718295993283391,mfcc
HAP,mfcc_d2_09_std,0.07765433937311172,mfcc
HAP,mfcc_d1_10_mean,0.039703745394945145,mfcc
HAP,mfcc_d1_10_std,0.011174006387591362,mfcc
HAP,mfcc_d2_10_mean,0.010907229036092758,mfcc
HAP,mfcc_d2_10_std,0.007096701301634312,mfcc
HAP,mfcc_d1_11_mean,0.0659608319401741,mfcc
HAP,mfcc_d1_11_std,0.025073673576116562,mfcc
HAP,mfcc_d2_11_mean,0.026887260377407074,mfcc
HAP,mfcc_d2_11_std,0.008892099373042583,mfcc
HAP,mfcc_d1_12_mean,0.015115817077457905,mfcc
HAP,mfcc_d1_12_std,0.012042826041579247,mfcc
HAP,mfcc_d2_12_mean,0.055562667548656464,mfcc
HAP,mfcc_d2_12_std,0.03205235302448273,mfcc
HAP,mfcc_d1_13_mean,0.02401585318148136,mfcc
HAP,mfcc_d1_13_std,0.009785044938325882,mfcc
HAP,mfcc_d2_13_mean,0.02428349107503891,mfcc
HAP,mfcc_d2_13_std,0.05535692349076271,mfcc
HAP,mfcc_d1_14_mean,0.015097290277481079,mfcc
HAP,mfcc_d1_14_std,0.03201008960604668,mfcc
HAP,mfcc_d2_14_mean,0.023638751357793808,mfcc
HAP,mfcc_d2_14_std,0.05132725089788437,mfcc
HAP,mfcc_d1_15_mean,0.011457756161689758,mfcc
HAP,mfcc_d1_15_std,0.01525720115751028,mfcc
HAP,mfcc_d2_15_mean,0.0228606965392828,mfcc
HAP,mfcc_d2_15_std,0.021454881876707077,mfcc
HAP,mfcc_d1_16_mean,0.0061922837048769,mfcc
HAP,mfcc_d1_16_std,0.003776758909225464,mfcc
HAP,mfcc_d2_16_mean,0.008805462159216404,mfcc
HAP,mfcc_d2_16_std,0.011989852413535118,mfcc
HAP,mfcc_d1_17_mean,0.02334454283118248,mfcc
HAP,mfcc_d1_17_std,0.017481518909335136,mfcc
HAP,mfcc_d2_17_mean,0.01654079183936119,mfcc
HAP,mfcc_d2_17_std,0.021163396537303925,mfcc
HAP,mfcc_d1_18_mean,0.013434878550469875,mfcc
HAP,mfcc_d1_18_std,0.010136573575437069,mfcc
HAP,mfcc_d2_18_mean,0.010120741091668606,mfcc
HAP,mfcc_d2_18_std,0.02942647598683834,mfcc
HAP,mfcc_d1_19_mean,0.004545682575553656,mfcc
HAP,mfcc_d1_19_std,0.011575127020478249,mfcc
HAP,mfcc_d2_19_mean,0.06573951989412308,mfcc
HAP,mfcc_d2_19_std,0.006715911440551281,mfcc
HAP,chroma_00_mean,0.005147208459675312,chroma
HAP,chroma_00_std,0.02546130307018757,chroma
HAP,chroma_01_mean,0.015974732115864754,chroma
HAP,chroma_01_std,0.0077115511521697044,chroma
HAP,chroma_02_mean,0.025432942435145378,chroma
HAP,chroma_02_std,0.01971808448433876,chroma
HAP,chroma_03_mean,0.005346044898033142,chroma
HAP,chroma_03_std,0.012674403376877308,chroma
HAP,chroma_04_mean,0.005089090205729008,chroma
HAP,chroma_04_std,0.00832159724086523,chroma
HAP,chroma_05_mean,0.0219943355768919,chroma
HAP,chroma_05_std,0.008489161729812622,chroma
HAP,chroma_06_mean,0.05113881453871727,chroma
HAP,chroma_06_std,0.04188865050673485,chroma
HAP,chroma_07_mean,0.048570457845926285,chroma
HAP,chroma_07_std,0.006591281853616238,chroma
HAP,chroma_08_mean,0.005083606578409672,chroma
HAP,chroma_08_std,0.022108418866991997,chroma
HAP,chroma_09_mean,0.020513443276286125,chroma
HAP,chroma_09_std,0.012646820396184921,chroma
HAP,chroma_10_mean,0.006613624282181263,chroma
HAP,chroma_10_std,0.007230100687593222,chroma
HAP,chroma_11_mean,0.003968989942222834,chroma
HAP,chroma_11_std,0.022897640243172646,chroma
HAP,prosody_f0_mean,0.0363333523273468,prosody
HAP,prosody_f0_std,0.18426574766635895,prosody
HAP,prosody_f0_min,0.047273267060518265,prosody
HAP,prosody_f0_max,0.059953708201646805,prosody
HAP,prosody_f0_median,0.02048068307340145,prosody
HAP,prosody_f0_iqr,0.2630794942378998,prosody
HAP,prosody_f0_skew,0.043986670672893524,prosody
HAP,prosody_f0_kurt,0.0511489063501358,prosody
HAP,prosody_voiced_fraction,0.0064345719292759895,prosody
HAP,prosody_f0_slope_abs_mean,0.10454978793859482,prosody
HAP,prosody_n_voiced_segments,0.007565720938146114,prosody
HAP,prosody_voiced_rate_per_s,0.013771643862128258,prosody
HAP,prosody_mean_voiced_seg_s,0.011085888370871544,prosody
HAP,prosody_pause_fraction,0.004462691023945808,prosody
HAP,prosody_jitter_local,0.020668381825089455,prosody
HAP,prosody_jitter_rap,0.01640360616147518,prosody
HAP,prosody_jitter_ppq5,0.03409580886363983,prosody
HAP,prosody_jitter_ddp,0.0024145774077624083,prosody
HAP,prosody_shimmer_local,0.023955781012773514,prosody
HAP,prosody_shimmer_localdb,0.03143104538321495,prosody
HAP,prosody_shimmer_apq3,0.034935832023620605,prosody
HAP,prosody_shimmer_apq5,0.014868375845253468,prosody
HAP,prosody_shimmer_apq11,0.02059067413210869,prosody
HAP,prosody_shimmer_dda,0.007957246154546738,prosody
HAP,prosody_hnr_mean,0.012707313522696495,prosody
HAP,prosody_hnr_std,0.039951976388692856,prosody
HAP,prosody_hnr_min,0.010690713301301003,prosody
HAP,prosody_hnr_max,0.010669386945664883,prosody
HAP,prosody_hnr_median,0.010678126476705074,prosody
HAP,prosody_f1_mean,0.008423342369496822,prosody
HAP,prosody_f1_std,0.0586404874920845,prosody
HAP,prosody_f1_median,0.01941455714404583,prosody
HAP,prosody_f1_bw_median,0.0041685630567371845,prosody
HAP,prosody_f2_mean,0.01637929305434227,prosody
HAP,prosody_f2_std,0.03815221041440964,prosody
HAP,prosody_f2_median,0.012705768458545208,prosody
HAP,prosody_f2_bw_median,0.015536751598119736,prosody
HAP,prosody_f3_mean,0.012126993387937546,prosody
HAP,prosody_f3_std,0.010726735927164555,prosody
HAP,prosody_f3_median,0.011730530299246311,prosody
HAP,prosody_f3_bw_median,0.06820753961801529,prosody
HAP,prosody_f4_mean,0.013342481106519699,prosody
HAP,prosody_f4_std,0.014363565482199192,prosody
HAP,prosody_f4_median,0.0110527528449893,prosody
HAP,prosody_f5_mean,0.012131037190556526,prosody
HAP,prosody_f5_std,0.010048781521618366,prosody
HAP,prosody_f5_median,0.007689611986279488,prosody
HAP,prosody_intensity_mean,0.023087818175554276,prosody
HAP,prosody_intensity_std,0.17654353380203247,prosody
HAP,prosody_intensity_min,0.10144474357366562,prosody
HAP,prosody_intensity_max,0.028800541535019875,prosody
HAP,prosody_intensity_median,0.019219674170017242,prosody
HAP,prosody_intensity_iqr,0.2544194161891937,prosody
HAP,prosody_intensity_skew,0.023601554334163666,prosody
HAP,prosody_intensity_kurt,0.10448124259710312,prosody
HAP,prosody_cpps,0.006886574439704418,prosody
NEU,duration_s,0.20847047865390778,other
NEU,peak_amplitude,0.007743236143141985,other
NEU,spectral_centroid_mean,0.003934069070965052,spectral
NEU,spectral_centroid_std,0.005208126734942198,spectral
NEU,spectral_centroid_min,0.04371744021773338,spectral
NEU,spectral_centroid_max,0.008512872271239758,spectral
NEU,spectral_centroid_median,0.013531268574297428,spectral
NEU,spectral_centroid_iqr,0.00895007885992527,spectral
NEU,spectral_centroid_skew,0.007045394740998745,spectral
NEU,spectral_centroid_kurt,0.0032784738577902317,spectral
NEU,spectral_bandwidth_mean,0.003570426721125841,spectral
NEU,spectral_bandwidth_std,0.016146959736943245,spectral
NEU,spectral_bandwidth_min,0.014388392679393291,spectral
NEU,spectral_bandwidth_max,0.016190161928534508,spectral
NEU,spectral_bandwidth_median,0.028443245217204094,spectral
NEU,spectral_bandwidth_iqr,0.010439487174153328,spectral
NEU,spectral_bandwidth_skew,0.005598057061433792,spectral
NEU,spectral_bandwidth_kurt,0.0049450150690972805,spectral
NEU,spectral_rolloff85_mean,0.005676021799445152,spectral
NEU,spectral_rolloff85_std,0.005003283731639385,spectral
NEU,spectral_rolloff85_min,0.003688348224386573,spectral
NEU,spectral_rolloff85_max,0.011568007990717888,spectral
NEU,spectral_rolloff85_median,0.00249238102696836,spectral
NEU,spectral_rolloff85_iqr,0.0005871571484021842,spectral
NEU,spectral_rolloff85_skew,0.0060663241893053055,spectral
NEU,spectral_rolloff85_kurt,0.007187743205577135,spectral
NEU,spectral_rolloff95_mean,0.006196878384798765,spectral
NEU,spectral_rolloff95_std,0.006709387991577387,spectral
NEU,spectral_rolloff95_min,0.0008833443862386048,spectral
NEU,spectral_rolloff95_max,0.006316592916846275,spectral
NEU,spectral_rolloff95_median,0.002297530882060528,spectral
NEU,spectral_rolloff95_iqr,0.013872035779058933,spectral
NEU,spectral_rolloff95_skew,0.005216589197516441,spectral
NEU,spectral_rolloff95_kurt,0.008205682039260864,spectral
NEU,spectral_flatness_mean,0.011527367867529392,spectral
NEU,spectral_flatness_std,0.009123029187321663,spectral
NEU,spectral_flatness_min,0.008780091069638729,spectral
NEU,spectral_flatness_max,0.010855494998395443,spectral
NEU,spectral_flatness_median,0.03056696616113186,spectral
NEU,spectral_flatness_iqr,0.012398816645145416,spectral
NEU,spectral_flatness_skew,0.006591365672647953,spectral
NEU,spectral_flatness_kurt,0.007426258642226458,spectral
NEU,spectral_zcr_mean,0.004500625655055046,spectral
NEU,spectral_zcr_std,0.0050238738767802715,spectral
NEU,spectral_zcr_min,0.0024889421183615923,spectral
NEU,spectral_zcr_max,0.0033186248037964106,spectral
NEU,spectral_zcr_median,0.03873810917139053,spectral
NEU,spectral_zcr_iqr,0.008660340681672096,spectral
NEU,spectral_zcr_skew,0.007815033197402954,spectral
NEU,spectral_zcr_kurt,0.0070399329997599125,spectral
NEU,spectral_rms_mean,0.0035469357389956713,spectral
NEU,spectral_rms_std,0.019577624276280403,spectral
NEU,spectral_rms_min,0.007983153685927391,spectral
NEU,spectral_rms_max,0.00834656786173582,spectral
NEU,spectral_rms_median,0.030215231701731682,spectral
NEU,spectral_rms_iqr,0.017436357215046883,spectral
NEU,spectral_rms_skew,0.009214171208441257,spectral
NEU,spectral_rms_kurt,0.003963745664805174,spectral
NEU,spectral_flux_mean,0.014924319460988045,spectral
NEU,spectral_flux_std,0.21018923819065094,spectral
NEU,spectral_flux_min,0.03443463146686554,spectral
NEU,spectral_flux_max,0.004233563784509897,spectral
NEU,spectral_flux_median,0.009938950650393963,spectral
NEU,spectral_flux_iqr,0.1226874440908432,spectral
NEU,spectral_flux_skew,0.003992058802396059,spectral
NEU,spectral_flux_kurt,0.004550665616989136,spectral
NEU,spectral_entropy_mean,0.02371593564748764,spectral
NEU,spectral_entropy_std,0.02028614655137062,spectral
NEU,spectral_entropy_min,0.011017035692930222,spectral
NEU,spectral_entropy_max,0.009578603319823742,spectral
NEU,spectral_entropy_median,0.04363163933157921,spectral
NEU,spectral_entropy_iqr,0.008854618296027184,spectral
NEU,spectral_entropy_skew,0.028777964413166046,spectral
NEU,spectral_entropy_kurt,0.014495566487312317,spectral
NEU,spectral_slope_mean,0.006617353763431311,spectral
NEU,spectral_slope_std,0.05097299441695213,spectral
NEU,spectral_slope_min,0.006868729367852211,spectral
NEU,spectral_slope_max,0.016988053917884827,spectral
NEU,spectral_slope_median,0.018762018531560898,spectral
NEU,spectral_slope_iqr,0.008978143334388733,spectral
NEU,spectral_slope_skew,0.004279069136828184,spectral
NEU,spectral_slope_kurt,0.00256682513281703,spectral
NEU,spectral_band_0_500_mean,0.007431259378790855,spectral
NEU,spectral_band_0_500_std,0.005069162230938673,spectral
NEU,spectral_band_500_1000_mean,0.017082154750823975,spectral
NEU,spectral_band_500_1000_std,0.03292520344257355,spectral
NEU,spectral_band_1000_2000_mean,0.03961878642439842,spectral
NEU,spectral_band_1000_2000_std,0.2021302878856659,spectral
NEU,spectral_band_2000_3000_mean,0.10830926150083542,spectral
NEU,spectral_band_2000_3000_std,0.06373795866966248,spectral
NEU,spectral_band_3000_4000_mean,0.005769496317952871,spectral
NEU,spectral_band_3000_4000_std,0.006668130401521921,spectral
NEU,spectral_band_4000_5000_mean,0.0072783976793289185,spectral
NEU,spectral_band_4000_5000_std,0.020179513841867447,spectral
NEU,spectral_band_5000_6000_mean,0.010620299726724625,spectral
NEU,spectral_band_5000_6000_std,0.009690359234809875,spectral
NEU,spectral_band_6000_8000_mean,0.0028747664764523506,spectral
NEU,spectral_band_6000_8000_std,0.003164327470585704,spectral
NEU,spectral_hf_ratio_4000_mean,0.004603522829711437,spectral
NEU,spectral_hf_ratio_4000_std,0.002120926510542631,spectral
NEU,spectral_hf_ratio_6000_mean,0.0016989660216495395,spectral
NEU,spectral_hf_ratio_6000_std,0.00468398118391633,spectral
NEU,spectral_contrast_0_mean,0.015558645129203796,spectral
NEU,spectral_contrast_0_std,0.009321775287389755,spectral
NEU,spectral_contrast_1_mean,0.08822353184223175,spectral
NEU,spectral_contrast_1_std,0.07865364104509354,spectral
NEU,spectral_contrast_2_mean,0.02521347627043724,spectral
NEU,spectral_contrast_2_std,0.10025741904973984,spectral
NEU,spectral_contrast_3_mean,0.0247908104211092,spectral
NEU,spectral_contrast_3_std,0.012028291821479797,spectral
NEU,spectral_contrast_4_mean,0.007092949468642473,spectral
NEU,spectral_contrast_4_std,0.03977588564157486,spectral
NEU,spectral_contrast_5_mean,0.006406697444617748,spectral
NEU,spectral_contrast_5_std,0.025580819696187973,spectral
NEU,spectral_contrast_6_mean,0.029708456248044968,spectral
NEU,spectral_contrast_6_std,0.0324234701693058,spectral
NEU,mfcc_00_mean,0.03038799948990345,mfcc
NEU,mfcc_00_std,0.04745767265558243,mfcc
NEU,mfcc_00_min,0.012209905311465263,mfcc
NEU,mfcc_00_max,0.02522009238600731,mfcc
NEU,mfcc_00_median,0.07194182276725769,mfcc
NEU,mfcc_00_iqr,0.1524503529071808,mfcc
NEU,mfcc_00_skew,0.21560081839561462,mfcc
NEU,mfcc_00_kurt,0.11543500423431396,mfcc
NEU,mfcc_01_mean,0.0035160460975021124,mfcc
NEU,mfcc_01_std,0.009745574556291103,mfcc
NEU,mfcc_01_min,0.004199087619781494,mfcc
NEU,mfcc_01_max,0.018456611782312393,mfcc
NEU,mfcc_01_median,0.008853902108967304,mfcc
NEU,mfcc_01_iqr,0.007693966384977102,mfcc
NEU,mfcc_01_skew,0.005098680499941111,mfcc
NEU,mfcc_01_kurt,0.009794286452233791,mfcc
NEU,mfcc_02_mean,0.009194415993988514,mfcc
NEU,mfcc_02_std,0.008659417741000652,mfcc
NEU,mfcc_02_min,0.01772206276655197,mfcc
NEU,mfcc_02_max,0.04036383703351021,mfcc
NEU,mfcc_02_median,0.00605859886854887,mfcc
NEU,mfcc_02_iqr,0.06369133293628693,mfcc
NEU,mfcc_02_skew,0.023820029571652412,mfcc
NEU,mfcc_02_kurt,0.04330924525856972,mfcc
NEU,mfcc_03_mean,0.018501976504921913,mfcc
NEU,mfcc_03_std,0.005637484602630138,mfcc
NEU,mfcc_03_min,0.0593009889125824,mfcc
NEU,mfcc_03_max,0.034441206604242325,mfcc
NEU,mfcc_03_median,0.015062419697642326,mfcc
NEU,mfcc_03_iqr,0.006881041452288628,mfcc
NEU,mfcc_03_skew,0.054622452706098557,mfcc
NEU,mfcc_03_kurt,0.0052613019943237305,mfcc
NEU,mfcc_04_mean,0.007123798597604036,mfcc
NEU,mfcc_04_std,0.07635121792554855,mfcc
NEU,mfcc_04_min,0.028153184801340103,mfcc
NEU,mfcc_04_max,0.011244087480008602,mfcc
NEU,mfcc_04_median,0.0234946608543396,mfcc
NEU,mfcc_04_iqr,0.01478933822363615,mfcc
NEU,mfcc_04_skew,0.060122158378362656,mfcc
NEU,mfcc_04_kurt,0.01107387337833643,mfcc
NEU,mfcc_05_mean,0.03002092055976391,mfcc
NEU,mfcc_05_std,0.0073919654823839664,mfcc
NEU,mfcc_05_min,0.03572511672973633,mfcc
NEU,mfcc_05_max,0.05964399874210358,mfcc
NEU,mfcc_05_median,0.016618337482213974,mfcc
NEU,mfcc_05_iqr,0.008478671312332153,mfcc
NEU,mfcc_05_skew,0.01298692636191845,mfcc
NEU,mfcc_05_kurt,0.012028740718960762,mfcc
NEU,mfcc_06_mean,0.007977671921253204,mfcc
NEU,mfcc_06_std,0.08058800548315048,mfcc
NEU,mfcc_06_min,0.009115885943174362,mfcc
NEU,mfcc_06_max,0.0064315106719732285,mfcc
NEU,mfcc_06_median,0.015254009515047073,mfcc
NEU,mfcc_06_iqr,0.008316416293382645,mfcc
NEU,mfcc_06_skew,0.027800992131233215,mfcc
NEU,mfcc_06_kurt,0.008381281048059464,mfcc
NEU,mfcc_07_mean,0.02381261996924877,mfcc
NEU,mfcc_07_std,0.025800146162509918,mfcc
NEU,mfcc_07_min,0.01785353198647499,mfcc
NEU,mfcc_07_max,0.014518550597131252,mfcc
NEU,mfcc_07_median,0.008108125999569893,mfcc
NEU,mfcc_07_iqr,0.010289531201124191,mfcc
NEU,mfcc_07_skew,0.020382000133395195,mfcc
NEU,mfcc_07_kurt,0.0061678229831159115,mfcc
NEU,mfcc_08_mean,0.006010790821164846,mfcc
NEU,mfcc_08_std,0.011732801795005798,mfcc
NEU,mfcc_08_min,0.021332718431949615,mfcc
NEU,mfcc_08_max,0.01062131766229868,mfcc
NEU,mfcc_08_median,0.007918895222246647,mfcc
NEU,mfcc_08_iqr,0.01129935309290886,mfcc
NEU,mfcc_08_skew,0.047994568943977356,mfcc
NEU,mfcc_08_kurt,0.008389345370233059,mfcc
NEU,mfcc_09_mean,0.020401667803525925,mfcc
NEU,mfcc_09_std,0.03065299615263939,mfcc
NEU,mfcc_09_min,0.012643164955079556,mfcc
NEU,mfcc_09_max,0.007442971225827932,mfcc
NEU,mfcc_09_median,0.019729752093553543,mfcc
NEU,mfcc_09_iqr,0.037159860134124756,mfcc
NEU,mfcc_09_skew,0.006766274571418762,mfcc
NEU,mfcc_09_kurt,0.00684681162238121,mfcc
NEU,mfcc_10_mean,0.008154097013175488,mfcc
NEU,mfcc_10_std,0.015779320150613785,mfcc
NEU,mfcc_10_min,0.02207418531179428,mfcc
NEU,mfcc_10_max,0.007457013241946697,mfcc
NEU,mfcc_10_median,0.011036021634936333,mfcc
NEU,mfcc_10_iqr,0.014596864581108093,mfcc
NEU,mfcc_10_skew,0.023280231282114983,mfcc
NEU,mfcc_10_kurt,0.017476726323366165,mfcc
NEU,mfcc_11_mean,0.007694232277572155,mfcc
NEU,mfcc_11_std,0.013869314454495907,mfcc
NEU,mfcc_11_min,0.03955705463886261,mfcc
NEU,mfcc_11_max,0.0067098746076226234,mfcc
NEU,mfcc_11_median,0.006082176696509123,mfcc
NEU,mfcc_11_iqr,0.010325103998184204,mfcc
NEU,mfcc_11_skew,0.023033570498228073,mfcc
NEU,mfcc_11_kurt,0.009008320048451424,mfcc
NEU,mfcc_12_mean,0.02516791597008705,mfcc
NEU,mfcc_12_std,0.005903871729969978,mfcc
NEU,mfcc_12_min,0.018114063888788223,mfcc
NEU,mfcc_12_max,0.039717916399240494,mfcc
NEU,mfcc_12_median,0.029336294159293175,mfcc
NEU,mfcc_12_iqr,0.005288921762257814,mfcc
NEU,mfcc_12_skew,0.03376498073339462,mfcc
NEU,mfcc_12_kurt,0.016040414571762085,mfcc
NEU,mfcc_13_mean,0.017428305000066757,mfcc
NEU,mfcc_13_std,0.008294375613331795,mfcc
NEU,mfcc_13_min,0.012043345719575882,mfcc
NEU,mfcc_13_max,0.009886125102639198,mfcc
NEU,mfcc_13_median,0.010786994360387325,mfcc
NEU,mfcc_13_iqr,0.007764007896184921,mfcc
NEU,mfcc_13_skew,0.01397934090346098,mfcc
NEU,mfcc_13_kurt,0.009897722862660885,mfcc
NEU,mfcc_14_mean,0.006626162678003311,mfcc
NEU,mfcc_14_std,0.020293403416872025,mfcc
NEU,mfcc_14_min,0.010302843526005745,mfcc
NEU,mfcc_14_max,0.015293006785213947,mfcc
NEU,mfcc_14_median,0.01357127632945776,mfcc
NEU,mfcc_14_iqr,0.007788641378283501,mfcc
NEU,mfcc_14_skew,0.005949886050075293,mfcc
NEU,mfcc_14_kurt,0.008341207168996334,mfcc
NEU,mfcc_15_mean,0.005240777973085642,mfcc
NEU,mfcc_15_std,0.0243625920265913,mfcc
NEU,mfcc_15_min,0.0384971983730793,mfcc
NEU,mfcc_15_max,0.009667113423347473,mfcc
NEU,mfcc_15_median,0.0059839398600161076,mfcc
NEU,mfcc_15_iqr,0.015694662928581238,mfcc
NEU,mfcc_15_skew,0.016577551141381264,mfcc
NEU,mfcc_15_kurt,0.012547333724796772,mfcc
NEU,mfcc_16_mean,0.006301874294877052,mfcc
NEU,mfcc_16_std,0.018854858353734016,mfcc
NEU,mfcc_16_min,0.006366354413330555,mfcc
NEU,mfcc_16_max,0.022310296073555946,mfcc
NEU,mfcc_16_median,0.005837840493768454,mfcc
NEU,mfcc_16_iqr,0.023322083055973053,mfcc
NEU,mfcc_16_skew,0.041334111243486404,mfcc
NEU,mfcc_16_kurt,0.012442671693861485,mfcc
NEU,mfcc_17_mean,0.023285556584596634,mfcc
NEU,mfcc_17_std,0.050836727023124695,mfcc
NEU,mfcc_17_min,0.03397330641746521,mfcc
NEU,mfcc_17_max,0.018013838678598404,mfcc
NEU,mfcc_17_median,0.01980939321219921,mfcc
NEU,mfcc_17_iqr,0.015538442879915237,mfcc
NEU,mfcc_17_skew,0.007831119000911713,mfcc
NEU,mfcc_17_kurt,0.017152681946754456,mfcc
NEU,mfcc_18_mean,0.012406042777001858,mfcc
NEU,mfcc_18_std,0.03658861294388771,mfcc
NEU,mfcc_18_min,0.03342428803443909,mfcc
NEU,mfcc_18_max,0.0063810874707996845,mfcc
NEU,mfcc_18_median,0.009086281061172485,mfcc
NEU,mfcc_18_iqr,0.016360677778720856,mfcc
NEU,mfcc_18_skew,0.016129404306411743,mfcc
NEU,mfcc_18_kurt,0.010043895803391933,mfcc
NEU,mfcc_19_mean,0.016216838732361794,mfcc
NEU,mfcc_19_std,0.024020912125706673,mfcc
NEU,mfcc_19_min,0.017301194369792938,mfcc
NEU,mfcc_19_max,0.03756696730852127,mfcc
NEU,mfcc_19_median,0.017645157873630524,mfcc
NEU,mfcc_19_iqr,0.033572424203157425,mfcc
NEU,mfcc_19_skew,0.010305442847311497,mfcc
NEU,mfcc_19_kurt,0.010663553141057491,mfcc
NEU,mfcc_d1_00_mean,0.017212621867656708,mfcc
NEU,mfcc_d1_00_std,0.0649874210357666,mfcc
NEU,mfcc_d2_00_mean,0.02935638464987278,mfcc
NEU,mfcc_d2_00_std,0.1834586262702942,mfcc
NEU,mfcc_d1_01_mean,0.054160479456186295,mfcc
NEU,mfcc_d1_01_std,0.04948361963033676,mfcc
NEU,mfcc_d2_01_mean,0.023259054869413376,mfcc
NEU,mfcc_d2_01_std,0.11291877925395966,mfcc
NEU,mfcc_d1_02_mean,0.010101216845214367,mfcc
NEU,mfcc_d1_02_std,0.0725078284740448,mfcc
NEU,mfcc_d2_02_mean,0.021180665120482445,mfcc
NEU,mfcc_d2_02_std,0.02287387289106846,mfcc
NEU,mfcc_d1_03_mean,0.060648538172245026,mfcc
NEU,mfcc_d1_03_std,0.18158839643001556,mfcc
NEU,mfcc_d2_03_mean,0.021688057109713554,mfcc
NEU,mfcc_d2_03_std,0.03245018422603607,mfcc
NEU,mfcc_d1_04_mean,0.011078073643147945,mfcc
NEU,mfcc_d1_04_std,0.0478050671517849,mfcc
NEU,mfcc_d2_04_mean,0.03406423330307007,mfcc
NEU,mfcc_d2_04_std,0.06722594052553177,mfcc
NEU,mfcc_d1_05_mean,0.00887263286858797,mfcc
NEU,mfcc_d1_05_std,0.035763196647167206,mfcc
NEU,mfcc_d2_05_mean,0.00849607028067112,mfcc
NEU,mfcc_d2_05_std,0.037871699780225754,mfcc
NEU,mfcc_d1_06_mean,0.006870709825307131,mfcc
NEU,mfcc_d1_06_std,0.037467509508132935,mfcc
NEU,mfcc_d2_06_mean,0.007806357461959124,mfcc
NEU,mfcc_d2_06_std,0.07083265483379364,mfcc
NEU,mfcc_d1_07_mean,0.0276193805038929,mfcc
NEU,mfcc_d1_07_std,0.03376632556319237,mfcc
NEU,mfcc_d2_07_mean,0.018804561346769333,mfcc
NEU,mfcc_d2_07_std,0.062176670879125595,mfcc
NEU,mfcc_d1_08_mean,0.019304407760500908,mfcc
NEU,mfcc_d1_08_std,0.0285072959959507,mfcc
NEU,mfcc_d2_08_mean,0.013652259483933449,mfcc
NEU,mfcc_d2_08_std,0.03899550437927246,mfcc
NEU,mfcc_d1_09_mean,0.004631540272384882,mfcc
NEU,mfcc_d1_09_std,0.04473239555954933,mfcc
NEU,mfcc_d2_09_mean,0.0068031917326152325,mfcc
NEU,mfcc_d2_09_std,0.09430183470249176,mfcc
NEU,mfcc_d1_10_mean,0.028001636266708374,mfcc
NEU,mfcc_d1_10_std,0.04095834493637085,mfcc
NEU,mfcc_d2_10_mean,0.05944029986858368,mfcc
NEU,mfcc_d2_10_std,0.0635593980550766,mfcc
NEU,mfcc_d1_11_mean,0.03770829364657402,mfcc
NEU,mfcc_d1_11_std,0.007022256962954998,mfcc
NEU,mfcc_d2_11_mean,0.009932173416018486,mfcc
NEU,mfcc_d2_11_std,0.028638219460844994,mfcc
NEU,mfcc_d1_12_mean,0.03472038730978966,mfcc
NEU,mfcc_d1_12_std,0.014240310527384281,mfcc
NEU,mfcc_d2_12_mean,0.005261907819658518,mfcc
NEU,mfcc_d2_12_std,0.06233755126595497,mfcc
NEU,mfcc_d1_13_mean,0.006800876464694738,mfcc
NEU,mfcc_d1_13_std,0.014197392389178276,mfcc
NEU,mfcc_d2_13_mean,0.021086150780320168,mfcc
NEU,mfcc_d2_13_std,0.009372858330607414,mfcc
NEU,mfcc_d1_14_mean,0.029398571699857712,mfcc
NEU,mfcc_d1_14_std,0.020286468788981438,mfcc
NEU,mfcc_d2_14_mean,0.00877497997134924,mfcc
NEU,mfcc_d2_14_std,0.012418447062373161,mfcc
NEU,mfcc_d1_15_mean,0.011013754643499851,mfcc
NEU,mfcc_d1_15_std,0.008830956183373928,mfcc
NEU,mfcc_d2_15_mean,0.02158229425549507,mfcc
NEU,mfcc_d2_15_std,0.01851823553442955,mfcc
NEU,mfcc_d1_16_mean,0.007761302869766951,mfcc
NEU,mfcc_d1_16_std,0.0410134457051754,mfcc
NEU,mfcc_d2_16_mean,0.042068563401699066,mfcc
NEU,mfcc_d2_16_std,0.005988223943859339,mfcc
NEU,mfcc_d1_17_mean,0.012281321920454502,mfcc
NEU,mfcc_d1_17_std,0.0037782895378768444,mfcc
NEU,mfcc_d2_17_mean,0.003408293006941676,mfcc
NEU,mfcc_d2_17_std,0.017755242064595222,mfcc
NEU,mfcc_d1_18_mean,0.005422383081167936,mfcc
NEU,mfcc_d1_18_std,0.01942727342247963,mfcc
NEU,mfcc_d2_18_mean,0.0044653210788965225,mfcc
NEU,mfcc_d2_18_std,0.009035336785018444,mfcc
NEU,mfcc_d1_19_mean,0.006414027884602547,mfcc
NEU,mfcc_d1_19_std,0.015080698765814304,mfcc
NEU,mfcc_d2_19_mean,0.0388263463973999,mfcc
NEU,mfcc_d2_19_std,0.005754590965807438,mfcc
NEU,chroma_00_mean,0.03631547838449478,chroma
NEU,chroma_00_std,0.01887695863842964,chroma
NEU,chroma_01_mean,0.0086648715659976,chroma
NEU,chroma_01_std,0.014827248640358448,chroma
NEU,chroma_02_mean,0.005345000419765711,chroma
NEU,chroma_02_std,0.014696170575916767,chroma
NEU,chroma_03_mean,0.006038930267095566,chroma
NEU,chroma_03_std,0.04691002145409584,chroma
NEU,chroma_04_mean,0.02966190315783024,chroma
NEU,chroma_04_std,0.004195992834866047,chroma
NEU,chroma_05_mean,0.00578045379370451,chroma
NEU,chroma_05_std,0.0063833934254944324,chroma
NEU,chroma_06_mean,0.005493072792887688,chroma
NEU,chroma_06_std,0.02020968124270439,chroma
NEU,chroma_07_mean,0.006426403298974037,chroma
NEU,chroma_07_std,0.006427865009754896,chroma
NEU,chroma_08_mean,0.00627857493236661,chroma
NEU,chroma_08_std,0.005279259290546179,chroma
NEU,chroma_09_mean,0.016407443210482597,chroma
NEU,chroma_09_std,0.006645637564361095,chroma
NEU,chroma_10_mean,0.01895671896636486,chroma
NEU,chroma_10_std,0.03340468555688858,chroma
NEU,chroma_11_mean,0.012174386531114578,chroma
NEU,chroma_11_std,0.008246022276580334,chroma
NEU,prosody_f0_mean,0.26853325963020325,prosody
NEU,prosody_f0_std,0.011832527816295624,prosody
NEU,prosody_f0_min,0.05569814518094063,prosody
NEU,prosody_f0_max,0.061249032616615295,prosody
NEU,prosody_f0_median,0.093020960688591,prosody
NEU,prosody_f0_iqr,0.04624718800187111,prosody
NEU,prosody_f0_skew,0.08355960994958878,prosody
NEU,prosody_f0_kurt,0.008519835770130157,prosody
NEU,prosody_voiced_fraction,0.003861520206555724,prosody
NEU,prosody_f0_slope_abs_mean,0.029036900028586388,prosody
NEU,prosody_n_voiced_segments,0.005084528122097254,prosody
NEU,prosody_voiced_rate_per_s,0.0646568015217781,prosody
NEU,prosody_mean_voiced_seg_s,0.009838840924203396,prosody
NEU,prosody_pause_fraction,0.0033728592097759247,prosody
NEU,prosody_jitter_local,0.020770322531461716,prosody
NEU,prosody_jitter_rap,0.008001267910003662,prosody
NEU,prosody_jitter_ppq5,0.005256881471723318,prosody
NEU,prosody_jitter_ddp,0.001767104840837419,prosody
NEU,prosody_shimmer_local,0.00477108359336853,prosody
NEU,prosody_shimmer_localdb,0.015730764716863632,prosody
NEU,prosody_shimmer_apq3,0.007849592715501785,prosody
NEU,prosody_shimmer_apq5,0.0065400139428675175,prosody
NEU,prosody_shimmer_apq11,0.011565988883376122,prosody
NEU,prosody_shimmer_dda,0.004083171486854553,prosody
NEU,prosody_hnr_mean,0.008737390860915184,prosody
NEU,prosody_hnr_std,0.029206573963165283,prosody
NEU,prosody_hnr_min,0.0067838747054338455,prosody
NEU,prosody_hnr_max,0.007729000877588987,prosody
NEU,prosody_hnr_median,0.0604117326438427,prosody
NEU,prosody_f1_mean,0.022914616391062737,prosody
NEU,prosody_f1_std,0.007400131318718195,prosody
NEU,prosody_f1_median,0.008119828067719936,prosody
NEU,prosody_f1_bw_median,0.09540772438049316,prosody
NEU,prosody_f2_mean,0.03176043555140495,prosody
NEU,prosody_f2_std,0.024698378518223763,prosody
NEU,prosody_f2_median,0.01704307831823826,prosody
NEU,prosody_f2_bw_median,0.00789597537368536,prosody
NEU,prosody_f3_mean,0.03471285104751587,prosody
NEU,prosody_f3_std,0.028619442135095596,prosody
NEU,prosody_f3_median,0.007631293963640928,prosody
NEU,prosody_f3_bw_median,0.016361651942133904,prosody
NEU,prosody_f4_mean,0.026055319234728813,prosody
NEU,prosody_f4_std,0.04543640464544296,prosody
NEU,prosody_f4_median,0.03822197765111923,prosody
NEU,prosody_f5_mean,0.004572796169668436,prosody
NEU,prosody_f5_std,0.02717273309826851,prosody
NEU,prosody_f5_median,0.008485127240419388,prosody
NEU,prosody_intensity_mean,0.010759512893855572,prosody
NEU,prosody_intensity_std,0.4620589315891266,prosody
NEU,prosody_intensity_min,0.08259064704179764,prosody
NEU,prosody_intensity_max,0.01217010896652937,prosody
NEU,prosody_intensity_median,0.028885629028081894,prosody
NEU,prosody_intensity_iqr,0.20229148864746094,prosody
NEU,prosody_intensity_skew,0.004260185174643993,prosody
NEU,prosody_intensity_kurt,0.014219091273844242,prosody
NEU,prosody_cpps,0.29974251985549927,prosody
SAD,duration_s,0.02252761647105217,other
SAD,peak_amplitude,0.053861673921346664,other
SAD,spectral_centroid_mean,0.0031909325625747442,spectral
SAD,spectral_centroid_std,0.006386473309248686,spectral
SAD,spectral_centroid_min,0.008434279821813107,spectral
SAD,spectral_centroid_max,0.005333546549081802,spectral
SAD,spectral_centroid_median,0.017811529338359833,spectral
SAD,spectral_centroid_iqr,0.07836989313364029,spectral
SAD,spectral_centroid_skew,0.007654791697859764,spectral
SAD,spectral_centroid_kurt,0.014599352143704891,spectral
SAD,spectral_bandwidth_mean,0.007474297657608986,spectral
SAD,spectral_bandwidth_std,0.002395002404227853,spectral
SAD,spectral_bandwidth_min,0.0219194944947958,spectral
SAD,spectral_bandwidth_max,0.025126202031970024,spectral
SAD,spectral_bandwidth_median,0.012272867374122143,spectral
SAD,spectral_bandwidth_iqr,0.012913500890135765,spectral
SAD,spectral_bandwidth_skew,0.0355447493493557,spectral
SAD,spectral_bandwidth_kurt,0.004691831301897764,spectral
SAD,spectral_rolloff85_mean,0.004373026080429554,spectral
SAD,spectral_rolloff85_std,0.0025697960518300533,spectral
SAD,spectral_rolloff85_min,0.0030498672276735306,spectral
SAD,spectral_rolloff85_max,0.007314847316592932,spectral
SAD,spectral_rolloff85_median,0.0018345997668802738,spectral
SAD,spectral_rolloff85_iqr,0.003494430333375931,spectral
SAD,spectral_rolloff85_skew,0.009481032378971577,spectral
SAD,spectral_rolloff85_kurt,0.010201867669820786,spectral
SAD,spectral_rolloff95_mean,0.013547180220484734,spectral
SAD,spectral_rolloff95_std,0.0027270526625216007,spectral
SAD,spectral_rolloff95_min,0.0028556720353662968,spectral
SAD,spectral_rolloff95_max,0.010870280675590038,spectral
SAD,spectral_rolloff95_median,0.007757280021905899,spectral
SAD,spectral_rolloff95_iqr,0.0447116494178772,spectral
SAD,spectral_rolloff95_skew,0.0063941082917153835,spectral
SAD,spectral_rolloff95_kurt,0.0014659813605248928,spectral
SAD,spectral_flatness_mean,0.006779049057513475,spectral
SAD,spectral_flatness_std,0.005442820489406586,spectral
SAD,spectral_flatness_min,0.0369071438908577,spectral
SAD,spectral_flatness_max,0.007261558435857296,spectral
SAD,spectral_flatness_median,0.023069161921739578,spectral
SAD,spectral_flatness_iqr,0.01578355021774769,spectral
SAD,spectral_flatness_skew,0.009686131961643696,spectral
SAD,spectral_flatness_kurt,0.005106320604681969,spectral
SAD,spectral_zcr_mean,0.0077506075613200665,spectral
SAD,spectral_zcr_std,0.00637686625123024,spectral
SAD,spectral_zcr_min,0.006510610692203045,spectral
SAD,spectral_zcr_max,0.0037491023540496826,spectral
SAD,spectral_zcr_median,0.10679945349693298,spectral
SAD,spectral_zcr_iqr,0.008824946358799934,spectral
SAD,spectral_zcr_skew,0.007283653598278761,spectral
SAD,spectral_zcr_kurt,0.0032831502612680197,spectral
SAD,spectral_rms_mean,0.02814500406384468,spectral
SAD,spectral_rms_std,0.028299890458583832,spectral
SAD,spectral_rms_min,0.01904962584376335,spectral
SAD,spectral_rms_max,0.007797517813742161,spectral
SAD,spectral_rms_median,0.056132543832063675,spectral
SAD,spectral_rms_iqr,0.014685691334307194,spectral
SAD,spectral_rms_skew,0.004137215670198202,spectral
SAD,spectral_rms_kurt,0.0027601581532508135,spectral
SAD,spectral_flux_mean,0.010300948284566402,spectral
SAD,spectral_flux_std,0.06141720339655876,spectral
SAD,spectral_flux_min,0.024766404181718826,spectral
SAD,spectral_flux_max,0.02074923925101757,spectral
SAD,spectral_flux_median,0.02179674431681633,spectral
SAD,spectral_flux_iqr,0.08633005619049072,spectral
SAD,spectral_flux_skew,0.01002592034637928,spectral
SAD,spectral_flux_kurt,0.014105879701673985,spectral
SAD,spectral_entropy_mean,0.022573363035917282,spectral
SAD,spectral_entropy_std,0.029832499101758003,spectral
SAD,spectral_entropy_min,0.014141051098704338,spectral
SAD,spectral_entropy_max,0.005402093753218651,spectral
SAD,spectral_entropy_median,0.059547118842601776,spectral
SAD,spectral_entropy_iqr,0.029886556789278984,spectral
SAD,spectral_entropy_skew,0.004508091136813164,spectral
SAD,spectral_entropy_kurt,0.008465301245450974,spectral
SAD,spectral_slope_mean,0.0356234535574913,spectral
SAD,spectral_slope_std,0.022068733349442482,spectral
SAD,spectral_slope_min,0.02738174796104431,spectral
SAD,spectral_slope_max,0.007674381602555513,spectral
SAD,spectral_slope_median,0.04130839183926582,spectral
SAD,spectral_slope_iqr,0.03939136490225792,spectral
SAD,spectral_slope_skew,0.0066918181255459785,spectral
SAD,spectral_slope_kurt,0.017570367082953453,spectral
SAD,spectral_band_0_500_mean,0.0868968591094017,spectral
SAD,spectral_band_0_500_std,0.0681745857000351,spectral
SAD,spectral_band_500_1000_mean,0.02364913374185562,spectral
SAD,spectral_band_500_1000_std,0.015815239399671555,spectral
SAD,spectral_band_1000_2000_mean,0.037959057837724686,spectral
SAD,spectral_band_1000_2000_std,0.027897654101252556,spectral
SAD,spectral_band_2000_3000_mean,0.09333217889070511,spectral
SAD,spectral_band_2000_3000_std,0.058858539909124374,spectral
SAD,spectral_band_3000_4000_mean,0.00920364260673523,spectral
SAD,spectral_band_3000_4000_std,0.011198856867849827,spectral
SAD,spectral_band_4000_5000_mean,0.006917182821780443,spectral
SAD,spectral_band_4000_5000_std,0.007758737541735172,spectral
SAD,spectral_band_5000_6000_mean,0.00513439578935504,spectral
SAD,spectral_band_5000_6000_std,0.009043235331773758,spectral
SAD,spectral_band_6000_8000_mean,0.0074515994638204575,spectral
SAD,spectral_band_6000_8000_std,0.008633009158074856,spectral
SAD,spectral_hf_ratio_4000_mean,0.0021496794652193785,spectral
SAD,spectral_hf_ratio_4000_std,0.0028360229916870594,spectral
SAD,spectral_hf_ratio_6000_mean,0.002673428738489747,spectral
SAD,spectral_hf_ratio_6000_std,0.001880865078419447,spectral
SAD,spectral_contrast_0_mean,0.01879635453224182,spectral
SAD,spectral_contrast_0_std,0.011782629415392876,spectral
SAD,spectral_contrast_1_mean,0.03597699850797653,spectral
SAD,spectral_contrast_1_std,0.027712920680642128,spectral
SAD,spectral_contrast_2_mean,0.004325735382735729,spectral
SAD,spectral_contrast_2_std,0.00902734324336052,spectral
SAD,spectral_contrast_3_mean,0.014427801594138145,spectral
SAD,spectral_contrast_3_std,0.00912546832114458,spectral
SAD,spectral_contrast_4_mean,0.013012918643653393,spectral
SAD,spectral_contrast_4_std,0.021711522713303566,spectral
SAD,spectral_contrast_5_mean,0.01880248636007309,spectral
SAD,spectral_contrast_5_std,0.03162679448723793,spectral
SAD,spectral_contrast_6_mean,0.09252148866653442,spectral
SAD,spectral_contrast_6_std,0.017043283209204674,spectral
SAD,mfcc_00_mean,0.042363934218883514,mfcc
SAD,mfcc_00_std,0.36193493008613586,mfcc
SAD,mfcc_00_min,0.008811116218566895,mfcc
SAD,mfcc_00_max,0.007208236958831549,mfcc
SAD,mfcc_00_median,0.052224788814783096,mfcc
SAD,mfcc_00_iqr,0.30486664175987244,mfcc
SAD,mfcc_00_skew,0.006408619694411755,mfcc
SAD,mfcc_00_kurt,0.09635387361049652,mfcc
SAD,mfcc_01_mean,0.01029473077505827,mfcc
SAD,mfcc_01_std,0.03889678046107292,mfcc
SAD,mfcc_01_min,0.006612122990190983,mfcc
SAD,mfcc_01_max,0.014750208705663681,mfcc
SAD,mfcc_01_median,0.029010359197854996,mfcc
SAD,mfcc_01_iqr,0.07556977868080139,mfcc
SAD,mfcc_01_skew,0.00970659963786602,mfcc
SAD,mfcc_01_kurt,0.010676102712750435,mfcc
SAD,mfcc_02_mean,0.017312347888946533,mfcc
SAD,mfcc_02_std,0.052391309291124344,mfcc
SAD,mfcc_02_min,0.03719812631607056,mfcc
SAD,mfcc_02_max,0.010240646079182625,mfcc
SAD,mfcc_02_median,0.01803494617342949,mfcc
SAD,mfcc_02_iqr,0.023400135338306427,mfcc
SAD,mfcc_02_skew,0.023906847462058067,mfcc
SAD,mfcc_02_kurt,0.03648078814148903,mfcc
SAD,mfcc_03_mean,0.019948052242398262,mfcc
SAD,mfcc_03_std,0.0943935364484787,mfcc
SAD,mfcc_03_min,0.04426376521587372,mfcc
SAD,mfcc_03_max,0.03610433638095856,mfcc
SAD,mfcc_03_median,0.012191754765808582,mfcc
SAD,mfcc_03_iqr,0.03232869505882263,mfcc
SAD,mfcc_03_skew,0.007814871147274971,mfcc
SAD,mfcc_03_kurt,0.0060334703885018826,mfcc
SAD,mfcc_04_mean,0.012765627354383469,mfcc
SAD,mfcc_04_std,0.02561151050031185,mfcc
SAD,mfcc_04_min,0.01816299371421337,mfcc
SAD,mfcc_04_max,0.008176577277481556,mfcc
SAD,mfcc_04_median,0.015436923131346703,mfcc
SAD,mfcc_04_iqr,0.015337154269218445,mfcc
SAD,mfcc_04_skew,0.004151972942054272,mfcc
SAD,mfcc_04_kurt,0.005212611053138971,mfcc
SAD,mfcc_05_mean,0.007319075055420399,mfcc
SAD,mfcc_05_std,0.00666411779820919,mfcc
SAD,mfcc_05_min,0.04321508854627609,mfcc
SAD,mfcc_05_max,0.05862301588058472,mfcc
SAD,mfcc_05_median,0.028650464490056038,mfcc
SAD,mfcc_05_iqr,0.05062633380293846,mfcc
SAD,mfcc_05_skew,0.009156327694654465,mfcc
SAD,mfcc_05_kurt,0.00487864064052701,mfcc
SAD,mfcc_06_mean,0.01470823585987091,mfcc
SAD,mfcc_06_std,0.02867354452610016,mfcc
SAD,mfcc_06_min,0.005790338851511478,mfcc
SAD,mfcc_06_max,0.035696372389793396,mfcc
SAD,mfcc_06_median,0.02851117216050625,mfcc
SAD,mfcc_06_iqr,0.01523913349956274,mfcc
SAD,mfcc_06_skew,0.006959196645766497,mfcc
SAD,mfcc_06_kurt,0.013504431582987309,mfcc
SAD,mfcc_07_mean,0.009958685375750065,mfcc
SAD,mfcc_07_std,0.012188166379928589,mfcc
SAD,mfcc_07_min,0.012162065133452415,mfcc
SAD,mfcc_07_max,0.012277125380933285,mfcc
SAD,mfcc_07_median,0.007533854804933071,mfcc
SAD,mfcc_07_iqr,0.0078395651653409,mfcc
SAD,mfcc_07_skew,0.02433701418340206,mfcc
SAD,mfcc_07_kurt,0.014452829025685787,mfcc
SAD,mfcc_08_mean,0.013715654611587524,mfcc
SAD,mfcc_08_std,0.009566114284098148,mfcc
SAD,mfcc_08_min,0.012210700660943985,mfcc
SAD,mfcc_08_max,0.019289791584014893,mfcc
SAD,mfcc_08_median,0.006470425520092249,mfcc
SAD,mfcc_08_iqr,0.0040847561322152615,mfcc
SAD,mfcc_08_skew,0.022264648228883743,mfcc
SAD,mfcc_08_kurt,0.011044743470847607,mfcc
SAD,mfcc_09_mean,0.02063612826168537,mfcc
SAD,mfcc_09_std,0.03151969984173775,mfcc
SAD,mfcc_09_min,0.010579599067568779,mfcc
SAD,mfcc_09_max,0.00649014487862587,mfcc
SAD,mfcc_09_median,0.023855768144130707,mfcc
SAD,mfcc_09_iqr,0.02496848814189434,mfcc
SAD,mfcc_09_skew,0.01119784452021122,mfcc
SAD,mfcc_09_kurt,0.007334079127758741,mfcc
SAD,mfcc_10_mean,0.05434148758649826,mfcc
SAD,mfcc_10_std,0.0057015628553926945,mfcc
SAD,mfcc_10_min,0.027858445420861244,mfcc
SAD,mfcc_10_max,0.007026650942862034,mfcc
SAD,mfcc_10_median,0.11590525507926941,mfcc
SAD,mfcc_10_iqr,0.008701421320438385,mfcc
SAD,mfcc_10_skew,0.03913966193795204,mfcc
SAD,mfcc_10_kurt,0.015853311866521835,mfcc
SAD,mfcc_11_mean,0.010349252261221409,mfcc
SAD,mfcc_11_std,0.009386541321873665,mfcc
SAD,mfcc_11_min,0.006499944720417261,mfcc
SAD,mfcc_11_max,0.031385406851768494,mfcc
SAD,mfcc_11_median,0.013787368312478065,mfcc
SAD,mfcc_11_iqr,0.016222460195422173,mfcc
SAD,mfcc_11_skew,0.015140888281166553,mfcc
SAD,mfcc_11_kurt,0.010682924650609493,mfcc
SAD,mfcc_12_mean,0.019193001091480255,mfcc
SAD,mfcc_12_std,0.016880400478839874,mfcc
SAD,mfcc_12_min,0.008658879436552525,mfcc
SAD,mfcc_12_max,0.02517155185341835,mfcc
SAD,mfcc_12_median,0.032748736441135406,mfcc
SAD,mfcc_12_iqr,0.047979243099689484,mfcc
SAD,mfcc_12_skew,0.037523053586483,mfcc
SAD,mfcc_12_kurt,0.007666304707527161,mfcc
SAD,mfcc_13_mean,0.01376267895102501,mfcc
SAD,mfcc_13_std,0.0051364293321967125,mfcc
SAD,mfcc_13_min,0.019595302641391754,mfcc
SAD,mfcc_13_max,0.013979538343846798,mfcc
SAD,mfcc_13_median,0.03534996509552002,mfcc
SAD,mfcc_13_iqr,0.013458574190735817,mfcc
SAD,mfcc_13_skew,0.036508165299892426,mfcc
SAD,mfcc_13_kurt,0.01586301624774933,mfcc
SAD,mfcc_14_mean,0.013730762526392937,mfcc
SAD,mfcc_14_std,0.05408979952335358,mfcc
SAD,mfcc_14_min,0.013871746137738228,mfcc
SAD,mfcc_14_max,0.008120853453874588,mfcc
SAD,mfcc_14_median,0.01626482605934143,mfcc
SAD,mfcc_14_iqr,0.012659041211009026,mfcc
SAD,mfcc_14_skew,0.016342444345355034,mfcc
SAD,mfcc_14_kurt,0.030469099059700966,mfcc
SAD,mfcc_15_mean,0.04106076434254646,mfcc
SAD,mfcc_15_std,0.004649561829864979,mfcc
SAD,mfcc_15_min,0.04552280902862549,mfcc
SAD,mfcc_15_max,0.021836834028363228,mfcc
SAD,mfcc_15_median,0.02702481858432293,mfcc
SAD,mfcc_15_iqr,0.011412227526307106,mfcc
SAD,mfcc_15_skew,0.07111231237649918,mfcc
SAD,mfcc_15_kurt,0.008063367567956448,mfcc
SAD,mfcc_16_mean,0.005110427271574736,mfcc
SAD,mfcc_16_std,0.010385447181761265,mfcc
SAD,mfcc_16_min,0.007308486383408308,mfcc
SAD,mfcc_16_max,0.03608843311667442,mfcc
SAD,mfcc_16_median,0.005757299717515707,mfcc
SAD,mfcc_16_iqr,0.004394862800836563,mfcc
SAD,mfcc_16_skew,0.023189811035990715,mfcc
SAD,mfcc_16_kurt,0.018584558740258217,mfcc
SAD,mfcc_17_mean,0.019078927114605904,mfcc
SAD,mfcc_17_std,0.006921838037669659,mfcc
SAD,mfcc_17_min,0.03166394308209419,mfcc
SAD,mfcc_17_max,0.02191547490656376,mfcc
SAD,mfcc_17_median,0.016661541536450386,mfcc
SAD,mfcc_17_iqr,0.006789572071284056,mfcc
SAD,mfcc_17_skew,0.03425034508109093,mfcc
SAD,mfcc_17_kurt,0.04301757737994194,mfcc
SAD,mfcc_18_mean,0.02602202259004116,mfcc
SAD,mfcc_18_std,0.013308664783835411,mfcc
SAD,mfcc_18_min,0.009971057064831257,mfcc
SAD,mfcc_18_max,0.036891352385282516,mfcc
SAD,mfcc_18_median,0.11425232142210007,mfcc
SAD,mfcc_18_iqr,0.05048644542694092,mfcc
SAD,mfcc_18_skew,0.01298794150352478,mfcc
SAD,mfcc_18_kurt,0.04809555038809776,mfcc
SAD,mfcc_19_mean,0.017224859446287155,mfcc
SAD,mfcc_19_std,0.015960875898599625,mfcc
SAD,mfcc_19_min,0.020543769001960754,mfcc
SAD,mfcc_19_max,0.02951360121369362,mfcc
SAD,mfcc_19_median,0.10146062076091766,mfcc
SAD,mfcc_19_iqr,0.018038880079984665,mfcc
SAD,mfcc_19_skew,0.03420592471957207,mfcc
SAD,mfcc_19_kurt,0.012963292188942432,mfcc
SAD,mfcc_d1_00_mean,0.027436144649982452,mfcc
SAD,mfcc_d1_00_std,0.1551542580127716,mfcc
SAD,mfcc_d2_00_mean,0.009222358465194702,mfcc
SAD,mfcc_d2_00_std,0.20498968660831451,mfcc
SAD,mfcc_d1_01_mean,0.017277570441365242,mfcc
SAD,mfcc_d1_01_std,0.04093089699745178,mfcc
SAD,mfcc_d2_01_mean,0.025895606726408005,mfcc
SAD,mfcc_d2_01_std,0.006791227031499147,mfcc
SAD,mfcc_d1_02_mean,0.025909531861543655,mfcc
SAD,mfcc_d1_02_std,0.015884172171354294,mfcc
SAD,mfcc_d2_02_mean,0.008635048754513264,mfcc
SAD,mfcc_d2_02_std,0.07418143004179001,mfcc
SAD,mfcc_d1_03_mean,0.015297946520149708,mfcc
SAD,mfcc_d1_03_std,0.017188070341944695,mfcc
SAD,mfcc_d2_03_mean,0.03035840392112732,mfcc
SAD,mfcc_d2_03_std,0.04762856662273407,mfcc
SAD,mfcc_d1_04_mean,0.03584332391619682,mfcc
SAD,mfcc_d1_04_std,0.03729686886072159,mfcc
SAD,mfcc_d2_04_mean,0.008435681462287903,mfcc
SAD,mfcc_d2_04_std,0.06604962050914764,mfcc
SAD,mfcc_d1_05_mean,0.009278034791350365,mfcc
SAD,mfcc_d1_05_std,0.012805930338799953,mfcc
SAD,mfcc_d2_05_mean,0.011530646122992039,mfcc
SAD,mfcc_d2_05_std,0.014721234329044819,mfcc
SAD,mfcc_d1_06_mean,0.014234120026230812,mfcc
SAD,mfcc_d1_06_std,0.01778409071266651,mfcc
SAD,mfcc_d2_06_mean,0.012307175435125828,mfcc
SAD,mfcc_d2_06_std,0.053063150495290756,mfcc
SAD,mfcc_d1_07_mean,0.012464401312172413,mfcc
SAD,mfcc_d1_07_std,0.05135582014918327,mfcc
SAD,mfcc_d2_07_mean,0.024732418358325958,mfcc
SAD,mfcc_d2_07_std,0.011736379005014896,mfcc
SAD,mfcc_d1_08_mean,0.020511925220489502,mfcc
SAD,mfcc_d1_08_std,0.010218962095677853,mfcc
SAD,mfcc_d2_08_mean,0.03784177452325821,mfcc
SAD,mfcc_d2_08_std,0.11421946436166763,mfcc
SAD,mfcc_d1_09_mean,0.0175927747040987,mfcc
SAD,mfcc_d1_09_std,0.010074547491967678,mfcc
SAD,mfcc_d2_09_mean,0.020320136100053787,mfcc
SAD,mfcc_d2_09_std,0.025252293795347214,mfcc
SAD,mfcc_d1_10_mean,0.08293825387954712,mfcc
SAD,mfcc_d1_10_std,0.01721513457596302,mfcc
SAD,mfcc_d2_10_mean,0.007887914776802063,mfcc
SAD,mfcc_d2_10_std,0.06666799634695053,mfcc
SAD,mfcc_d1_11_mean,0.013261104002594948,mfcc
SAD,mfcc_d1_11_std,0.009489478543400764,mfcc
SAD,mfcc_d2_11_mean,0.018245544284582138,mfcc
SAD,mfcc_d2_11_std,0.013033951632678509,mfcc
SAD,mfcc_d1_12_mean,0.012483637779951096,mfcc
SAD,mfcc_d1_12_std,0.007214943412691355,mfcc
SAD,mfcc_d2_12_mean,0.012956329621374607,mfcc
SAD,mfcc_d2_12_std,0.012552272528409958,mfcc
SAD,mfcc_d1_13_mean,0.008046467788517475,mfcc
SAD,mfcc_d1_13_std,0.014398779720067978,mfcc
SAD,mfcc_d2_13_mean,0.01902056112885475,mfcc
SAD,mfcc_d2_13_std,0.01165658887475729,mfcc
SAD,mfcc_d1_14_mean,0.019897162914276123,mfcc
SAD,mfcc_d1_14_std,0.012430599890649319,mfcc
SAD,mfcc_d2_14_mean,0.008174381218850613,mfcc
SAD,mfcc_d2_14_std,0.0064326124265789986,mfcc
SAD,mfcc_d1_15_mean,0.006758775562047958,mfcc
SAD,mfcc_d1_15_std,0.025267714634537697,mfcc
SAD,mfcc_d2_15_mean,0.009525086730718613,mfcc
SAD,mfcc_d2_15_std,0.0333525612950325,mfcc
SAD,mfcc_d1_16_mean,0.006703047081828117,mfcc
SAD,mfcc_d1_16_std,0.02287338674068451,mfcc
SAD,mfcc_d2_16_mean,0.022364573553204536,mfcc
SAD,mfcc_d2_16_std,0.015375849790871143,mfcc
SAD,mfcc_d1_17_mean,0.022472841665148735,mfcc
SAD,mfcc_d1_17_std,0.007063623052090406,mfcc
SAD,mfcc_d2_17_mean,0.008650328032672405,mfcc
SAD,mfcc_d2_17_std,0.0190440621227026,mfcc
SAD,mfcc_d1_18_mean,0.01174787525087595,mfcc
SAD,mfcc_d1_18_std,0.018386030569672585,mfcc
SAD,mfcc_d2_18_mean,0.03871483355760574,mfcc
SAD,mfcc_d2_18_std,0.007168605923652649,mfcc
SAD,mfcc_d1_19_mean,0.019446659833192825,mfcc
SAD,mfcc_d1_19_std,0.012589125894010067,mfcc
SAD,mfcc_d2_19_mean,0.01873733289539814,mfcc
SAD,mfcc_d2_19_std,0.015391424298286438,mfcc
SAD,chroma_00_mean,0.010976383462548256,chroma
SAD,chroma_00_std,0.006551792845129967,chroma
SAD,chroma_01_mean,0.00535023445263505,chroma
SAD,chroma_01_std,0.016210181638598442,chroma
SAD,chroma_02_mean,0.04123929515480995,chroma
SAD,chroma_02_std,0.037435710430145264,chroma
SAD,chroma_03_mean,0.0153530677780509,chroma
SAD,chroma_03_std,0.009615898132324219,chroma
SAD,chroma_04_mean,0.011255844496190548,chroma
SAD,chroma_04_std,0.023781446740031242,chroma
SAD,chroma_05_mean,0.010144826956093311,chroma
SAD,chroma_05_std,0.007847973145544529,chroma
SAD,chroma_06_mean,0.007756891194730997,chroma
SAD,chroma_06_std,0.100770965218544,chroma
SAD,chroma_07_mean,0.01961381360888481,chroma
SAD,chroma_07_std,0.011411470361053944,chroma
SAD,chroma_08_mean,0.004302525892853737,chroma
SAD,chroma_08_std,0.03664862737059593,chroma
SAD,chroma_09_mean,0.004248957149684429,chroma
SAD,chroma_09_std,0.021036772057414055,chroma
SAD,chroma_10_mean,0.006109447218477726,chroma
SAD,chroma_10_std,0.007958767004311085,chroma
SAD,chroma_11_mean,0.02437814138829708,chroma
SAD,chroma_11_std,0.007913133129477501,chroma
SAD,prosody_f0_mean,0.009949424304068089,prosody
SAD,prosody_f0_std,0.013977858237922192,prosody
SAD,prosody_f0_min,0.031021958217024803,prosody
SAD,prosody_f0_max,0.04842645674943924,prosody
SAD,prosody_f0_median,0.00907263532280922,prosody
SAD,prosody_f0_iqr,0.019561676308512688,prosody
SAD,prosody_f0_skew,0.052636630833148956,prosody
SAD,prosody_f0_kurt,0.008396928198635578,prosody
SAD,prosody_voiced_fraction,0.005554839503020048,prosody
SAD,prosody_f0_slope_abs_mean,0.053777065128088,prosody
SAD,prosody_n_voiced_segments,0.008192701265215874,prosody
SAD,prosody_voiced_rate_per_s,0.045524466782808304,prosody
SAD,prosody_mean_voiced_seg_s,0.004669356159865856,prosody
SAD,prosody_pause_fraction,0.00603795750066638,prosody
SAD,prosody_jitter_local,0.014332806691527367,prosody
SAD,prosody_jitter_rap,0.008117424324154854,prosody
SAD,prosody_jitter_ppq5,0.029684480279684067,prosody
SAD,prosody_jitter_ddp,0.002190417842939496,prosody
SAD,prosody_shimmer_local,0.006030230317264795,prosody
SAD,prosody_shimmer_localdb,0.022927898913621902,prosody
SAD,prosody_shimmer_apq3,0.024213101714849472,prosody
SAD,prosody_shimmer_apq5,0.02593858353793621,prosody
SAD,prosody_shimmer_apq11,0.016189808025956154,prosody
SAD,prosody_shimmer_dda,0.006858134176582098,prosody
SAD,prosody_hnr_mean,0.01718146726489067,prosody
SAD,prosody_hnr_std,0.014541732147336006,prosody
SAD,prosody_hnr_min,0.068687804043293,prosody
SAD,prosody_hnr_max,0.009218165650963783,prosody
SAD,prosody_hnr_median,0.014715293422341347,prosody
SAD,prosody_f1_mean,0.013485267758369446,prosody
SAD,prosody_f1_std,0.01344316452741623,prosody
SAD,prosody_f1_median,0.03763054683804512,prosody
SAD,prosody_f1_bw_median,0.009354904294013977,prosody
SAD,prosody_f2_mean,0.006425613071769476,prosody
SAD,prosody_f2_std,0.044567227363586426,prosody
SAD,prosody_f2_median,0.007206130772829056,prosody
SAD,prosody_f2_bw_median,0.021356400102376938,prosody
SAD,prosody_f3_mean,0.005813214927911758,prosody
SAD,prosody_f3_std,0.059268295764923096,prosody
SAD,prosody_f3_median,0.030734119936823845,prosody
SAD,prosody_f3_bw_median,0.10855528712272644,prosody
SAD,prosody_f4_mean,0.02145063318312168,prosody
SAD,prosody_f4_std,0.041635554283857346,prosody
SAD,prosody_f4_median,0.021683087572455406,prosody
SAD,prosody_f5_mean,0.04929010570049286,prosody
SAD,prosody_f5_std,0.024251174181699753,prosody
SAD,prosody_f5_median,0.09020263701677322,prosody
SAD,prosody_intensity_mean,0.07642700523138046,prosody
SAD,prosody_intensity_std,0.07644686102867126,prosody
SAD,prosody_intensity_min,0.12215378135442734,prosody
SAD,prosody_intensity_max,0.009021398611366749,prosody
SAD,prosody_intensity_median,0.040230900049209595,prosody
SAD,prosody_intensity_iqr,0.05065391585230827,prosody
SAD,prosody_intensity_skew,0.017098166048526764,prosody
SAD,prosody_intensity_kurt,0.016707923263311386,prosody
SAD,prosody_cpps,0.07038775831460953,prosody
