emotion,feature,importance,family
ANG,duration_s,0.0008704931954041423,other
ANG,peak_amplitude,0.00022432698350246212,other
ANG,spectral_centroid_mean,0.0022155219027248534,spectral
ANG,spectral_centroid_std,0.0005400434187289056,spectral
ANG,spectral_centroid_min,0.00015677764007323148,spectral
ANG,spectral_centroid_max,0.00020432258412794399,spectral
ANG,spectral_centroid_median,0.0055014354153048025,spectral
ANG,spectral_centroid_iqr,0.006234747770127367,spectral
ANG,spectral_centroid_skew,0.00019550361253229962,spectral
ANG,spectral_centroid_kurt,0.00015148257223909737,spectral
ANG,spectral_bandwidth_mean,0.00014380369913246255,spectral
ANG,spectral_bandwidth_std,0.00023305907667861865,spectral
ANG,spectral_bandwidth_min,0.0001956031395000296,spectral
ANG,spectral_bandwidth_max,0.00029782446774892534,spectral
ANG,spectral_bandwidth_median,0.0002312022655004209,spectral
ANG,spectral_bandwidth_iqr,0.00030058246522849053,spectral
ANG,spectral_bandwidth_skew,0.00015329160515255088,spectral
ANG,spectral_bandwidth_kurt,0.0002831350999676691,spectral
ANG,spectral_rolloff85_mean,0.0010822495832074816,spectral
ANG,spectral_rolloff85_std,0.00027652054402169525,spectral
ANG,spectral_rolloff85_min,5.504817010488082e-05,spectral
ANG,spectral_rolloff85_max,0.00021334851787537386,spectral
ANG,spectral_rolloff85_median,0.00308947990987112,spectral
ANG,spectral_rolloff85_iqr,0.002571112896815463,spectral
ANG,spectral_rolloff85_skew,0.0002161316826693718,spectral
ANG,spectral_rolloff85_kurt,0.0002193905049307253,spectral
ANG,spectral_rolloff95_mean,0.0007874122057202894,spectral
ANG,spectral_rolloff95_std,0.00028372018695461845,spectral
ANG,spectral_rolloff95_min,5.378950751671588e-05,spectral
ANG,spectral_rolloff95_max,0.00023228218094360265,spectral
ANG,spectral_rolloff95_median,0.002364269430284086,spectral
ANG,spectral_rolloff95_iqr,0.0020277934138887826,spectral
ANG,spectral_rolloff95_skew,0.0004057978563212816,spectral
ANG,spectral_rolloff95_kurt,0.00041911498343157104,spectral
ANG,spectral_flatness_mean,0.00013665331571488062,spectral
ANG,spectral_flatness_std,0.00030681840745773974,spectral
ANG,spectral_flatness_min,0.0004071420426069842,spectral
ANG,spectral_flatness_max,0.000603374083218177,spectral
ANG,spectral_flatness_median,0.00013807237213322044,spectral
ANG,spectral_flatness_iqr,0.0001311328301407476,spectral
ANG,spectral_flatness_skew,0.00014346922449266143,spectral
ANG,spectral_flatness_kurt,0.00014185744470294223,spectral
ANG,spectral_zcr_mean,0.0010968299688968056,spectral
ANG,spectral_zcr_std,0.0004527907585514443,spectral
ANG,spectral_zcr_min,8.594883367007427e-05,spectral
ANG,spectral_zcr_max,0.0002812275863557043,spectral
ANG,spectral_zcr_median,0.00348112917137984,spectral
ANG,spectral_zcr_iqr,0.002556569575084464,spectral
ANG,spectral_zcr_skew,0.00012084515127708302,spectral
ANG,spectral_zcr_kurt,0.00011027906132438171,spectral
ANG,spectral_rms_mean,0.0027140950182475525,spectral
ANG,spectral_rms_std,0.0006889846554898006,spectral
ANG,spectral_rms_min,0.0019028521197568089,spectral
ANG,spectral_rms_max,0.00013397222634082976,spectral
ANG,spectral_rms_median,0.0008523972934280662,spectral
ANG,spectral_rms_iqr,0.0002621853646766403,spectral
ANG,spectral_rms_skew,0.0001827133990953379,spectral
ANG,spectral_rms_kurt,0.0001745853636683864,spectral
ANG,spectral_flux_mean,0.001919245438967898,spectral
ANG,spectral_flux_std,0.0009119521413192636,spectral
ANG,spectral_flux_min,0.007117408993177694,spectral
ANG,spectral_flux_max,0.00013767487386493903,spectral
ANG,spectral_flux_median,0.0016158272229238983,spectral
ANG,spectral_flux_iqr,0.0011427846157763184,spectral
ANG,spectral_flux_skew,0.0001513733032460399,spectral
ANG,spectral_flux_kurt,0.00011913801344966227,spectral
ANG,spectral_entropy_mean,0.000865888403234231,spectral
ANG,spectral_entropy_std,0.0008201042740375557,spectral
ANG,spectral_entropy_min,0.00015033497236399205,spectral
ANG,spectral_entropy_max,0.0007234238738750284,spectral
ANG,spectral_entropy_median,0.0005502175777956739,spectral
ANG,spectral_entropy_iqr,0.0005378009614120108,spectral
ANG,spectral_entropy_skew,0.00019040097726847396,spectral
ANG,spectral_entropy_kurt,0.00014875296899463251,spectral
ANG,spectral_slope_mean,0.002167523453853877,spectral
ANG,spectral_slope_std,0.0004514210601094771,spectral
ANG,spectral_slope_min,0.00014861308022558997,spectral
ANG,spectral_slope_max,0.0004102636682473934,spectral
ANG,spectral_slope_median,0.0006360668627013813,spectral
ANG,spectral_slope_iqr,0.0002730569969298567,spectral
ANG,spectral_slope_skew,0.0001037579770437124,spectral
ANG,spectral_slope_kurt,0.00017049216904971152,spectral
ANG,spectral_band_0_500_mean,0.009044050554129513,spectral
ANG,spectral_band_0_500_std,0.009968825799736432,spectral
ANG,spectral_band_500_1000_mean,0.001437280274173973,spectral
ANG,spectral_band_500_1000_std,0.0007558591333844242,spectral
ANG,spectral_band_1000_2000_mean,0.001319400193371432,spectral
ANG,spectral_band_1000_2000_std,0.0020250892068039267,spectral
ANG,spectral_band_2000_3000_mean,0.003276052123815675,spectral
ANG,spectral_band_2000_3000_std,0.001322420969908842,spectral
ANG,spectral_band_3000_4000_mean,0.0027263662302620434,spectral
ANG,spectral_band_3000_4000_std,0.002930577406619626,spectral
ANG,spectral_band_4000_5000_mean,0.0006017214547181114,spectral
ANG,spectral_band_4000_5000_std,0.0007251617849264407,spectral
ANG,spectral_band_5000_6000_mean,0.00021112171092886104,spectral
ANG,spectral_band_5000_6000_std,0.0003089414226234586,spectral
ANG,spectral_band_6000_8000_mean,0.00021318269787624054,spectral
ANG,spectral_band_6000_8000_std,0.00019632694582057285,spectral
ANG,spectral_hf_ratio_4000_mean,0.0001687435512536508,spectral
ANG,spectral_hf_ratio_4000_std,0.00012313804048609363,spectral
ANG,spectral_hf_ratio_6000_mean,0.00011677541641529193,spectral
ANG,spectral_hf_ratio_6000_std,0.00013904876279511496,spectral
ANG,spectral_contrast_0_mean,0.0003424531301036248,spectral
ANG,spectral_contrast_0_std,0.0003045469193335351,spectral
ANG,spectral_contrast_1_mean,0.0008829478390080747,spectral
ANG,spectral_contrast_1_std,0.0007405322603595399,spectral
ANG,spectral_contrast_2_mean,0.0009872667577669545,spectral
ANG,spectral_contrast_2_std,0.00046956902422372814,spectral
ANG,spectral_contrast_3_mean,0.0003700444281139584,spectral
ANG,spectral_contrast_3_std,0.0001847702478202357,spectral
ANG,spectral_contrast_4_mean,0.00016605792111431536,spectral
ANG,spectral_contrast_4_std,0.0002700618699731633,spectral
ANG,spectral_contrast_5_mean,0.002986887871436515,spectral
ANG,spectral_contrast_5_std,0.0010786419268885832,spectral
ANG,spectral_contrast_6_mean,0.00023388339675487925,spectral
ANG,spectral_contrast_6_std,0.0001461282744665156,spectral
ANG,mfcc_00_mean,0.004225072965668952,mfcc
ANG,mfcc_00_std,0.008117060278128724,mfcc
ANG,mfcc_00_min,0.00357205249510761,mfcc
ANG,mfcc_00_max,0.0007254243914739863,mfcc
ANG,mfcc_00_median,0.00046787565239953254,mfcc
ANG,mfcc_00_iqr,0.009710495970267316,mfcc
ANG,mfcc_00_skew,0.0005022443104288593,mfcc
ANG,mfcc_00_kurt,0.0006015332248175191,mfcc
ANG,mfcc_01_mean,0.00016206842437190399,mfcc
ANG,mfcc_01_std,0.0002741482691229787,mfcc
ANG,mfcc_01_min,0.000570347663794205,mfcc
ANG,mfcc_01_max,0.00019418749399476953,mfcc
ANG,mfcc_01_median,0.00011339901573822572,mfcc
ANG,mfcc_01_iqr,0.0002024944359504471,mfcc
ANG,mfcc_01_skew,0.00019150305548238882,mfcc
ANG,mfcc_01_kurt,0.00010715913657796596,mfcc
ANG,mfcc_02_mean,0.0009675489857413855,mfcc
ANG,mfcc_02_std,0.004755288263906142,mfcc
ANG,mfcc_02_min,0.0014106661919971056,mfcc
ANG,mfcc_02_max,0.0002509284174522517,mfcc
ANG,mfcc_02_median,0.0002297800708689173,mfcc
ANG,mfcc_02_iqr,0.0034432267179357184,mfcc
ANG,mfcc_02_skew,0.0004110847883619045,mfcc
ANG,mfcc_02_kurt,0.00015933891426694692,mfcc
ANG,mfcc_03_mean,0.00021070601322206533,mfcc
ANG,mfcc_03_std,0.002047038477718391,mfcc
ANG,mfcc_03_min,0.00047509988586369743,mfcc
ANG,mfcc_03_max,0.0020777470436941833,mfcc
ANG,mfcc_03_median,0.00015834876066006602,mfcc
ANG,mfcc_03_iqr,0.0007105520058485833,mfcc
ANG,mfcc_03_skew,0.0009521547276737542,mfcc
ANG,mfcc_03_kurt,0.00016207228646736654,mfcc
ANG,mfcc_04_mean,0.0023564918185157674,mfcc
ANG,mfcc_04_std,0.0013007341922865012,mfcc
ANG,mfcc_04_min,0.0017652384751493896,mfcc
ANG,mfcc_04_max,0.00022500076462653992,mfcc
ANG,mfcc_04_median,0.0014324066486127215,mfcc
ANG,mfcc_04_iqr,0.0010236515333660139,mfcc
ANG,mfcc_04_skew,0.00014470020027006414,mfcc
ANG,mfcc_04_kurt,0.0002200927630404861,mfcc
ANG,mfcc_05_mean,0.00028639490711140556,mfcc
ANG,mfcc_05_std,0.00047935400596960765,mfcc
ANG,mfcc_05_min,0.0004360069464213431,mfcc
ANG,mfcc_05_max,0.0002646171878616648,mfcc
ANG,mfcc_05_median,0.00029042016517624177,mfcc
ANG,mfcc_05_iqr,0.0003143852978625898,mfcc
ANG,mfcc_05_skew,0.00011383412469237748,mfcc
ANG,mfcc_05_kurt,0.0001450212111184844,mfcc
ANG,mfcc_06_mean,0.00028916314197373734,mfcc
ANG,mfcc_06_std,0.00018138542999881138,mfcc
ANG,mfcc_06_min,0.00018385220958054742,mfcc
ANG,mfcc_06_max,0.0005352620613854291,mfcc
ANG,mfcc_06_median,0.00023666771326670856,mfcc
ANG,mfcc_06_iqr,0.00018523119278019684,mfcc
ANG,mfcc_06_skew,0.00037348487287499835,mfcc
ANG,mfcc_06_kurt,0.00014964210059361462,mfcc
ANG,mfcc_07_mean,0.0003636272899638232,mfcc
ANG,mfcc_07_std,0.00033984309347815343,mfcc
ANG,mfcc_07_min,0.0002573489319029792,mfcc
ANG,mfcc_07_max,0.00014824119645707548,mfcc
ANG,mfcc_07_median,0.00027484225847359406,mfcc
ANG,mfcc_07_iqr,0.0003625085408610954,mfcc
ANG,mfcc_07_skew,0.00011481804471257124,mfcc
ANG,mfcc_07_kurt,0.00012605435579285892,mfcc
ANG,mfcc_08_mean,0.00016367872241999085,mfcc
ANG,mfcc_08_std,0.0005490530643258589,mfcc
ANG,mfcc_08_min,0.00029443223652528527,mfcc
ANG,mfcc_08_max,0.00019884499974219145,mfcc
ANG,mfcc_08_median,0.00024308751854237837,mfcc
ANG,mfcc_08_iqr,0.0001908564242952601,mfcc
ANG,mfcc_08_skew,0.00013196816147196432,mfcc
ANG,mfcc_08_kurt,0.00013948333078081182,mfcc
ANG,mfcc_09_mean,0.0006928226947558204,mfcc
ANG,mfcc_09_std,0.0003116939200606339,mfcc
ANG,mfcc_09_min,0.000492014554975839,mfcc
ANG,mfcc_09_max,0.0002398558384534756,mfcc
ANG,mfcc_09_median,0.00048825764839181563,mfcc
ANG,mfcc_09_iqr,0.00015075077055750588,mfcc
ANG,mfcc_09_skew,0.00018546181455712492,mfcc
ANG,mfcc_09_kurt,0.00013413378473433276,mfcc
ANG,mfcc_10_mean,0.00024534382022163706,mfcc
ANG,mfcc_10_std,0.00039566088136777015,mfcc
ANG,mfcc_10_min,0.0002195670522329263,mfcc
ANG,mfcc_10_max,0.0001487946863810426,mfcc
ANG,mfcc_10_median,0.000264660948442982,mfcc
ANG,mfcc_10_iqr,0.00021610172148851686,mfcc
ANG,mfcc_10_skew,0.00020113128459087385,mfcc
ANG,mfcc_10_kurt,0.0001329325524215503,mfcc
ANG,mfcc_11_mean,0.0002289487954945943,mfcc
ANG,mfcc_11_std,0.0003757653435312478,mfcc
ANG,mfcc_11_min,0.0001712878864452849,mfcc
ANG,mfcc_11_max,0.000290756071109718,mfcc
ANG,mfcc_11_median,0.0001627843808116262,mfcc
ANG,mfcc_11_iqr,0.00024616310792713384,mfcc
ANG,mfcc_11_skew,0.00021031177067687954,mfcc
ANG,mfcc_11_kurt,0.00013485993499845066,mfcc
ANG,mfcc_12_mean,0.00022058593363569903,mfcc
ANG,mfcc_12_std,0.00029193156046078184,mfcc
ANG,mfcc_12_min,0.00017546546043405582,mfcc
ANG,mfcc_12_max,0.0005341790289205778,mfcc
ANG,mfcc_12_median,0.0002152268931875712,mfcc
ANG,mfcc_12_iqr,0.00015915287807046304,mfcc
ANG,mfcc_12_skew,0.00036282585956946123,mfcc
ANG,mfcc_12_kurt,0.00016228228495958756,mfcc
ANG,mfcc_13_mean,0.0003026779173321637,mfcc
ANG,mfcc_13_std,0.0001510891889003148,mfcc
ANG,mfcc_13_min,0.00028096797934071624,mfcc
ANG,mfcc_13_max,0.0002738527112189848,mfcc
ANG,mfcc_13_median,0.00035105256390216213,mfcc
ANG,mfcc_13_iqr,0.00013446893793134896,mfcc
ANG,mfcc_13_skew,0.0004525177053737483,mfcc
ANG,mfcc_13_kurt,0.00015193459900828603,mfcc
ANG,mfcc_14_mean,0.00012727489426159983,mfcc
ANG,mfcc_14_std,0.00024628281787981586,mfcc
ANG,mfcc_14_min,0.00013346520525608403,mfcc
ANG,mfcc_14_max,0.0001903780504652665,mfcc
ANG,mfcc_14_median,0.00017505578219515055,mfcc
ANG,mfcc_14_iqr,0.000146352833896829,mfcc
ANG,mfcc_14_skew,0.0002518004005928614,mfcc
ANG,mfcc_14_kurt,0.00011495048323732482,mfcc
ANG,mfcc_15_mean,0.00017966289881033755,mfcc
ANG,mfcc_15_std,0.00046320000858515183,mfcc
ANG,mfcc_15_min,0.00020800034764352683,mfcc
ANG,mfcc_15_max,0.00018359233216238907,mfcc
ANG,mfcc_15_median,0.00016857084417596955,mfcc
ANG,mfcc_15_iqr,0.00017429857091439093,mfcc
ANG,mfcc_15_skew,0.00011404155345138493,mfcc
ANG,mfcc_15_kurt,0.0001926304400764555,mfcc
ANG,mfcc_16_mean,0.0001344407899311319,mfcc
ANG,mfcc_16_std,0.00039226556246487577,mfcc
ANG,mfcc_16_min,0.00012035005162552127,mfcc
ANG,mfcc_16_max,0.00014771424771791973,mfcc
ANG,mfcc_16_median,0.00010892354742398372,mfcc
ANG,mfcc_16_iqr,0.00014742868663908715,mfcc
ANG,mfcc_16_skew,0.0001257063889666096,mfcc
ANG,mfcc_16_kurt,0.00014331625539791348,mfcc
ANG,mfcc_17_mean,0.00017058934458040286,mfcc
ANG,mfcc_17_std,0.0004171915407300842,mfcc
ANG,mfcc_17_min,0.00017578878731487125,mfcc
ANG,mfcc_17_max,0.0001730753850325718,mfcc
ANG,mfcc_17_median,0.00019882094206154338,mfcc
ANG,mfcc_17_iqr,0.00014269065389956343,mfcc
ANG,mfcc_17_skew,0.00012743627687669004,mfcc
ANG,mfcc_17_kurt,0.00013209800569928803,mfcc
ANG,mfcc_18_mean,0.0001540083640452337,mfcc
ANG,mfcc_18_std,0.0010867675721246486,mfcc
ANG,mfcc_18_min,0.00010912765662430861,mfcc
ANG,mfcc_18_max,0.00016590273232274669,mfcc
ANG,mfcc_18_median,0.00015485950322895693,mfcc
ANG,mfcc_18_iqr,0.00044672564238224107,mfcc
ANG,mfcc_18_skew,0.00013408260004276571,mfcc
ANG,mfcc_18_kurt,0.0001250492987945148,mfcc
ANG,mfcc_19_mean,0.00011886747067673749,mfcc
ANG,mfcc_19_std,0.0005546658082296745,mfcc
ANG,mfcc_19_min,0.0001394499639442987,mfcc
ANG,mfcc_19_max,0.00014799809745746656,mfcc
ANG,mfcc_19_median,0.0001309761614727682,mfcc
ANG,mfcc_19_iqr,0.00016589725396001128,mfcc
ANG,mfcc_19_skew,0.00014512774057450986,mfcc
ANG,mfcc_19_kurt,0.00012083283127198942,mfcc
ANG,mfcc_d1_00_mean,0.0002284706005539688,mfcc
ANG,mfcc_d1_00_std,0.01834510764143332,mfcc
ANG,mfcc_d2_00_mean,0.0004232332989903398,mfcc
ANG,mfcc_d2_00_std,0.009447351209310713,mfcc
ANG,mfcc_d1_01_mean,0.00026676902618547174,mfcc
ANG,mfcc_d1_01_std,0.0008018540125622289,mfcc
ANG,mfcc_d2_01_mean,0.00019827422603966427,mfcc
ANG,mfcc_d2_01_std,0.0005367883326813077,mfcc
ANG,mfcc_d1_02_mean,0.0003968261226157801,mfcc
ANG,mfcc_d1_02_std,0.0033548231632677143,mfcc
ANG,mfcc_d2_02_mean,0.00024386058591593557,mfcc
ANG,mfcc_d2_02_std,0.0008411267882385633,mfcc
ANG,mfcc_d1_03_mean,0.00024395318050077146,mfcc
ANG,mfcc_d1_03_std,0.002242817805457599,mfcc
ANG,mfcc_d2_03_mean,0.0002373658546735256,mfcc
ANG,mfcc_d2_03_std,0.001699012789248661,mfcc
ANG,mfcc_d1_04_mean,0.0003139469149739209,mfcc
ANG,mfcc_d1_04_std,0.0014326575115873417,mfcc
ANG,mfcc_d2_04_mean,0.000154021585309567,mfcc
ANG,mfcc_d2_04_std,0.0014961260998239355,mfcc
ANG,mfcc_d1_05_mean,0.00021336600068067924,mfcc
ANG,mfcc_d1_05_std,0.0008191065389982173,mfcc
ANG,mfcc_d2_05_mean,0.00017626625791442862,mfcc
ANG,mfcc_d2_05_std,0.00025056047144077215,mfcc
ANG,mfcc_d1_06_mean,0.0001665177715686929,mfcc
ANG,mfcc_d1_06_std,0.0002889341650022695,mfcc
ANG,mfcc_d2_06_mean,0.00014684450117108343,mfcc
ANG,mfcc_d2_06_std,0.000179557526844472,mfcc
ANG,mfcc_d1_07_mean,0.0001392628999826076,mfcc
ANG,mfcc_d1_07_std,0.0004184883231678425,mfcc
ANG,mfcc_d2_07_mean,0.00019256132993094533,mfcc
ANG,mfcc_d2_07_std,0.00029798921399040566,mfcc
ANG,mfcc_d1_08_mean,0.00014848582303041318,mfcc
ANG,mfcc_d1_08_std,0.00038975821405756896,mfcc
ANG,mfcc_d2_08_mean,0.00013698442326867848,mfcc
ANG,mfcc_d2_08_std,0.0003357932427047496,mfcc
ANG,mfcc_d1_09_mean,0.00016483134669362015,mfcc
ANG,mfcc_d1_09_std,0.00026511242200872323,mfcc
ANG,mfcc_d2_09_mean,0.00015274957588211975,mfcc
ANG,mfcc_d2_09_std,0.00026819262460475534,mfcc
ANG,mfcc_d1_10_mean,0.00015498293971672703,mfcc
ANG,mfcc_d1_10_std,0.00017539044434857165,mfcc
ANG,mfcc_d2_10_mean,0.0001264591724956788,mfcc
ANG,mfcc_d2_10_std,0.00017207920504041157,mfcc
ANG,mfcc_d1_11_mean,0.00018083243917777622,mfcc
ANG,mfcc_d1_11_std,0.00044856464791134164,mfcc
ANG,mfcc_d2_11_mean,0.00018796357638376193,mfcc
ANG,mfcc_d2_11_std,0.00018020769671126872,mfcc
ANG,mfcc_d1_12_mean,0.0001782847705808172,mfcc
ANG,mfcc_d1_12_std,0.00025674679511053874,mfcc
ANG,mfcc_d2_12_mean,0.00021657720027667775,mfcc
ANG,mfcc_d2_12_std,0.0004200305307716631,mfcc
ANG,mfcc_d1_13_mean,0.0002149787340330761,mfcc
ANG,mfcc_d1_13_std,0.0001902555032917119,mfcc
ANG,mfcc_d2_13_mean,0.00013041742784132538,mfcc
ANG,mfcc_d2_13_std,0.00022087275023135276,mfcc
ANG,mfcc_d1_14_mean,0.00012848497714757005,mfcc
ANG,mfcc_d1_14_std,0.0002940738822263024,mfcc
ANG,mfcc_d2_14_mean,0.00015674766457767303,mfcc
ANG,mfcc_d2_14_std,0.00027663504179644896,mfcc
ANG,mfcc_d1_15_mean,0.0001843276339585571,mfcc
ANG,mfcc_d1_15_std,0.00023304585392368895,mfcc
ANG,mfcc_d2_15_mean,0.00016457369458208176,mfcc
ANG,mfcc_d2_15_std,0.00019174185757480906,mfcc
ANG,mfcc_d1_16_mean,0.0001518499753521236,mfcc
ANG,mfcc_d1_16_std,0.00019918645405931723,mfcc
ANG,mfcc_d2_16_mean,0.00015751259859316753,mfcc
ANG,mfcc_d2_16_std,0.00022674356130253639,mfcc
ANG,mfcc_d1_17_mean,0.00021363370431645517,mfcc
ANG,mfcc_d1_17_std,0.0002477606378606842,mfcc
ANG,mfcc_d2_17_mean,0.00017097677628538047,mfcc
ANG,mfcc_d2_17_std,0.00029156633532868707,mfcc
ANG,mfcc_d1_18_mean,0.00016919030063872677,mfcc
ANG,mfcc_d1_18_std,0.00021561163534244347,mfcc
ANG,mfcc_d2_18_mean,0.00013256641627276127,mfcc
ANG,mfcc_d2_18_std,0.00017698476045571236,mfcc
ANG,mfcc_d1_19_mean,0.00012950554656857217,mfcc
ANG,mfcc_d1_19_std,0.00039840110027068953,mfcc
ANG,mfcc_d2_19_mean,0.0003434751483236865,mfcc
ANG,mfcc_d2_19_std,0.00019667024783286935,mfcc
ANG,chroma_00_mean,0.00022608095863867954,chroma
ANG,chroma_00_std,0.0006294277385179131,chroma
ANG,chroma_01_mean,0.0002613649879669316,chroma
ANG,chroma_01_std,0.00022445940529908755,chroma
ANG,chroma_02_mean,0.00015055152264752532,chroma
ANG,chroma_02_std,0.00016043843337723367,chroma
ANG,chroma_03_mean,0.00014664033998154446,chroma
ANG,chroma_03_std,0.00015778382556852008,chroma
ANG,chroma_04_mean,0.00011598903611168087,chroma
ANG,chroma_04_std,0.00024158765310092862,chroma
ANG,chroma_05_mean,0.00012351137564757707,chroma
ANG,chroma_05_std,0.00022505846571100856,chroma
ANG,chroma_06_mean,0.0001119310008603655,chroma
ANG,chroma_06_std,0.00017348003748950526,chroma
ANG,chroma_07_mean,0.00014173501525175516,chroma
ANG,chroma_07_std,0.00031824091665011087,chroma
ANG,chroma_08_mean,0.0005991321014131931,chroma
ANG,chroma_08_std,0.0012378043405108716,chroma
ANG,chroma_09_mean,0.0004574471702106391,chroma
ANG,chroma_09_std,0.0005750991151094394,chroma
ANG,chroma_10_mean,0.0003224397565787675,chroma
ANG,chroma_10_std,0.0005660167903932509,chroma
ANG,chroma_11_mean,0.00021429047465051267,chroma
ANG,chroma_11_std,0.00033339929677450467,chroma
ANG,prosody_f0_mean,0.0009625482042881345,prosody
ANG,prosody_f0_std,0.0006788560405044331,prosody
ANG,prosody_f0_min,0.0019205748299033658,prosody
ANG,prosody_f0_max,0.0005662774601652786,prosody
ANG,prosody_f0_median,0.0005681546356340649,prosody
ANG,prosody_f0_iqr,0.0005154662889858152,prosody
ANG,prosody_f0_skew,0.00022347738628396134,prosody
ANG,prosody_f0_kurt,0.0001835787679605633,prosody
ANG,prosody_voiced_fraction,0.00015722645906422086,prosody
ANG,prosody_f0_slope_abs_mean,0.0006346677209286986,prosody
ANG,prosody_n_voiced_segments,0.0008740322595909822,prosody
ANG,prosody_voiced_rate_per_s,0.0019293619475406784,prosody
ANG,prosody_mean_voiced_seg_s,0.0008443049681564648,prosody
ANG,prosody_pause_fraction,0.00021343194995178977,prosody
ANG,prosody_jitter_local,0.0006215560436193801,prosody
ANG,prosody_jitter_rap,0.00045078924750617376,prosody
ANG,prosody_jitter_ppq5,0.00026870064112551886,prosody
ANG,prosody_jitter_ddp,0.0005649213293131767,prosody
ANG,prosody_shimmer_local,0.0002002743399651073,prosody
ANG,prosody_shimmer_localdb,0.00023865666457278074,prosody
ANG,prosody_shimmer_apq3,0.0005902506809797326,prosody
ANG,prosody_shimmer_apq5,0.00015531042277428458,prosody
ANG,prosody_shimmer_apq11,0.0001228092218512516,prosody
ANG,prosody_shimmer_dda,0.0003506966052464101,prosody
ANG,prosody_hnr_mean,0.0005512538172862986,prosody
ANG,prosody_hnr_std,0.00013049884357744826,prosody
ANG,prosody_hnr_min,0.0002784473837090262,prosody
ANG,prosody_hnr_max,0.00012092165352969468,prosody
ANG,prosody_hnr_median,0.0005475447586572889,prosody
ANG,prosody_f1_mean,0.0004237920588680577,prosody
ANG,prosody_f1_std,0.00026272765557736744,prosody
ANG,prosody_f1_median,0.0006490430836917715,prosody
ANG,prosody_f1_bw_median,0.000828640926807749,prosody
ANG,prosody_f2_mean,0.0001486575225388714,prosody
ANG,prosody_f2_std,0.0003882251026296949,prosody
ANG,prosody_f2_median,0.0003007940318508411,prosody
ANG,prosody_f2_bw_median,0.0006336496736769779,prosody
ANG,prosody_f3_mean,0.00018965663288108927,prosody
ANG,prosody_f3_std,0.00032027222644814927,prosody
ANG,prosody_f3_median,0.0001778707334556279,prosody
ANG,prosody_f3_bw_median,0.0004209205428387658,prosody
ANG,prosody_f4_mean,0.00013646911460839592,prosody
ANG,prosody_f4_std,0.00015248358292059894,prosody
ANG,prosody_f4_median,0.00013164826432980435,prosody
ANG,prosody_f5_mean,0.00019736744059429043,prosody
ANG,prosody_f5_std,0.00034980566657155703,prosody
ANG,prosody_f5_median,0.00018779109569290123,prosody
ANG,prosody_intensity_mean,0.00547024311418624,prosody
ANG,prosody_intensity_std,0.011209297496996723,prosody
ANG,prosody_intensity_min,0.013205567174614737,prosody
ANG,prosody_intensity_max,0.00014277652393915864,prosody
ANG,prosody_intensity_median,0.0005672555524812776,prosody
ANG,prosody_intensity_iqr,0.009482838289584369,prosody
ANG,prosody_intensity_skew,0.001450803669542743,prosody
ANG,prosody_intensity_kurt,0.001267662686310701,prosody
ANG,prosody_cpps,0.0008418800114296139,prosody
DIS,duration_s,0.005823934655583762,other
DIS,peak_amplitude,0.0010279713694729632,other
DIS,spectral_centroid_mean,0.0011292235929783114,spectral
DIS,spectral_centroid_std,0.00023799951031527208,spectral
DIS,spectral_centroid_min,0.0002509537998336061,spectral
DIS,spectral_centroid_max,0.00019324122824141327,spectral
DIS,spectral_centroid_median,0.0014944786861504301,spectral
DIS,spectral_centroid_iqr,0.0038659681313878698,spectral
DIS,spectral_centroid_skew,0.0001839459989600513,spectral
DIS,spectral_centroid_kurt,0.00015527422798573677,spectral
DIS,spectral_bandwidth_mean,0.00043157657277821746,spectral
DIS,spectral_bandwidth_std,0.00016688309666235018,spectral
DIS,spectral_bandwidth_min,0.00028830850684750546,spectral
DIS,spectral_bandwidth_max,0.00017522685032483374,spectral
DIS,spectral_bandwidth_median,0.0003374362515216516,spectral
DIS,spectral_bandwidth_iqr,0.0003296905532200317,spectral
DIS,spectral_bandwidth_skew,0.0002123744214656415,spectral
DIS,spectral_bandwidth_kurt,0.00019897594152471748,spectral
DIS,spectral_rolloff85_mean,0.0004915516359021709,spectral
DIS,spectral_rolloff85_std,0.00017567786700978415,spectral
DIS,spectral_rolloff85_min,8.158647882859563e-05,spectral
DIS,spectral_rolloff85_max,0.00020745364632750372,spectral
DIS,spectral_rolloff85_median,0.0008263570103420548,spectral
DIS,spectral_rolloff85_iqr,0.0019243824855966075,spectral
DIS,spectral_rolloff85_skew,0.00020462315555262714,spectral
DIS,spectral_rolloff85_kurt,0.0002482284503482475,spectral
DIS,spectral_rolloff95_mean,0.0004654800874550003,spectral
DIS,spectral_rolloff95_std,0.00016991604485619015,spectral
DIS,spectral_rolloff95_min,6.311668753794514e-05,spectral
DIS,spectral_rolloff95_max,0.00016693389209591528,spectral
DIS,spectral_rolloff95_median,0.000805590338110265,spectral
DIS,spectral_rolloff95_iqr,0.0018982457389699688,spectral
DIS,spectral_rolloff95_skew,0.0003968616080535045,spectral
DIS,spectral_rolloff95_kurt,0.0002778276288823318,spectral
DIS,spectral_flatness_mean,0.0003899608943875098,spectral
DIS,spectral_flatness_std,0.00019380367133933147,spectral
DIS,spectral_flatness_min,0.00023246147258307824,spectral
DIS,spectral_flatness_max,0.0003523307469299742,spectral
DIS,spectral_flatness_median,0.00024892819157427764,spectral
DIS,spectral_flatness_iqr,0.0003089989568670847,spectral
DIS,spectral_flatness_skew,0.0002524070427662589,spectral
DIS,spectral_flatness_kurt,0.00022909694612184824,spectral
DIS,spectral_zcr_mean,0.0005832476088537343,spectral
DIS,spectral_zcr_std,0.00034006072862641717,spectral
DIS,spectral_zcr_min,9.830052233867138e-05,spectral
DIS,spectral_zcr_max,0.00022272855313150195,spectral
DIS,spectral_zcr_median,0.0016804157105799777,spectral
DIS,spectral_zcr_iqr,0.001306260478757321,spectral
DIS,spectral_zcr_skew,0.00016305465615446633,spectral
DIS,spectral_zcr_kurt,0.00016141573875252163,spectral
DIS,spectral_rms_mean,0.001644904079043458,spectral
DIS,spectral_rms_std,0.0003041569602403666,spectral
DIS,spectral_rms_min,0.0009438024173474422,spectral
DIS,spectral_rms_max,0.0005862422054202283,spectral
DIS,spectral_rms_median,0.0008615338177705701,spectral
DIS,spectral_rms_iqr,0.00039327113016348274,spectral
DIS,spectral_rms_skew,0.0004079413053941763,spectral
DIS,spectral_rms_kurt,0.0003797941757561241,spectral
DIS,spectral_flux_mean,0.001799137630129504,spectral
DIS,spectral_flux_std,0.0012402321057056649,spectral
DIS,spectral_flux_min,0.002723854974467371,spectral
DIS,spectral_flux_max,0.0006815433740259829,spectral
DIS,spectral_flux_median,0.0016080566987041153,spectral
DIS,spectral_flux_iqr,0.0006241895131533629,spectral
DIS,spectral_flux_skew,0.00044443212269965716,spectral
DIS,spectral_flux_kurt,0.00039458105607165006,spectral
DIS,spectral_entropy_mean,0.0024824443270616094,spectral
DIS,spectral_entropy_std,0.000692478596139485,spectral
DIS,spectral_entropy_min,0.00042496016097057877,spectral
DIS,spectral_entropy_max,0.0004793353174847275,spectral
DIS,spectral_entropy_median,0.0020031740905411682,spectral
DIS,spectral_entropy_iqr,0.0008945415307613338,spectral
DIS,spectral_entropy_skew,0.0002643750749449766,spectral
DIS,spectral_entropy_kurt,0.00031644600677305376,spectral
DIS,spectral_slope_mean,0.001890716924627045,spectral
DIS,spectral_slope_std,0.0010735832984035685,spectral
DIS,spectral_slope_min,0.0009184209250193696,spectral
DIS,spectral_slope_max,0.0001774525482090052,spectral
DIS,spectral_slope_median,0.0008313101777305229,spectral
DIS,spectral_slope_iqr,0.0003332303122065408,spectral
DIS,spectral_slope_skew,0.0002533514174287615,spectral
DIS,spectral_slope_kurt,0.00035436830390918724,spectral
DIS,spectral_band_0_500_mean,0.0038758483252343085,spectral
DIS,spectral_band_0_500_std,0.0029585581972190475,spectral
DIS,spectral_band_500_1000_mean,0.001909083039575169,spectral
DIS,spectral_band_500_1000_std,0.0014338011997611746,spectral
DIS,spectral_band_1000_2000_mean,0.00142727429231671,spectral
DIS,spectral_band_1000_2000_std,0.0016188754609992044,spectral
DIS,spectral_band_2000_3000_mean,0.0022025937916318314,spectral
DIS,spectral_band_2000_3000_std,0.0016308896662857787,spectral
DIS,spectral_band_3000_4000_mean,0.0004599766617060164,spectral
DIS,spectral_band_3000_4000_std,0.0005281583262761036,spectral
DIS,spectral_band_4000_5000_mean,0.0002453391141569647,spectral
DIS,spectral_band_4000_5000_std,0.00022952089720413093,spectral
DIS,spectral_band_5000_6000_mean,0.00028285165411890903,spectral
DIS,spectral_band_5000_6000_std,0.00028376309598242315,spectral
DIS,spectral_band_6000_8000_mean,0.00021106719292508818,spectral
DIS,spectral_band_6000_8000_std,0.00020034910339790057,spectral
DIS,spectral_hf_ratio_4000_mean,0.00014981709019807587,spectral
DIS,spectral_hf_ratio_4000_std,0.0001929629307493671,spectral
DIS,spectral_hf_ratio_6000_mean,0.0002026590442668034,spectral
DIS,spectral_hf_ratio_6000_std,0.00019732583207992827,spectral
DIS,spectral_contrast_0_mean,0.0003292786083906115,spectral
DIS,spectral_contrast_0_std,0.000465136375500197,spectral
DIS,spectral_contrast_1_mean,0.0022494331541255035,spectral
DIS,spectral_contrast_1_std,0.001262384269125366,spectral
DIS,spectral_contrast_2_mean,0.001771878458051387,spectral
DIS,spectral_contrast_2_std,0.001551685820071358,spectral
DIS,spectral_contrast_3_mean,0.00019729567420452004,spectral
DIS,spectral_contrast_3_std,0.00016436941050467616,spectral
DIS,spectral_contrast_4_mean,0.00020031830500102837,spectral
DIS,spectral_contrast_4_std,0.00027028423869560633,spectral
DIS,spectral_contrast_5_mean,0.0011067925380303662,spectral
DIS,spectral_contrast_5_std,0.00035980934867975694,spectral
DIS,spectral_contrast_6_mean,0.00027008987495096075,spectral
DIS,spectral_contrast_6_std,0.00023540884501608965,spectral
DIS,mfcc_00_mean,0.0029036182609515765,mfcc
DIS,mfcc_00_std,0.00273872570990565,mfcc
DIS,mfcc_00_min,0.0014848942860400094,mfcc
DIS,mfcc_00_max,0.0005438728259947212,mfcc
DIS,mfcc_00_median,0.001341523364208382,mfcc
DIS,mfcc_00_iqr,0.002739447182563276,mfcc
DIS,mfcc_00_skew,0.00027557799441434443,mfcc
DIS,mfcc_00_kurt,0.0003606102856023444,mfcc
DIS,mfcc_01_mean,0.00020212543633006368,mfcc
DIS,mfcc_01_std,0.0001738111248842342,mfcc
DIS,mfcc_01_min,0.0001871122381524677,mfcc
DIS,mfcc_01_max,0.0002359748822337462,mfcc
DIS,mfcc_01_median,0.00022077354913342017,mfcc
DIS,mfcc_01_iqr,0.000199832827862865,mfcc
DIS,mfcc_01_skew,0.00020946010460010952,mfcc
DIS,mfcc_01_kurt,0.000153178436796594,mfcc
DIS,mfcc_02_mean,0.0005107786991658972,mfcc
DIS,mfcc_02_std,0.0035535184361670537,mfcc
DIS,mfcc_02_min,0.0015889225891088186,mfcc
DIS,mfcc_02_max,0.00016985224556367585,mfcc
DIS,mfcc_02_median,0.0002173689394137211,mfcc
DIS,mfcc_02_iqr,0.0021415848753616974,mfcc
DIS,mfcc_02_skew,0.00037134422665665125,mfcc
DIS,mfcc_02_kurt,0.00030321785142581754,mfcc
DIS,mfcc_03_mean,0.0004322103215586448,mfcc
DIS,mfcc_03_std,0.001307849404603022,mfcc
DIS,mfcc_03_min,0.0009587301494524538,mfcc
DIS,mfcc_03_max,0.0005619000359021026,mfcc
DIS,mfcc_03_median,0.0003242394230087757,mfcc
DIS,mfcc_03_iqr,0.0006394324632762779,mfcc
DIS,mfcc_03_skew,0.00033484115986548,mfcc
DIS,mfcc_03_kurt,0.0001909913078398798,mfcc
DIS,mfcc_04_mean,0.0003743340828673549,mfcc
DIS,mfcc_04_std,0.00029279915947926,mfcc
DIS,mfcc_04_min,0.0003997680740910562,mfcc
DIS,mfcc_04_max,0.000252609068808259,mfcc
DIS,mfcc_04_median,0.00039660901862903275,mfcc
DIS,mfcc_04_iqr,0.0003409399112374354,mfcc
DIS,mfcc_04_skew,0.0002473453635055147,mfcc
DIS,mfcc_04_kurt,0.00020117155226501054,mfcc
DIS,mfcc_05_mean,0.0009944673903566883,mfcc
DIS,mfcc_05_std,0.0008426413293235233,mfcc
DIS,mfcc_05_min,0.0012911575609797577,mfcc
DIS,mfcc_05_max,0.00017336959822582715,mfcc
DIS,mfcc_05_median,0.0006526371765210999,mfcc
DIS,mfcc_05_iqr,0.0009091686868058986,mfcc
DIS,mfcc_05_skew,0.0003538483863634349,mfcc
DIS,mfcc_05_kurt,0.0001904157829286471,mfcc
DIS,mfcc_06_mean,0.00021428262920358511,mfcc
DIS,mfcc_06_std,0.00048122372131000134,mfcc
DIS,mfcc_06_min,0.00026554827399702494,mfcc
DIS,mfcc_06_max,0.000339566456248015,mfcc
DIS,mfcc_06_median,0.00021917555068235424,mfcc
DIS,mfcc_06_iqr,0.00027477842172297733,mfcc
DIS,mfcc_06_skew,0.00016593677044965356,mfcc
DIS,mfcc_06_kurt,0.00019557134101715092,mfcc
DIS,mfcc_07_mean,0.000477539566229288,mfcc
DIS,mfcc_07_std,0.00027316930297663437,mfcc
DIS,mfcc_07_min,0.0002218914034402139,mfcc
DIS,mfcc_07_max,0.0003674313211193363,mfcc
DIS,mfcc_07_median,0.0003180372879691369,mfcc
DIS,mfcc_07_iqr,0.0002971722791887615,mfcc
DIS,mfcc_07_skew,0.0002111262481042548,mfcc
DIS,mfcc_07_kurt,0.00019233373039966218,mfcc
DIS,mfcc_08_mean,0.000253717587603261,mfcc
DIS,mfcc_08_std,0.0003247094442851568,mfcc
DIS,mfcc_08_min,0.00018949399887916403,mfcc
DIS,mfcc_08_max,0.0002844695947346776,mfcc
DIS,mfcc_08_median,0.00028311570195178865,mfcc
DIS,mfcc_08_iqr,0.00023061723099533619,mfcc
DIS,mfcc_08_skew,0.00029148984944922946,mfcc
DIS,mfcc_08_kurt,0.00022526985312384818,mfcc
DIS,mfcc_09_mean,0.0017599230845557472,mfcc
DIS,mfcc_09_std,0.0002103739352638002,mfcc
DIS,mfcc_09_min,0.0005452131508000529,mfcc
DIS,mfcc_09_max,0.0010515012073233807,mfcc
DIS,mfcc_09_median,0.0013849027484727292,mfcc
DIS,mfcc_09_iqr,0.00025114778921316635,mfcc
DIS,mfcc_09_skew,0.0006703795957234036,mfcc
DIS,mfcc_09_kurt,0.00016908939086457747,mfcc
DIS,mfcc_10_mean,0.00041402759527559165,mfcc
DIS,mfcc_10_std,0.0002454371004419228,mfcc
DIS,mfcc_10_min,0.0003573018210986685,mfcc
DIS,mfcc_10_max,0.0002800679317676203,mfcc
DIS,mfcc_10_median,0.00048344884570877795,mfcc
DIS,mfcc_10_iqr,0.00021740792204755194,mfcc
DIS,mfcc_10_skew,0.00025949209510757503,mfcc
DIS,mfcc_10_kurt,0.0003060409895536828,mfcc
DIS,mfcc_11_mean,0.0004145186310626695,mfcc
DIS,mfcc_11_std,0.0003959654673467107,mfcc
DIS,mfcc_11_min,0.00020530215268923084,mfcc
DIS,mfcc_11_max,0.0005970978042117995,mfcc
DIS,mfcc_11_median,0.0003467906250247261,mfcc
DIS,mfcc_11_iqr,0.00027386114678749283,mfcc
DIS,mfcc_11_skew,0.00042541246575420117,mfcc
DIS,mfcc_11_kurt,0.0002067454819235729,mfcc
DIS,mfcc_12_mean,0.0003543336250167929,mfcc
DIS,mfcc_12_std,0.0002275658538187116,mfcc
DIS,mfcc_12_min,0.00028477923584357674,mfcc
DIS,mfcc_12_max,0.0002385432448307944,mfcc
DIS,mfcc_12_median,0.0002926784707071659,mfcc
DIS,mfcc_12_iqr,0.00018829621625036819,mfcc
DIS,mfcc_12_skew,0.00018280617041619072,mfcc
DIS,mfcc_12_kurt,0.00017786722699286736,mfcc
DIS,mfcc_13_mean,0.00018170721663915095,mfcc
DIS,mfcc_13_std,0.00022162026097521093,mfcc
DIS,mfcc_13_min,0.0003206407097391096,mfcc
DIS,mfcc_13_max,0.00021225212159798042,mfcc
DIS,mfcc_13_median,0.00018355890890067755,mfcc
DIS,mfcc_13_iqr,0.00016103956772896307,mfcc
DIS,mfcc_13_skew,0.00021330091266465534,mfcc
DIS,mfcc_13_kurt,0.00021249258281606388,mfcc
DIS,mfcc_14_mean,0.0002688838306381247,mfcc
DIS,mfcc_14_std,0.0004712481096810471,mfcc
DIS,mfcc_14_min,0.00021026571240256563,mfcc
DIS,mfcc_14_max,0.0003358933672849701,mfcc
DIS,mfcc_14_median,0.00019443240015569991,mfcc
DIS,mfcc_14_iqr,0.0003524841527226345,mfcc
DIS,mfcc_14_skew,0.00023063177687476997,mfcc
DIS,mfcc_14_kurt,0.0001832068908559572,mfcc
DIS,mfcc_15_mean,0.00019032548305073635,mfcc
DIS,mfcc_15_std,0.00042429531408911256,mfcc
DIS,mfcc_15_min,0.00017881635146772435,mfcc
DIS,mfcc_15_max,0.00027693342597294966,mfcc
DIS,mfcc_15_median,0.00017599247753454712,mfcc
DIS,mfcc_15_iqr,0.00024553653194170474,mfcc
DIS,mfcc_15_skew,0.0001621317524802818,mfcc
DIS,mfcc_15_kurt,0.00016304437339696506,mfcc
DIS,mfcc_16_mean,0.00028402512663665074,mfcc
DIS,mfcc_16_std,0.0006029626953552332,mfcc
DIS,mfcc_16_min,0.00025697133059555846,mfcc
DIS,mfcc_16_max,0.00019868867858625685,mfcc
DIS,mfcc_16_median,0.0002520797366378359,mfcc
DIS,mfcc_16_iqr,0.0002284837322372625,mfcc
DIS,mfcc_16_skew,0.000163958854898186,mfcc
DIS,mfcc_16_kurt,0.00017401547588188784,mfcc
DIS,mfcc_17_mean,0.0001867548753894736,mfcc
DIS,mfcc_17_std,0.0007456075371388486,mfcc
DIS,mfcc_17_min,0.0002938340858254826,mfcc
DIS,mfcc_17_max,0.0001697437163743632,mfcc
DIS,mfcc_17_median,0.0001656687414981108,mfcc
DIS,mfcc_17_iqr,0.00020655607725439843,mfcc
DIS,mfcc_17_skew,0.0001776126465316371,mfcc
DIS,mfcc_17_kurt,0.00019096336817292904,mfcc
DIS,mfcc_18_mean,0.00019491939277167312,mfcc
DIS,mfcc_18_std,0.001375720388155995,mfcc
DIS,mfcc_18_min,0.0002213167106902147,mfcc
DIS,mfcc_18_max,0.00030062140994358135,mfcc
DIS,mfcc_18_median,0.00021333031866445343,mfcc
DIS,mfcc_18_iqr,0.0004972471226030901,mfcc
DIS,mfcc_18_skew,0.00015831614814037972,mfcc
DIS,mfcc_18_kurt,0.00018432055939667606,mfcc
DIS,mfcc_19_mean,0.0003992609463993026,mfcc
DIS,mfcc_19_std,0.0011210201358548067,mfcc
DIS,mfcc_19_min,0.0002590617916731243,mfcc
DIS,mfcc_19_max,0.00032286231239684406,mfcc
DIS,mfcc_19_median,0.00030279837977037434,mfcc
DIS,mfcc_19_iqr,0.00023252711939998903,mfcc
DIS,mfcc_19_skew,0.0001884193923697956,mfcc
DIS,mfcc_19_kurt,0.00019461306149395273,mfcc
DIS,mfcc_d1_00_mean,0.00017441416586434124,mfcc
DIS,mfcc_d1_00_std,0.005200516503323655,mfcc
DIS,mfcc_d2_00_mean,0.0002388548506548285,mfcc
DIS,mfcc_d2_00_std,0.005069520535162116,mfcc
DIS,mfcc_d1_01_mean,0.0002843213637865981,mfcc
DIS,mfcc_d1_01_std,0.0007209686181184851,mfcc
DIS,mfcc_d2_01_mean,0.0002007476890108881,mfcc
DIS,mfcc_d2_01_std,0.001486294028810966,mfcc
DIS,mfcc_d1_02_mean,0.00021178504525464167,mfcc
DIS,mfcc_d1_02_std,0.0013664852544121185,mfcc
DIS,mfcc_d2_02_mean,0.0003565357966501954,mfcc
DIS,mfcc_d2_02_std,0.0008332233343355892,mfcc
DIS,mfcc_d1_03_mean,0.00020834010621430073,mfcc
DIS,mfcc_d1_03_std,0.0013135685346852984,mfcc
DIS,mfcc_d2_03_mean,0.00023253621027703627,mfcc
DIS,mfcc_d2_03_std,0.0012723333702197527,mfcc
DIS,mfcc_d1_04_mean,0.00019966732168714749,mfcc
DIS,mfcc_d1_04_std,0.0009593223436976816,mfcc
DIS,mfcc_d2_04_mean,0.0002011536818275542,mfcc
DIS,mfcc_d2_04_std,0.0018131564297789397,mfcc
DIS,mfcc_d1_05_mean,0.00018135015422525409,mfcc
DIS,mfcc_d1_05_std,0.00048591852714825913,mfcc
DIS,mfcc_d2_05_mean,0.000224760089704555,mfcc
DIS,mfcc_d2_05_std,0.0005323583637308131,mfcc
DIS,mfcc_d1_06_mean,0.00020438585499711455,mfcc
DIS,mfcc_d1_06_std,0.00027836851244137143,mfcc
DIS,mfcc_d2_06_mean,0.00017918624755965473,mfcc
DIS,mfcc_d2_06_std,0.0005361961566674721,mfcc
DIS,mfcc_d1_07_mean,0.00022553083866558272,mfcc
DIS,mfcc_d1_07_std,0.0006648321005784902,mfcc
DIS,mfcc_d2_07_mean,0.0001686858931570604,mfcc
DIS,mfcc_d2_07_std,0.0013358854831339124,mfcc
DIS,mfcc_d1_08_mean,0.00016081977366552437,mfcc
DIS,mfcc_d1_08_std,0.0004092661446291702,mfcc
DIS,mfcc_d2_08_mean,0.00017899597692227738,mfcc
DIS,mfcc_d2_08_std,0.0005725589209458702,mfcc
DIS,mfcc_d1_09_mean,0.0001858245814026722,mfcc
DIS,mfcc_d1_09_std,0.0003574401861961562,mfcc
DIS,mfcc_d2_09_mean,0.00019044876458717712,mfcc
DIS,mfcc_d2_09_std,0.0007853323958204073,mfcc
DIS,mfcc_d1_10_mean,0.00037175583079348244,mfcc
DIS,mfcc_d1_10_std,0.0002962454708331152,mfcc
DIS,mfcc_d2_10_mean,0.0001824256719459462,mfcc
DIS,mfcc_d2_10_std,0.0004311873499108907,mfcc
DIS,mfcc_d1_11_mean,0.00024342553918156262,mfcc
DIS,mfcc_d1_11_std,0.00027431230564670735,mfcc
DIS,mfcc_d2_11_mean,0.00019599930227427517,mfcc
DIS,mfcc_d2_11_std,0.00023024750608742085,mfcc
DIS,mfcc_d1_12_mean,0.00016839427331111708,mfcc
DIS,mfcc_d1_12_std,0.000245052553458671,mfcc
DIS,mfcc_d2_12_mean,0.00015402712830614714,mfcc
DIS,mfcc_d2_12_std,0.0002607414157081866,mfcc
DIS,mfcc_d1_13_mean,0.000191858840674079,mfcc
DIS,mfcc_d1_13_std,0.00021006925958543194,mfcc
DIS,mfcc_d2_13_mean,0.00016026545484287952,mfcc
DIS,mfcc_d2_13_std,0.0002913990210564311,mfcc
DIS,mfcc_d1_14_mean,0.00018196430340982714,mfcc
DIS,mfcc_d1_14_std,0.0004545372235704559,mfcc
DIS,mfcc_d2_14_mean,0.00019964970419940632,mfcc
DIS,mfcc_d2_14_std,0.0003402974512029199,mfcc
DIS,mfcc_d1_15_mean,0.0001670153879718807,mfcc
DIS,mfcc_d1_15_std,0.0004199489220917856,mfcc
DIS,mfcc_d2_15_mean,0.00018942752230143237,mfcc
DIS,mfcc_d2_15_std,0.0004059988633574037,mfcc
DIS,mfcc_d1_16_mean,0.00019675714373974262,mfcc
DIS,mfcc_d1_16_std,0.00042153163438796,mfcc
DIS,mfcc_d2_16_mean,0.0001588483160320168,mfcc
DIS,mfcc_d2_16_std,0.0003832384558776566,mfcc
DIS,mfcc_d1_17_mean,0.0002647717934766219,mfcc
DIS,mfcc_d1_17_std,0.0004994068432884993,mfcc
DIS,mfcc_d2_17_mean,0.00020020983794471968,mfcc
DIS,mfcc_d2_17_std,0.0003050879375977947,mfcc
DIS,mfcc_d1_18_mean,0.00021067529514834954,mfcc
DIS,mfcc_d1_18_std,0.0005561189640578668,mfcc
DIS,mfcc_d2_18_mean,0.00018313008158018525,mfcc
DIS,mfcc_d2_18_std,0.00029794333659953476,mfcc
DIS,mfcc_d1_19_mean,0.00015216994792875148,mfcc
DIS,mfcc_d1_19_std,0.0007921413201319231,mfcc
DIS,mfcc_d2_19_mean,0.00022071124463799612,mfcc
DIS,mfcc_d2_19_std,0.0004333543084249679,mfcc
DIS,chroma_00_mean,0.0002004185563644608,chroma
DIS,chroma_00_std,0.00043037031464145966,chroma
DIS,chroma_01_mean,0.00034805100203638863,chroma
DIS,chroma_01_std,0.0003168135678675069,chroma
DIS,chroma_02_mean,0.0003144115909202196,chroma
DIS,chroma_02_std,0.00021318339614129035,chroma
DIS,chroma_03_mean,0.00025263545545853387,chroma
DIS,chroma_03_std,0.0002773605767629405,chroma
DIS,chroma_04_mean,0.00019955295426574068,chroma
DIS,chroma_04_std,0.00022349173968901737,chroma
DIS,chroma_05_mean,0.0001897300224796491,chroma
DIS,chroma_05_std,0.00026689750277169953,chroma
DIS,chroma_06_mean,0.00022254806633334115,chroma
DIS,chroma_06_std,0.00021189056852174783,chroma
DIS,chroma_07_mean,0.00028576805355317626,chroma
DIS,chroma_07_std,0.00028934407985423187,chroma
DIS,chroma_08_mean,0.0004924532639424829,chroma
DIS,chroma_08_std,0.0010462606666295686,chroma
DIS,chroma_09_mean,0.00034060497245249336,chroma
DIS,chroma_09_std,0.0005826201205235824,chroma
DIS,chroma_10_mean,0.00032704050138992373,chroma
DIS,chroma_10_std,0.0004887449315504175,chroma
DIS,chroma_11_mean,0.00021826658094156298,chroma
DIS,chroma_11_std,0.00030630011908951295,chroma
DIS,prosody_f0_mean,0.0033011226163972116,prosody
DIS,prosody_f0_std,0.0005009825229628156,prosody
DIS,prosody_f0_min,0.0013475497343888505,prosody
DIS,prosody_f0_max,0.0006199063730361627,prosody
DIS,prosody_f0_median,0.0026670987706643268,prosody
DIS,prosody_f0_iqr,0.0006843815384743128,prosody
DIS,prosody_f0_skew,0.0011251151235260862,prosody
DIS,prosody_f0_kurt,0.0001988775251795638,prosody
DIS,prosody_voiced_fraction,0.0013982861929047923,prosody
DIS,prosody_f0_slope_abs_mean,0.0006264155136857061,prosody
DIS,prosody_n_voiced_segments,0.000823762096451044,prosody
DIS,prosody_voiced_rate_per_s,0.000545704228454031,prosody
DIS,prosody_mean_voiced_seg_s,0.00107007740541592,prosody
DIS,prosody_pause_fraction,0.0020705918311375968,prosody
DIS,prosody_jitter_local,0.00020687646929890918,prosody
DIS,prosody_jitter_rap,0.00019509185439207016,prosody
DIS,prosody_jitter_ppq5,0.00020415571661823917,prosody
DIS,prosody_jitter_ddp,0.00020337242360161256,prosody
DIS,prosody_shimmer_local,0.00021051286580985637,prosody
DIS,prosody_shimmer_localdb,0.00019892755616670725,prosody
DIS,prosody_shimmer_apq3,0.0003271677607409514,prosody
DIS,prosody_shimmer_apq5,0.00023994243744898598,prosody
DIS,prosody_shimmer_apq11,0.00016293060014627606,prosody
DIS,prosody_shimmer_dda,0.00032587436597970854,prosody
DIS,prosody_hnr_mean,0.0018101506745650667,prosody
DIS,prosody_hnr_std,0.000209248974505949,prosody
DIS,prosody_hnr_min,0.00039127546137174404,prosody
DIS,prosody_hnr_max,0.0002393597665422799,prosody
DIS,prosody_hnr_median,0.002048040024498012,prosody
DIS,prosody_f1_mean,0.00047854305631900534,prosody
DIS,prosody_f1_std,0.0002526736385982191,prosody
DIS,prosody_f1_median,0.0006601749559678999,prosody
DIS,prosody_f1_bw_median,0.0005999542814798838,prosody
DIS,prosody_f2_mean,0.0002199439369315433,prosody
DIS,prosody_f2_std,0.0002665891236697864,prosody
DIS,prosody_f2_median,0.0002161391496295674,prosody
DIS,prosody_f2_bw_median,0.0005456125361410894,prosody
DIS,prosody_f3_mean,0.0002248372541751138,prosody
DIS,prosody_f3_std,0.000341249780886059,prosody
DIS,prosody_f3_median,0.0001886209419570074,prosody
DIS,prosody_f3_bw_median,0.0008937352632196612,prosody
DIS,prosody_f4_mean,0.00023318508484901593,prosody
DIS,prosody_f4_std,0.00046072176718765226,prosody
DIS,prosody_f4_median,0.00027395420927194084,prosody
DIS,prosody_f5_mean,0.000543363315622819,prosody
DIS,prosody_f5_std,0.0002728134478145348,prosody
DIS,prosody_f5_median,0.0004597109503268231,prosody
DIS,prosody_intensity_mean,0.0022762085740173823,prosody
DIS,prosody_intensity_std,0.004617094706564424,prosody
DIS,prosody_intensity_min,0.004999059737897642,prosody
DIS,prosody_intensity_max,0.0005406759953335417,prosody
DIS,prosody_intensity_median,0.0005701813730748594,prosody
DIS,prosody_intensity_iqr,0.005264585998562066,prosody
DIS,prosody_intensity_skew,0.0013124243717419616,prosody
DIS,prosody_intensity_kurt,0.0021051206626433033,prosody
DIS,prosody_cpps,0.0019544968911465155,prosody
FEA,duration_s,0.0006177946343005272,other
FEA,peak_amplitude,0.0005826454904243046,other
FEA,spectral_centroid_mean,0.0009386335691880306,spectral
FEA,spectral_centroid_std,0.0001868718790742235,spectral
FEA,spectral_centroid_min,0.00023042093291667214,spectral
FEA,spectral_centroid_max,0.00020088281317398742,spectral
FEA,spectral_centroid_median,0.002473854641023332,spectral
FEA,spectral_centroid_iqr,0.004137099960813432,spectral
FEA,spectral_centroid_skew,0.00029016932889355064,spectral
FEA,spectral_centroid_kurt,0.0002188543271598418,spectral
FEA,spectral_bandwidth_mean,0.00016377732832387797,spectral
FEA,spectral_bandwidth_std,0.00016411144575248442,spectral
FEA,spectral_bandwidth_min,0.00025967083633513487,spectral
FEA,spectral_bandwidth_max,0.00015937530106664374,spectral
FEA,spectral_bandwidth_median,0.0002002358803888564,spectral
FEA,spectral_bandwidth_iqr,0.0002567836553863183,spectral
FEA,spectral_bandwidth_skew,0.00017497749373307733,spectral
FEA,spectral_bandwidth_kurt,0.00019845509698407574,spectral
FEA,spectral_rolloff85_mean,0.0003470928607741906,spectral
FEA,spectral_rolloff85_std,0.0001533598876191115,spectral
FEA,spectral_rolloff85_min,0.00010784996210176501,spectral
FEA,spectral_rolloff85_max,0.00017727825626156265,spectral
FEA,spectral_rolloff85_median,0.001835213122652658,spectral
FEA,spectral_rolloff85_iqr,0.0017065458584389923,spectral
FEA,spectral_rolloff85_skew,0.00020387030561831466,spectral
FEA,spectral_rolloff85_kurt,0.00019102292052993895,spectral
FEA,spectral_rolloff95_mean,0.0002903041359238092,spectral
FEA,spectral_rolloff95_std,0.0001318783403381722,spectral
FEA,spectral_rolloff95_min,6.881819393936526e-05,spectral
FEA,spectral_rolloff95_max,0.00016581650126600453,spectral
FEA,spectral_rolloff95_median,0.0008117060124841559,spectral
FEA,spectral_rolloff95_iqr,0.0008718870590746677,spectral
FEA,spectral_rolloff95_skew,0.00024556743997378156,spectral
FEA,spectral_rolloff95_kurt,0.00019953785952581677,spectral
FEA,spectral_flatness_mean,0.00039059722918411755,spectral
FEA,spectral_flatness_std,0.00037160270585589756,spectral
FEA,spectral_flatness_min,0.00041558278774031184,spectral
FEA,spectral_flatness_max,0.0004022766224370501,spectral
FEA,spectral_flatness_median,0.0002316904516632177,spectral
FEA,spectral_flatness_iqr,0.0004559810885299814,spectral
FEA,spectral_flatness_skew,0.00018458818674297207,spectral
FEA,spectral_flatness_kurt,0.00019435459259817609,spectral
FEA,spectral_zcr_mean,0.0003503855175765017,spectral
FEA,spectral_zcr_std,0.00018676964477016297,spectral
FEA,spectral_zcr_min,0.00010305448304846372,spectral
FEA,spectral_zcr_max,0.00018811941370516788,spectral
FEA,spectral_zcr_median,0.0016700479300508146,spectral
FEA,spectral_zcr_iqr,0.0009930851781863935,spectral
FEA,spectral_zcr_skew,0.00017926204787863746,spectral
FEA,spectral_zcr_kurt,0.00016669973749488837,spectral
FEA,spectral_rms_mean,0.0012117297914481311,spectral
FEA,spectral_rms_std,0.00027338067354908645,spectral
FEA,spectral_rms_min,0.0005812701018239285,spectral
FEA,spectral_rms_max,0.00017944178189531617,spectral
FEA,spectral_rms_median,0.0013613713644381987,spectral
FEA,spectral_rms_iqr,0.0002744338929795899,spectral
FEA,spectral_rms_skew,0.00015375244504300183,spectral
FEA,spectral_rms_kurt,0.00017918270476903684,spectral
FEA,spectral_flux_mean,0.0009409001301162791,spectral
FEA,spectral_flux_std,0.0006207051947135553,spectral
FEA,spectral_flux_min,0.0019638535115521325,spectral
FEA,spectral_flux_max,0.00022795188415140297,spectral
FEA,spectral_flux_median,0.001462829015049103,spectral
FEA,spectral_flux_iqr,0.0004968113830672026,spectral
FEA,spectral_flux_skew,0.00017744720580136348,spectral
FEA,spectral_flux_kurt,0.00018000140576666934,spectral
FEA,spectral_entropy_mean,0.001297060855516162,spectral
FEA,spectral_entropy_std,0.000335317144228732,spectral
FEA,spectral_entropy_min,0.0005322110025096802,spectral
FEA,spectral_entropy_max,0.0004959010951402048,spectral
FEA,spectral_entropy_median,0.0016453419208990446,spectral
FEA,spectral_entropy_iqr,0.00034545585820143124,spectral
FEA,spectral_entropy_skew,0.0007274255616680284,spectral
FEA,spectral_entropy_kurt,0.0004970988756295879,spectral
FEA,spectral_slope_mean,0.0023081140732120436,spectral
FEA,spectral_slope_std,0.001699275481960438,spectral
FEA,spectral_slope_min,0.0005301069615818444,spectral
FEA,spectral_slope_max,0.00025306471958959733,spectral
FEA,spectral_slope_median,0.0013213551370418839,spectral
FEA,spectral_slope_iqr,0.0006470533837296254,spectral
FEA,spectral_slope_skew,0.00015775379088353017,spectral
FEA,spectral_slope_kurt,0.0001921650155368715,spectral
FEA,spectral_band_0_500_mean,0.005806242839014312,spectral
FEA,spectral_band_0_500_std,0.005418635118563333,spectral
FEA,spectral_band_500_1000_mean,0.0034988614500840506,spectral
FEA,spectral_band_500_1000_std,0.003104964472104731,spectral
FEA,spectral_band_1000_2000_mean,0.0006264105597882762,spectral
FEA,spectral_band_1000_2000_std,0.000993365520751407,spectral
FEA,spectral_band_2000_3000_mean,0.001005734220453326,spectral
FEA,spectral_band_2000_3000_std,0.0005477663894182569,spectral
FEA,spectral_band_3000_4000_mean,0.0005221212720407139,spectral
FEA,spectral_band_3000_4000_std,0.00040933662287684136,spectral
FEA,spectral_band_4000_5000_mean,0.00040129305620325103,spectral
FEA,spectral_band_4000_5000_std,0.00035195291187255765,spectral
FEA,spectral_band_5000_6000_mean,0.00021330789019947578,spectral
FEA,spectral_band_5000_6000_std,0.0001730717658277075,spectral
FEA,spectral_band_6000_8000_mean,0.00014887253774712277,spectral
FEA,spectral_band_6000_8000_std,0.00014328447689878457,spectral
FEA,spectral_hf_ratio_4000_mean,0.00014493228566179504,spectral
FEA,spectral_hf_ratio_4000_std,0.00014979176845824138,spectral
FEA,spectral_hf_ratio_6000_mean,0.00015858666621889416,spectral
FEA,spectral_hf_ratio_6000_std,0.0001646471962859785,spectral
FEA,spectral_contrast_0_mean,0.00038447005786504526,spectral
FEA,spectral_contrast_0_std,0.000283934082564428,spectral
FEA,spectral_contrast_1_mean,0.00308758231810268,spectral
FEA,spectral_contrast_1_std,0.002208749107218069,spectral
FEA,spectral_contrast_2_mean,0.00042837006651881104,spectral
FEA,spectral_contrast_2_std,0.0003762622040454409,spectral
FEA,spectral_contrast_3_mean,0.00020851959149728404,spectral
FEA,spectral_contrast_3_std,0.0002298655175977094,spectral
FEA,spectral_contrast_4_mean,0.0003532280770958465,spectral
FEA,spectral_contrast_4_std,0.0005469719280768269,spectral
FEA,spectral_contrast_5_mean,0.0012086397474244971,spectral
FEA,spectral_contrast_5_std,0.0009138706044196676,spectral
FEA,spectral_contrast_6_mean,0.00020207843601372798,spectral
FEA,spectral_contrast_6_std,0.00016547244693512704,spectral
FEA,mfcc_00_mean,0.0016183260458915805,mfcc
FEA,mfcc_00_std,0.0014202528502450231,mfcc
FEA,mfcc_00_min,0.0006115603698346305,mfcc
FEA,mfcc_00_max,0.0008095861453052418,mfcc
FEA,mfcc_00_median,0.0014050457795007547,mfcc
FEA,mfcc_00_iqr,0.0018637094617008035,mfcc
FEA,mfcc_00_skew,0.0002700962275346874,mfcc
FEA,mfcc_00_kurt,0.0008224134333964299,mfcc
FEA,mfcc_01_mean,0.00036568958335570265,mfcc
FEA,mfcc_01_std,0.00021164630610224879,mfcc
FEA,mfcc_01_min,0.00022479140551249143,mfcc
FEA,mfcc_01_max,0.0003353150557043805,mfcc
FEA,mfcc_01_median,0.0005736903018372707,mfcc
FEA,mfcc_01_iqr,0.0005051677047720696,mfcc
FEA,mfcc_01_skew,0.0002555349571809154,mfcc
FEA,mfcc_01_kurt,0.00027757892465329973,mfcc
FEA,mfcc_02_mean,0.0004481606329514649,mfcc
FEA,mfcc_02_std,0.003965129751223083,mfcc
FEA,mfcc_02_min,0.0013446454969774544,mfcc
FEA,mfcc_02_max,0.00032440987845009213,mfcc
FEA,mfcc_02_median,0.0003464426792388309,mfcc
FEA,mfcc_02_iqr,0.0019316178922915784,mfcc
FEA,mfcc_02_skew,0.00040081108907111913,mfcc
FEA,mfcc_02_kurt,0.0001931443763999107,mfcc
FEA,mfcc_03_mean,0.00023579646627278013,mfcc
FEA,mfcc_03_std,0.0014774002735000698,mfcc
FEA,mfcc_03_min,0.00024945747007829017,mfcc
FEA,mfcc_03_max,0.0012434946239344904,mfcc
FEA,mfcc_03_median,0.00019469169417875155,mfcc
FEA,mfcc_03_iqr,0.0007414069451153029,mfcc
FEA,mfcc_03_skew,0.0008068293029766513,mfcc
FEA,mfcc_03_kurt,0.0003150046860594943,mfcc
FEA,mfcc_04_mean,0.0007753504301288192,mfcc
FEA,mfcc_04_std,0.0006650158165707433,mfcc
FEA,mfcc_04_min,0.0006308955442870282,mfcc
FEA,mfcc_04_max,0.0002294701726067383,mfcc
FEA,mfcc_04_median,0.0005315567895491025,mfcc
FEA,mfcc_04_iqr,0.000979262219920482,mfcc
FEA,mfcc_04_skew,0.0002949294117350909,mfcc
FEA,mfcc_04_kurt,0.0005031776763905049,mfcc
FEA,mfcc_05_mean,0.000704376939078112,mfcc
FEA,mfcc_05_std,0.0009127473507213953,mfcc
FEA,mfcc_05_min,0.0007618065559863833,mfcc
FEA,mfcc_05_max,0.0002223091294154975,mfcc
FEA,mfcc_05_median,0.0005828400679222463,mfcc
FEA,mfcc_05_iqr,0.0010632889538560763,mfcc
FEA,mfcc_05_skew,0.00019939194101082624,mfcc
FEA,mfcc_05_kurt,0.00035705586188323725,mfcc
FEA,mfcc_06_mean,0.0003354782277717573,mfcc
FEA,mfcc_06_std,0.001415007457478793,mfcc
FEA,mfcc_06_min,0.0002898251378561593,mfcc
FEA,mfcc_06_max,0.0005018717454679339,mfcc
FEA,mfcc_06_median,0.00030092077402620434,mfcc
FEA,mfcc_06_iqr,0.0006820731244408516,mfcc
FEA,mfcc_06_skew,0.0002067360546308808,mfcc
FEA,mfcc_06_kurt,0.0001850836221838153,mfcc
FEA,mfcc_07_mean,0.0009586513207076878,mfcc
FEA,mfcc_07_std,0.001107993199808986,mfcc
FEA,mfcc_07_min,0.0006150281850854175,mfcc
FEA,mfcc_07_max,0.00023249720818809336,mfcc
FEA,mfcc_07_median,0.0005387651890382261,mfcc
FEA,mfcc_07_iqr,0.0011578559587896834,mfcc
FEA,mfcc_07_skew,0.00019544617959971298,mfcc
FEA,mfcc_07_kurt,0.00018874585229337654,mfcc
FEA,mfcc_08_mean,0.000861915200559968,mfcc
FEA,mfcc_08_std,0.0003917042407624008,mfcc
FEA,mfcc_08_min,0.0004667883888131191,mfcc
FEA,mfcc_08_max,0.0004535584375018199,mfcc
FEA,mfcc_08_median,0.0007719777101173345,mfcc
FEA,mfcc_08_iqr,0.0003031146537121732,mfcc
FEA,mfcc_08_skew,0.0002852013920502822,mfcc
FEA,mfcc_08_kurt,0.00020446782342127233,mfcc
FEA,mfcc_09_mean,0.0004442275686943737,mfcc
FEA,mfcc_09_std,0.0006589399129764087,mfcc
FEA,mfcc_09_min,0.00019666028870617307,mfcc
FEA,mfcc_09_max,0.0006481618129613064,mfcc
FEA,mfcc_09_median,0.0003446971687046399,mfcc
FEA,mfcc_09_iqr,0.00039116456482175837,mfcc
FEA,mfcc_09_skew,0.0002816533296142569,mfcc
FEA,mfcc_09_kurt,0.00016541932545414932,mfcc
FEA,mfcc_10_mean,0.0006143513389715162,mfcc
FEA,mfcc_10_std,0.000695125480215618,mfcc
FEA,mfcc_10_min,0.0003064037501627988,mfcc
FEA,mfcc_10_max,0.0004531997571764572,mfcc
FEA,mfcc_10_median,0.0008210981802888908,mfcc
FEA,mfcc_10_iqr,0.00031150901814295146,mfcc
FEA,mfcc_10_skew,0.00043346449337224377,mfcc
FEA,mfcc_10_kurt,0.00023022964868665702,mfcc
FEA,mfcc_11_mean,0.0002760920287625731,mfcc
FEA,mfcc_11_std,0.0005513483843047917,mfcc
FEA,mfcc_11_min,0.00020065493382572856,mfcc
FEA,mfcc_11_max,0.00046855786259020167,mfcc
FEA,mfcc_11_median,0.00022971242128826466,mfcc
FEA,mfcc_11_iqr,0.0002724680955799826,mfcc
FEA,mfcc_11_skew,0.0004867501434440025,mfcc
FEA,mfcc_11_kurt,0.00019446706693186544,mfcc
FEA,mfcc_12_mean,0.00024382944981849082,mfcc
FEA,mfcc_12_std,0.0005689916591512357,mfcc
FEA,mfcc_12_min,0.00023016653821142434,mfcc
FEA,mfcc_12_max,0.0007915538469043483,mfcc
FEA,mfcc_12_median,0.00023941372642516653,mfcc
FEA,mfcc_12_iqr,0.0003702940090314582,mfcc
FEA,mfcc_12_skew,0.00046910003169326245,mfcc
FEA,mfcc_12_kurt,0.00022434681270145376,mfcc
FEA,mfcc_13_mean,0.0002635498497884641,mfcc
FEA,mfcc_13_std,0.00030861836159561226,mfcc
FEA,mfcc_13_min,0.00022476389504241933,mfcc
FEA,mfcc_13_max,0.0002874089257559837,mfcc
FEA,mfcc_13_median,0.0003207590041732545,mfcc
FEA,mfcc_13_iqr,0.00028952247971458057,mfcc
FEA,mfcc_13_skew,0.00031388672333670963,mfcc
FEA,mfcc_13_kurt,0.00015358885589148496,mfcc
FEA,mfcc_14_mean,0.0002928207952319314,mfcc
FEA,mfcc_14_std,0.00031570818191913497,mfcc
FEA,mfcc_14_min,0.00023288142310852957,mfcc
FEA,mfcc_14_max,0.00029423695742430826,mfcc
FEA,mfcc_14_median,0.0003181059270975118,mfcc
FEA,mfcc_14_iqr,0.00030366736596111973,mfcc
FEA,mfcc_14_skew,0.0002515095103658955,mfcc
FEA,mfcc_14_kurt,0.00020624126136900843,mfcc
FEA,mfcc_15_mean,0.00027213168165943495,mfcc
FEA,mfcc_15_std,0.00039863278598362584,mfcc
FEA,mfcc_15_min,0.00017754346589068522,mfcc
FEA,mfcc_15_max,0.0003390173662701701,mfcc
FEA,mfcc_15_median,0.00025300024285439455,mfcc
FEA,mfcc_15_iqr,0.0003643850969443668,mfcc
FEA,mfcc_15_skew,0.00016538020357772436,mfcc
FEA,mfcc_15_kurt,0.0002050956085964233,mfcc
FEA,mfcc_16_mean,0.0003563396529530436,mfcc
FEA,mfcc_16_std,0.00047546844879887707,mfcc
FEA,mfcc_16_min,0.0002939307937696187,mfcc
FEA,mfcc_16_max,0.00021561351318142037,mfcc
FEA,mfcc_16_median,0.00025856232762554084,mfcc
FEA,mfcc_16_iqr,0.0002786795672761224,mfcc
FEA,mfcc_16_skew,0.0002369674620813543,mfcc
FEA,mfcc_16_kurt,0.00027434829334697534,mfcc
FEA,mfcc_17_mean,0.000357327054162083,mfcc
FEA,mfcc_17_std,0.0006756486804378293,mfcc
FEA,mfcc_17_min,0.00024448283540328027,mfcc
FEA,mfcc_17_max,0.00022908495845965738,mfcc
FEA,mfcc_17_median,0.00031978251733829103,mfcc
FEA,mfcc_17_iqr,0.00021517877924732759,mfcc
FEA,mfcc_17_skew,0.0001850985965298562,mfcc
FEA,mfcc_17_kurt,0.00020857511510613587,mfcc
FEA,mfcc_18_mean,0.0003613725313406185,mfcc
FEA,mfcc_18_std,0.0009136489664722062,mfcc
FEA,mfcc_18_min,0.0003259109491055224,mfcc
FEA,mfcc_18_max,0.0002542826246233382,mfcc
FEA,mfcc_18_median,0.0003189468086621852,mfcc
FEA,mfcc_18_iqr,0.0003808946570865587,mfcc
FEA,mfcc_18_skew,0.00017721253580744924,mfcc
FEA,mfcc_18_kurt,0.00024692980809783697,mfcc
FEA,mfcc_19_mean,0.0002717963678548731,mfcc
FEA,mfcc_19_std,0.0010551217574882848,mfcc
FEA,mfcc_19_min,0.0002970700417402818,mfcc
FEA,mfcc_19_max,0.00025546908391912613,mfcc
FEA,mfcc_19_median,0.0002790066466570683,mfcc
FEA,mfcc_19_iqr,0.0004217699928535478,mfcc
FEA,mfcc_19_skew,0.0002651307988087268,mfcc
FEA,mfcc_19_kurt,0.00027119563060927856,mfcc
FEA,mfcc_d1_00_mean,0.0001774618283438307,mfcc
FEA,mfcc_d1_00_std,0.006475029343545282,mfcc
FEA,mfcc_d2_00_mean,0.00022252456891555823,mfcc
FEA,mfcc_d2_00_std,0.0033385858549835157,mfcc
FEA,mfcc_d1_01_mean,0.00026201427932339674,mfcc
FEA,mfcc_d1_01_std,0.00027882607414355607,mfcc
FEA,mfcc_d2_01_mean,0.00018818995064174982,mfcc
FEA,mfcc_d2_01_std,0.00034624443557027267,mfcc
FEA,mfcc_d1_02_mean,0.0002459727163771138,mfcc
FEA,mfcc_d1_02_std,0.0038959533657221507,mfcc
FEA,mfcc_d2_02_mean,0.0002346530739962525,mfcc
FEA,mfcc_d2_02_std,0.0007466452586213781,mfcc
FEA,mfcc_d1_03_mean,0.0001714415917545931,mfcc
FEA,mfcc_d1_03_std,0.002012861399427024,mfcc
FEA,mfcc_d2_03_mean,0.0002558376991940509,mfcc
FEA,mfcc_d2_03_std,0.0005127198271474063,mfcc
FEA,mfcc_d1_04_mean,0.00022893706792580893,mfcc
FEA,mfcc_d1_04_std,0.00155752414242104,mfcc
FEA,mfcc_d2_04_mean,0.0001880091148716844,mfcc
FEA,mfcc_d2_04_std,0.0007996529932278001,mfcc
FEA,mfcc_d1_05_mean,0.00015516280380006644,mfcc
FEA,mfcc_d1_05_std,0.0015616258726884572,mfcc
FEA,mfcc_d2_05_mean,0.00016858252203098733,mfcc
FEA,mfcc_d2_05_std,0.0003792660506560818,mfcc
FEA,mfcc_d1_06_mean,0.00017998026139997092,mfcc
FEA,mfcc_d1_06_std,0.0010762368327218485,mfcc
FEA,mfcc_d2_06_mean,0.00019646970802638134,mfcc
FEA,mfcc_d2_06_std,0.0005059775143699968,mfcc
FEA,mfcc_d1_07_mean,0.00015930706171527482,mfcc
FEA,mfcc_d1_07_std,0.0013706158804814175,mfcc
FEA,mfcc_d2_07_mean,0.00016064922914764903,mfcc
FEA,mfcc_d2_07_std,0.0005551517696391654,mfcc
FEA,mfcc_d1_08_mean,0.00017629289115248968,mfcc
FEA,mfcc_d1_08_std,0.0006394144138532152,mfcc
FEA,mfcc_d2_08_mean,0.00020945759901882692,mfcc
FEA,mfcc_d2_08_std,0.0003941006306033987,mfcc
FEA,mfcc_d1_09_mean,0.00019782704622009112,mfcc
FEA,mfcc_d1_09_std,0.0011598576498649256,mfcc
FEA,mfcc_d2_09_mean,0.0001435634825913966,mfcc
FEA,mfcc_d2_09_std,0.0007681595240846457,mfcc
FEA,mfcc_d1_10_mean,0.0001802500242997858,mfcc
FEA,mfcc_d1_10_std,0.0004193640249161774,mfcc
FEA,mfcc_d2_10_mean,0.0001685172856060274,mfcc
FEA,mfcc_d2_10_std,0.0003779115889001894,mfcc
FEA,mfcc_d1_11_mean,0.00020998782085506143,mfcc
FEA,mfcc_d1_11_std,0.0006314165858347175,mfcc
FEA,mfcc_d2_11_mean,0.00024506824710810376,mfcc
FEA,mfcc_d2_11_std,0.00022225843129188716,mfcc
FEA,mfcc_d1_12_mean,0.00018293178141722994,mfcc
FEA,mfcc_d1_12_std,0.0005937946990800088,mfcc
FEA,mfcc_d2_12_mean,0.00017906188393525472,mfcc
FEA,mfcc_d2_12_std,0.0004099263907491414,mfcc
FEA,mfcc_d1_13_mean,0.00019159319120896809,mfcc
FEA,mfcc_d1_13_std,0.00034791788523521184,mfcc
FEA,mfcc_d2_13_mean,0.00017862764433859653,mfcc
FEA,mfcc_d2_13_std,0.0001894606817239428,mfcc
FEA,mfcc_d1_14_mean,0.0002560816659749105,mfcc
FEA,mfcc_d1_14_std,0.0004370930492817425,mfcc
FEA,mfcc_d2_14_mean,0.00015271783056826357,mfcc
FEA,mfcc_d2_14_std,0.0003043164418480156,mfcc
FEA,mfcc_d1_15_mean,0.00017021229540919276,mfcc
FEA,mfcc_d1_15_std,0.00027557983415846195,mfcc
FEA,mfcc_d2_15_mean,0.00017022683213453832,mfcc
FEA,mfcc_d2_15_std,0.00019591102070881902,mfcc
FEA,mfcc_d1_16_mean,0.00018128939917594908,mfcc
FEA,mfcc_d1_16_std,0.00028458906959259245,mfcc
FEA,mfcc_d2_16_mean,0.00017760601061610174,mfcc
FEA,mfcc_d2_16_std,0.00023157331193621368,mfcc
FEA,mfcc_d1_17_mean,0.00017697328691196982,mfcc
FEA,mfcc_d1_17_std,0.00034638816516991463,mfcc
FEA,mfcc_d2_17_mean,0.00017395479464609871,mfcc
FEA,mfcc_d2_17_std,0.0002990229819261471,mfcc
FEA,mfcc_d1_18_mean,0.00017551468569507162,mfcc
FEA,mfcc_d1_18_std,0.00036488507954463023,mfcc
FEA,mfcc_d2_18_mean,0.00015490205282120263,mfcc
FEA,mfcc_d2_18_std,0.00021556316414927953,mfcc
FEA,mfcc_d1_19_mean,0.00018875044876461388,mfcc
FEA,mfcc_d1_19_std,0.0006856399842370253,mfcc
FEA,mfcc_d2_19_mean,0.0002403976328269777,mfcc
FEA,mfcc_d2_19_std,0.0005126110401565924,mfcc
FEA,chroma_00_mean,0.00039490247942851315,chroma
FEA,chroma_00_std,0.0004931624227482675,chroma
FEA,chroma_01_mean,0.00019948684506568867,chroma
FEA,chroma_01_std,0.00026126011158884784,chroma
FEA,chroma_02_mean,0.0002634827043770265,chroma
FEA,chroma_02_std,0.00019204382826195336,chroma
FEA,chroma_03_mean,0.00021490891613415054,chroma
FEA,chroma_03_std,0.0001856067891930106,chroma
FEA,chroma_04_mean,0.00021363213028643917,chroma
FEA,chroma_04_std,0.00021671396855680051,chroma
FEA,chroma_05_mean,0.00026004542794311056,chroma
FEA,chroma_05_std,0.00021451924251078466,chroma
FEA,chroma_06_mean,0.00034336089411894345,chroma
FEA,chroma_06_std,0.00034825482620582754,chroma
FEA,chroma_07_mean,0.0003618920050234799,chroma
FEA,chroma_07_std,0.00046933168212490606,chroma
FEA,chroma_08_mean,0.0005332569649693172,chroma
FEA,chroma_08_std,0.0013673316933537965,chroma
FEA,chroma_09_mean,0.0005268023504960137,chroma
FEA,chroma_09_std,0.0009119564242938148,chroma
FEA,chroma_10_mean,0.0005285625779339276,chroma
FEA,chroma_10_std,0.0009117665463735786,chroma
FEA,chroma_11_mean,0.0006196691954876372,chroma
FEA,chroma_11_std,0.000671824377237088,chroma
FEA,prosody_f0_mean,0.004249013282531086,prosody
FEA,prosody_f0_std,0.0006986318421716636,prosody
FEA,prosody_f0_min,0.0015789841340515007,prosody
FEA,prosody_f0_max,0.0005170378306536542,prosody
FEA,prosody_f0_median,0.003600291045117002,prosody
FEA,prosody_f0_iqr,0.0006351392676684785,prosody
FEA,prosody_f0_skew,0.0019330855458195735,prosody
FEA,prosody_f0_kurt,0.0002483478252010329,prosody
FEA,prosody_voiced_fraction,0.00030461111140518135,prosody
FEA,prosody_f0_slope_abs_mean,0.00033988736342996357,prosody
FEA,prosody_n_voiced_segments,0.0005695292165362179,prosody
FEA,prosody_voiced_rate_per_s,0.0009411048179872581,prosody
FEA,prosody_mean_voiced_seg_s,0.0007097815305045091,prosody
FEA,prosody_pause_fraction,0.00032258264801952934,prosody
FEA,prosody_jitter_local,0.0003799347341435976,prosody
FEA,prosody_jitter_rap,0.00039059397017111473,prosody
FEA,prosody_jitter_ppq5,0.00030817367160177606,prosody
FEA,prosody_jitter_ddp,0.00028879901958091687,prosody
FEA,prosody_shimmer_local,0.0003348196574123666,prosody
FEA,prosody_shimmer_localdb,0.000275714860341801,prosody
FEA,prosody_shimmer_apq3,0.00025800035736341765,prosody
FEA,prosody_shimmer_apq5,0.00034291202561326657,prosody
FEA,prosody_shimmer_apq11,0.00020443722542274294,prosody
FEA,prosody_shimmer_dda,0.00025017146225052886,prosody
FEA,prosody_hnr_mean,0.0010454787042496745,prosody
FEA,prosody_hnr_std,0.00023750523599503425,prosody
FEA,prosody_hnr_min,0.0004338509799557775,prosody
FEA,prosody_hnr_max,0.0005122481382273978,prosody
FEA,prosody_hnr_median,0.0010569725634501145,prosody
FEA,prosody_f1_mean,0.0002915407855114523,prosody
FEA,prosody_f1_std,0.0002819432350870595,prosody
FEA,prosody_f1_median,0.0006118758681031763,prosody
FEA,prosody_f1_bw_median,0.0013708265442752053,prosody
FEA,prosody_f2_mean,0.00017245388929583232,prosody
FEA,prosody_f2_std,0.00027782227927698755,prosody
FEA,prosody_f2_median,0.00020600309475777157,prosody
FEA,prosody_f2_bw_median,0.0005233782939558726,prosody
FEA,prosody_f3_mean,0.00018886963604175018,prosody
FEA,prosody_f3_std,0.00025136550222540767,prosody
FEA,prosody_f3_median,0.00020924164194936225,prosody
FEA,prosody_f3_bw_median,0.0006864936149969389,prosody
FEA,prosody_f4_mean,0.00018753681378802885,prosody
FEA,prosody_f4_std,0.00022815594059023196,prosody
FEA,prosody_f4_median,0.00015826862106023838,prosody
FEA,prosody_f5_mean,0.0003476971610951636,prosody
FEA,prosody_f5_std,0.0004045611989759879,prosody
FEA,prosody_f5_median,0.00019797035552786393,prosody
FEA,prosody_intensity_mean,0.002214488151508157,prosody
FEA,prosody_intensity_std,0.002154692907220847,prosody
FEA,prosody_intensity_min,0.0022096425503825992,prosody
FEA,prosody_intensity_max,0.00019700174151663326,prosody
FEA,prosody_intensity_median,0.00125840480492069,prosody
FEA,prosody_intensity_iqr,0.0020627375191270576,prosody
FEA,prosody_intensity_skew,0.00045610710023628284,prosody
FEA,prosody_intensity_kurt,0.0005134664146715257,prosody
FEA,prosody_cpps,0.0014164674697278465,prosody
HAP,duration_s,0.0027686502013649942,other
HAP,peak_amplitude,0.0005630551329084106,other
HAP,spectral_centroid_mean,0.0009308065174448715,spectral
HAP,spectral_centroid_std,0.000410776035627098,spectral
HAP,spectral_centroid_min,0.0001822041864002336,spectral
HAP,spectral_centroid_max,0.00021011453192985844,spectral
HAP,spectral_centroid_median,0.0011746554741728337,spectral
HAP,spectral_centroid_iqr,0.0021084821212098027,spectral
HAP,spectral_centroid_skew,0.00019963511937882864,spectral
HAP,spectral_centroid_kurt,0.0001835477246690259,spectral
HAP,spectral_bandwidth_mean,0.00023517426962933453,spectral
HAP,spectral_bandwidth_std,0.00023212390202132066,spectral
HAP,spectral_bandwidth_min,0.0001834494114188484,spectral
HAP,spectral_bandwidth_max,0.0003411817798319709,spectral
HAP,spectral_bandwidth_median,0.00016494180812828826,spectral
HAP,spectral_bandwidth_iqr,0.0002459990519622806,spectral
HAP,spectral_bandwidth_skew,0.00036938247104065046,spectral
HAP,spectral_bandwidth_kurt,0.00048487611291498994,spectral
HAP,spectral_rolloff85_mean,0.0006463593801847202,spectral
HAP,spectral_rolloff85_std,0.00022781421791742468,spectral
HAP,spectral_rolloff85_min,6.440204698975898e-05,spectral
HAP,spectral_rolloff85_max,0.00016391966597456022,spectral
HAP,spectral_rolloff85_median,0.0008409911229988986,spectral
HAP,spectral_rolloff85_iqr,0.0008654752575796057,spectral
HAP,spectral_rolloff85_skew,0.00024027551640722552,spectral
HAP,spectral_rolloff85_kurt,0.000338916700983284,spectral
HAP,spectral_rolloff95_mean,0.0005225608362964896,spectral
HAP,spectral_rolloff95_std,0.00030543943358760973,spectral
HAP,spectral_rolloff95_min,6.818742845601245e-05,spectral
HAP,spectral_rolloff95_max,0.0001783260548954438,spectral
HAP,spectral_rolloff95_median,0.000564037403748573,spectral
HAP,spectral_rolloff95_iqr,0.0007499282894395883,spectral
HAP,spectral_rolloff95_skew,0.00041630516694480234,spectral
HAP,spectral_rolloff95_kurt,0.0004243166242387402,spectral
HAP,spectral_flatness_mean,0.0003309680615665939,spectral
HAP,spectral_flatness_std,0.00042444757916792857,spectral
HAP,spectral_flatness_min,0.0002671598714522175,spectral
HAP,spectral_flatness_max,0.0004535520030617524,spectral
HAP,spectral_flatness_median,0.00016559600771628,spectral
HAP,spectral_flatness_iqr,0.00017479192252358748,spectral
HAP,spectral_flatness_skew,0.000370476953884935,spectral
HAP,spectral_flatness_kurt,0.00030859998767878766,spectral
HAP,spectral_zcr_mean,0.0006216836974134992,spectral
HAP,spectral_zcr_std,0.000465006894751947,spectral
HAP,spectral_zcr_min,0.00010061795834368646,spectral
HAP,spectral_zcr_max,0.00037529280959695203,spectral
HAP,spectral_zcr_median,0.001048684295166523,spectral
HAP,spectral_zcr_iqr,0.0007551102109376013,spectral
HAP,spectral_zcr_skew,0.00018008850696928398,spectral
HAP,spectral_zcr_kurt,0.000136614000231208,spectral
HAP,spectral_rms_mean,0.0035721659678461127,spectral
HAP,spectral_rms_std,0.0006441238231318518,spectral
HAP,spectral_rms_min,0.0007215404351867132,spectral
HAP,spectral_rms_max,0.0003834364675257707,spectral
HAP,spectral_rms_median,0.0015858605878082584,spectral
HAP,spectral_rms_iqr,0.00040345359984817814,spectral
HAP,spectral_rms_skew,0.0003381410361012388,spectral
HAP,spectral_rms_kurt,0.00023871897909033017,spectral
HAP,spectral_flux_mean,0.0012752433408333502,spectral
HAP,spectral_flux_std,0.001642146485778403,spectral
HAP,spectral_flux_min,0.0040813953632972706,spectral
HAP,spectral_flux_max,0.00020790037765712168,spectral
HAP,spectral_flux_median,0.002560613414526932,spectral
HAP,spectral_flux_iqr,0.0026448150683978885,spectral
HAP,spectral_flux_skew,0.0001944126876535486,spectral
HAP,spectral_flux_kurt,0.00021870099976101335,spectral
HAP,spectral_entropy_mean,0.0009256719860247127,spectral
HAP,spectral_entropy_std,0.00038137136480713185,spectral
HAP,spectral_entropy_min,0.00021655498783743437,spectral
HAP,spectral_entropy_max,0.0008396413592360437,spectral
HAP,spectral_entropy_median,0.0005751235034936815,spectral
HAP,spectral_entropy_iqr,0.00034052386580866187,spectral
HAP,spectral_entropy_skew,0.00027264054117882717,spectral
HAP,spectral_entropy_kurt,0.00016858729868235694,spectral
HAP,spectral_slope_mean,0.002686075716847994,spectral
HAP,spectral_slope_std,0.000723821157866814,spectral
HAP,spectral_slope_min,0.0005321047186111898,spectral
HAP,spectral_slope_max,0.00038959456820928783,spectral
HAP,spectral_slope_median,0.0012453219736237445,spectral
HAP,spectral_slope_iqr,0.00037625056088804793,spectral
HAP,spectral_slope_skew,0.00024489560320077467,spectral
HAP,spectral_slope_kurt,0.00027869740097577646,spectral
HAP,spectral_band_0_500_mean,0.002425444724431087,spectral
HAP,spectral_band_0_500_std,0.0026604032413876043,spectral
HAP,spectral_band_500_1000_mean,0.0012966030807835354,spectral
HAP,spectral_band_500_1000_std,0.001121765132684735,spectral
HAP,spectral_band_1000_2000_mean,0.0006569230554561222,spectral
HAP,spectral_band_1000_2000_std,0.0006999280915713665,spectral
HAP,spectral_band_2000_3000_mean,0.0010146495814509903,spectral
HAP,spectral_band_2000_3000_std,0.0005979058347756187,spectral
HAP,spectral_band_3000_4000_mean,0.0017600416906995442,spectral
HAP,spectral_band_3000_4000_std,0.0021641186415784805,spectral
HAP,spectral_band_4000_5000_mean,0.0010057196990816439,spectral
HAP,spectral_band_4000_5000_std,0.0011158583265171765,spectral
HAP,spectral_band_5000_6000_mean,0.00034303206216122176,spectral
HAP,spectral_band_5000_6000_std,0.0003319431457120849,spectral
HAP,spectral_band_6000_8000_mean,0.0001998105006525546,spectral
HAP,spectral_band_6000_8000_std,0.00016417382191006268,spectral
HAP,spectral_hf_ratio_4000_mean,0.0002517518767273243,spectral
HAP,spectral_hf_ratio_4000_std,0.0001657097928332882,spectral
HAP,spectral_hf_ratio_6000_mean,0.0001375191042037583,spectral
HAP,spectral_hf_ratio_6000_std,0.000131349668274363,spectral
HAP,spectral_contrast_0_mean,0.00022909808961210407,spectral
HAP,spectral_contrast_0_std,0.00020260556060616727,spectral
HAP,spectral_contrast_1_mean,0.0006617398117419873,spectral
HAP,spectral_contrast_1_std,0.0005164591140415397,spectral
HAP,spectral_contrast_2_mean,0.0004185231702886565,spectral
HAP,spectral_contrast_2_std,0.00036749314436761876,spectral
HAP,spectral_contrast_3_mean,0.00019195312108567352,spectral
HAP,spectral_contrast_3_std,0.00015192664594338362,spectral
HAP,spectral_contrast_4_mean,0.00028251269806589606,spectral
HAP,spectral_contrast_4_std,0.0003295990292462636,spectral
HAP,spectral_contrast_5_mean,0.0008327524230015912,spectral
HAP,spectral_contrast_5_std,0.0003269639548082738,spectral
HAP,spectral_contrast_6_mean,0.000376852453990159,spectral
HAP,spectral_contrast_6_std,0.0001808710442510576,spectral
HAP,mfcc_00_mean,0.003299026844359063,mfcc
HAP,mfcc_00_std,0.005092342619245685,mfcc
HAP,mfcc_00_min,0.0012606431831384754,mfcc
HAP,mfcc_00_max,0.0003132778981842866,mfcc
HAP,mfcc_00_median,0.0011634189135440863,mfcc
HAP,mfcc_00_iqr,0.007083633860002747,mfcc
HAP,mfcc_00_skew,0.0002743001227423875,mfcc
HAP,mfcc_00_kurt,0.0007653271893678388,mfcc
HAP,mfcc_01_mean,0.00022630579299718522,mfcc
HAP,mfcc_01_std,0.00044164390420244976,mfcc
HAP,mfcc_01_min,0.0005658589707415329,mfcc
HAP,mfcc_01_max,0.00025340174368658806,mfcc
HAP,mfcc_01_median,0.0001980707455828795,mfcc
HAP,mfcc_01_iqr,0.00021849189358307406,mfcc
HAP,mfcc_01_skew,0.0001860039489013147,mfcc
HAP,mfcc_01_kurt,0.0001422301303512002,mfcc
HAP,mfcc_02_mean,0.0008955398106403205,mfcc
HAP,mfcc_02_std,0.0018770088697570375,mfcc
HAP,mfcc_02_min,0.0006445351982394685,mfcc
HAP,mfcc_02_max,0.00032067448164567393,mfcc
HAP,mfcc_02_median,0.0002820883294389136,mfcc
HAP,mfcc_02_iqr,0.0018020032143656259,mfcc
HAP,mfcc_02_skew,0.000242897752560873,mfcc
HAP,mfcc_02_kurt,0.00034583197495383755,mfcc
HAP,mfcc_03_mean,0.0003633188059641747,mfcc
HAP,mfcc_03_std,0.0008692736851116129,mfcc
HAP,mfcc_03_min,0.0003474030435441879,mfcc
HAP,mfcc_03_max,0.0009469631953462055,mfcc
HAP,mfcc_03_median,0.00022212384473301505,mfcc
HAP,mfcc_03_iqr,0.0003373450694377558,mfcc
HAP,mfcc_03_skew,0.0005048530302140885,mfcc
HAP,mfcc_03_kurt,0.00017775873837467328,mfcc
HAP,mfcc_04_mean,0.0007783843910681446,mfcc
HAP,mfcc_04_std,0.00037402632494762476,mfcc
HAP,mfcc_04_min,0.0007604122693334972,mfcc
HAP,mfcc_04_max,0.00025239610833649115,mfcc
HAP,mfcc_04_median,0.0006810532545040974,mfcc
HAP,mfcc_04_iqr,0.00039906550419981866,mfcc
HAP,mfcc_04_skew,0.00016885921552719339,mfcc
HAP,mfcc_04_kurt,0.00022202776201292088,mfcc
HAP,mfcc_05_mean,0.00028280723761535826,mfcc
HAP,mfcc_05_std,0.0002545729289639655,mfcc
HAP,mfcc_05_min,0.00029975592016437587,mfcc
HAP,mfcc_05_max,0.00032110692417505163,mfcc
HAP,mfcc_05_median,0.00024502119652491857,mfcc
HAP,mfcc_05_iqr,0.00021981677104032532,mfcc
HAP,mfcc_05_skew,0.00016137052964061837,mfcc
HAP,mfcc_05_kurt,0.00017824932618565255,mfcc
HAP,mfcc_06_mean,0.000248629304194397,mfcc
HAP,mfcc_06_std,0.00028833054190616426,mfcc
HAP,mfcc_06_min,0.00014126379729855954,mfcc
HAP,mfcc_06_max,0.000246167298638663,mfcc
HAP,mfcc_06_median,0.0002198004190678514,mfcc
HAP,mfcc_06_iqr,0.00020913831297274246,mfcc
HAP,mfcc_06_skew,0.00020177334411802017,mfcc
HAP,mfcc_06_kurt,0.00017384662666971988,mfcc
HAP,mfcc_07_mean,0.00048766416498317774,mfcc
HAP,mfcc_07_std,0.0005382500468613163,mfcc
HAP,mfcc_07_min,0.00027970640621166593,mfcc
HAP,mfcc_07_max,0.00023562765848147608,mfcc
HAP,mfcc_07_median,0.00019882626329751317,mfcc
HAP,mfcc_07_iqr,0.0005207890811485758,mfcc
HAP,mfcc_07_skew,0.00017289038526667447,mfcc
HAP,mfcc_07_kurt,0.00014389888605510594,mfcc
HAP,mfcc_08_mean,0.0002318108178736751,mfcc
HAP,mfcc_08_std,0.00021128018193118127,mfcc
HAP,mfcc_08_min,0.00017109494483008895,mfcc
HAP,mfcc_08_max,0.00029753927296982533,mfcc
HAP,mfcc_08_median,0.00019550691706002424,mfcc
HAP,mfcc_08_iqr,0.00018449482744493096,mfcc
HAP,mfcc_08_skew,0.0002256242300266865,mfcc
HAP,mfcc_08_kurt,0.00017591300134890128,mfcc
HAP,mfcc_09_mean,0.0003084561416908479,mfcc
HAP,mfcc_09_std,0.00018237853180141177,mfcc
HAP,mfcc_09_min,0.00022832909367294133,mfcc
HAP,mfcc_09_max,0.00026655417859414697,mfcc
HAP,mfcc_09_median,0.00024680987525687274,mfcc
HAP,mfcc_09_iqr,0.00021500774919394847,mfcc
HAP,mfcc_09_skew,0.00020490277962185627,mfcc
HAP,mfcc_09_kurt,0.0001653321324940288,mfcc
HAP,mfcc_10_mean,0.00039500629967835276,mfcc
HAP,mfcc_10_std,0.00048046140339965424,mfcc
HAP,mfcc_10_min,0.0003152131141727617,mfcc
HAP,mfcc_10_max,0.00017772749548503912,mfcc
HAP,mfcc_10_median,0.00048070013041819504,mfcc
HAP,mfcc_10_iqr,0.00029934998915276325,mfcc
HAP,mfcc_10_skew,0.00019086564758647156,mfcc
HAP,mfcc_10_kurt,0.0001470750188563583,mfcc
HAP,mfcc_11_mean,0.00029688453425842507,mfcc
HAP,mfcc_11_std,0.00039602812870181986,mfcc
HAP,mfcc_11_min,0.00024421309006360183,mfcc
HAP,mfcc_11_max,0.00024220569543495504,mfcc
HAP,mfcc_11_median,0.0002710827834222013,mfcc
HAP,mfcc_11_iqr,0.0002459363827590653,mfcc
HAP,mfcc_11_skew,0.00020286074497330529,mfcc
HAP,mfcc_11_kurt,0.00021583012507127603,mfcc
HAP,mfcc_12_mean,0.00023169340443288182,mfcc
HAP,mfcc_12_std,0.00022208174990315466,mfcc
HAP,mfcc_12_min,0.00019113775437963794,mfcc
HAP,mfcc_12_max,0.0005031391660411045,mfcc
HAP,mfcc_12_median,0.0002091292321246684,mfcc
HAP,mfcc_12_iqr,0.0001562052349575895,mfcc
HAP,mfcc_12_skew,0.00034664738228664787,mfcc
HAP,mfcc_12_kurt,0.00028685189170794085,mfcc
HAP,mfcc_13_mean,0.0002739141037655961,mfcc
HAP,mfcc_13_std,0.0002752895910948314,mfcc
HAP,mfcc_13_min,0.0002446423571168754,mfcc
HAP,mfcc_13_max,0.00030581759899037597,mfcc
HAP,mfcc_13_median,0.0003355670503694554,mfcc
HAP,mfcc_13_iqr,0.00018721176161127723,mfcc
HAP,mfcc_13_skew,0.00036928753490245007,mfcc
HAP,mfcc_13_kurt,0.00026329849190711067,mfcc
HAP,mfcc_14_mean,0.00016614743704115954,mfcc
HAP,mfcc_14_std,0.001164114197636545,mfcc
HAP,mfcc_14_min,0.0002884628562740412,mfcc
HAP,mfcc_14_max,0.0004483061588750409,mfcc
HAP,mfcc_14_median,0.00019234421877683652,mfcc
HAP,mfcc_14_iqr,0.0005712537892878204,mfcc
HAP,mfcc_14_skew,0.0002948005847302889,mfcc
HAP,mfcc_14_kurt,0.00027729996111543247,mfcc
HAP,mfcc_15_mean,0.0001570279074572504,mfcc
HAP,mfcc_15_std,0.0007120345807032601,mfcc
HAP,mfcc_15_min,0.00024108083973756037,mfcc
HAP,mfcc_15_max,0.00036234978902383215,mfcc
HAP,mfcc_15_median,0.000185058247718816,mfcc
HAP,mfcc_15_iqr,0.00024333723095279185,mfcc
HAP,mfcc_15_skew,0.00014827994977729215,mfcc
HAP,mfcc_15_kurt,0.0003296910147253271,mfcc
HAP,mfcc_16_mean,0.0003030254659939076,mfcc
HAP,mfcc_16_std,0.0013196531703203527,mfcc
HAP,mfcc_16_min,0.0001844894715691357,mfcc
HAP,mfcc_16_max,0.0005370696401822956,mfcc
HAP,mfcc_16_median,0.00019389384230838794,mfcc
HAP,mfcc_16_iqr,0.0002938354688348118,mfcc
HAP,mfcc_16_skew,0.0004299024776098138,mfcc
HAP,mfcc_16_kurt,0.0002952335172361949,mfcc
HAP,mfcc_17_mean,0.00019453375325526815,mfcc
HAP,mfcc_17_std,0.0018808700186904819,mfcc
HAP,mfcc_17_min,0.0002762039256593478,mfcc
HAP,mfcc_17_max,0.00039580498286746546,mfcc
HAP,mfcc_17_median,0.0001874308686717773,mfcc
HAP,mfcc_17_iqr,0.00022477528637946767,mfcc
HAP,mfcc_17_skew,0.0002332562151408861,mfcc
HAP,mfcc_17_kurt,0.00033631663143174405,mfcc
HAP,mfcc_18_mean,0.00020338706354775625,mfcc
HAP,mfcc_18_std,0.0016566260608538177,mfcc
HAP,mfcc_18_min,0.00021526095605965042,mfcc
HAP,mfcc_18_max,0.0003958576748031131,mfcc
HAP,mfcc_18_median,0.00017625044741578837,mfcc
HAP,mfcc_18_iqr,0.00036100423521176077,mfcc
HAP,mfcc_18_skew,0.0001766712047739471,mfcc
HAP,mfcc_18_kurt,0.00031865814297488284,mfcc
HAP,mfcc_19_mean,0.0002938277939121237,mfcc
HAP,mfcc_19_std,0.0013823724324219591,mfcc
HAP,mfcc_19_min,0.0001831510655129709,mfcc
HAP,mfcc_19_max,0.0006824587223712067,mfcc
HAP,mfcc_19_median,0.0002642589403155134,mfcc
HAP,mfcc_19_iqr,0.00019807909501352993,mfcc
HAP,mfcc_19_skew,0.0002265151249792684,mfcc
HAP,mfcc_19_kurt,0.0003358152505631713,mfcc
HAP,mfcc_d1_00_mean,0.00028766321115964095,mfcc
HAP,mfcc_d1_00_std,0.004247817177837621,mfcc
HAP,mfcc_d2_00_mean,0.00034570329726126307,mfcc
HAP,mfcc_d2_00_std,0.0038125350584923123,mfcc
HAP,mfcc_d1_01_mean,0.00032906894134307555,mfcc
HAP,mfcc_d1_01_std,0.000627768043913577,mfcc
HAP,mfcc_d2_01_mean,0.0002029137301490385,mfcc
HAP,mfcc_d2_01_std,0.00035195270040828627,mfcc
HAP,mfcc_d1_02_mean,0.00038753080978500736,mfcc
HAP,mfcc_d1_02_std,0.0011974217398381369,mfcc
HAP,mfcc_d2_02_mean,0.00020962423131568508,mfcc
HAP,mfcc_d2_02_std,0.001142326690641204,mfcc
HAP,mfcc_d1_03_mean,0.00023562759669269116,mfcc
HAP,mfcc_d1_03_std,0.0006900827593466557,mfcc
HAP,mfcc_d2_03_mean,0.0002810133322921664,mfcc
HAP,mfcc_d2_03_std,0.0004940305615272539,mfcc
HAP,mfcc_d1_04_mean,0.0003150759788118565,mfcc
HAP,mfcc_d1_04_std,0.0008497369371307967,mfcc
HAP,mfcc_d2_04_mean,0.0002445572006466174,mfcc
HAP,mfcc_d2_04_std,0.0006923174746390472,mfcc
HAP,mfcc_d1_05_mean,0.00024260381996999577,mfcc
HAP,mfcc_d1_05_std,0.0004780800153286191,mfcc
HAP,mfcc_d2_05_mean,0.00019229674551465465,mfcc
HAP,mfcc_d2_05_std,0.00032291889679959677,mfcc
HAP,mfcc_d1_06_mean,0.00022730250675797518,mfcc
HAP,mfcc_d1_06_std,0.0002548997961378849,mfcc
HAP,mfcc_d2_06_mean,0.0002145068990545454,mfcc
HAP,mfcc_d2_06_std,0.00028955847611492866,mfcc
HAP,mfcc_d1_07_mean,0.0001707871608863872,mfcc
HAP,mfcc_d1_07_std,0.000297218309215779,mfcc
HAP,mfcc_d2_07_mean,0.00018755739299569245,mfcc
HAP,mfcc_d2_07_std,0.00033660612063156467,mfcc
HAP,mfcc_d1_08_mean,0.00018007200612327098,mfcc
HAP,mfcc_d1_08_std,0.00029276825259209167,mfcc
HAP,mfcc_d2_08_mean,0.0001443586025278263,mfcc
HAP,mfcc_d2_08_std,0.00041608452988370006,mfcc
HAP,mfcc_d1_09_mean,0.00014248695406731806,mfcc
HAP,mfcc_d1_09_std,0.00043146424096303,mfcc
HAP,mfcc_d2_09_mean,0.0001854463113798864,mfcc
HAP,mfcc_d2_09_std,0.0006689880181938998,mfcc
HAP,mfcc_d1_10_mean,0.00021318087436762224,mfcc
HAP,mfcc_d1_10_std,0.0003208129505224042,mfcc
HAP,mfcc_d2_10_mean,0.00017951387069465167,mfcc
HAP,mfcc_d2_10_std,0.00032033523483123366,mfcc
HAP,mfcc_d1_11_mean,0.0002281048273676355,mfcc
HAP,mfcc_d1_11_std,0.00033060987580773275,mfcc
HAP,mfcc_d2_11_mean,0.00022146423793205277,mfcc
HAP,mfcc_d2_11_std,0.00027156432166043523,mfcc
HAP,mfcc_d1_12_mean,0.000241454411007406,mfcc
HAP,mfcc_d1_12_std,0.0003804088130911205,mfcc
HAP,mfcc_d2_12_mean,0.0002716659304409262,mfcc
HAP,mfcc_d2_12_std,0.0006156870129520452,mfcc
HAP,mfcc_d1_13_mean,0.00027228336717279646,mfcc
HAP,mfcc_d1_13_std,0.00033267223730707433,mfcc
HAP,mfcc_d2_13_mean,0.00016832383619561395,mfcc
HAP,mfcc_d2_13_std,0.00039617518350907926,mfcc
HAP,mfcc_d1_14_mean,0.00015953825536408776,mfcc
HAP,mfcc_d1_14_std,0.0008287249811363211,mfcc
HAP,mfcc_d2_14_mean,0.00022972218691586158,mfcc
HAP,mfcc_d2_14_std,0.0008907045670844638,mfcc
HAP,mfcc_d1_15_mean,0.00020700464716187346,mfcc
HAP,mfcc_d1_15_std,0.0008159483538150064,mfcc
HAP,mfcc_d2_15_mean,0.0002853552210883253,mfcc
HAP,mfcc_d2_15_std,0.0005510813346921168,mfcc
HAP,mfcc_d1_16_mean,0.0001992558615619121,mfcc
HAP,mfcc_d1_16_std,0.0007086738572341958,mfcc
HAP,mfcc_d2_16_mean,0.00019366809608511995,mfcc
HAP,mfcc_d2_16_std,0.0005904699256758282,mfcc
HAP,mfcc_d1_17_mean,0.0001762125211272222,mfcc
HAP,mfcc_d1_17_std,0.001002798896439519,mfcc
HAP,mfcc_d2_17_mean,0.000178223188262652,mfcc
HAP,mfcc_d2_17_std,0.00044720523303595105,mfcc
HAP,mfcc_d1_18_mean,0.00019840009503718236,mfcc
HAP,mfcc_d1_18_std,0.0010130477316842225,mfcc
HAP,mfcc_d2_18_mean,0.0001517701034610561,mfcc
HAP,mfcc_d2_18_std,0.00036511772331755264,mfcc
HAP,mfcc_d1_19_mean,0.00014663454813791825,mfcc
HAP,mfcc_d1_19_std,0.0011134745144042598,mfcc
HAP,mfcc_d2_19_mean,0.00022957534797867705,mfcc
HAP,mfcc_d2_19_std,0.0004801353045239807,mfcc
HAP,chroma_00_mean,0.00023686848959103473,chroma
HAP,chroma_00_std,0.0003445435519996046,chroma
HAP,chroma_01_mean,0.00020043729863056416,chroma
HAP,chroma_01_std,0.0004116726082155782,chroma
HAP,chroma_02_mean,0.00014200483182853562,chroma
HAP,chroma_02_std,0.0002547263754025227,chroma
HAP,chroma_03_mean,0.00016129144723139052,chroma
HAP,chroma_03_std,0.0002994010404761258,chroma
HAP,chroma_04_mean,0.00015600943644221335,chroma
HAP,chroma_04_std,0.0002532652858727695,chroma
HAP,chroma_05_mean,0.00015283241865387536,chroma
HAP,chroma_05_std,0.00026010061090692615,chroma
HAP,chroma_06_mean,0.00014105613653303406,chroma
HAP,chroma_06_std,0.0002517246821457002,chroma
HAP,chroma_07_mean,0.00015598879631157633,chroma
HAP,chroma_07_std,0.0004162491472401148,chroma
HAP,chroma_08_mean,0.0003000786969371281,chroma
HAP,chroma_08_std,0.0014284539482549946,chroma
HAP,chroma_09_mean,0.0003306644658316033,chroma
HAP,chroma_09_std,0.001122255291755339,chroma
HAP,chroma_10_mean,0.00036197273790263484,chroma
HAP,chroma_10_std,0.0009120075722126821,chroma
HAP,chroma_11_mean,0.00022347760057810773,chroma
HAP,chroma_11_std,0.00047971084671735183,chroma
HAP,prosody_f0_mean,0.004450723092041305,prosody
HAP,prosody_f0_std,0.0031557522229476126,prosody
HAP,prosody_f0_min,0.000901030999704515,prosody
HAP,prosody_f0_max,0.003286435896649503,prosody
HAP,prosody_f0_median,0.0021980868173215643,prosody
HAP,prosody_f0_iqr,0.0026296222831256764,prosody
HAP,prosody_f0_skew,0.0006939194560280451,prosody
HAP,prosody_f0_kurt,0.0005307122462285273,prosody
HAP,prosody_voiced_fraction,0.0002632585781137088,prosody
HAP,prosody_f0_slope_abs_mean,0.0016251767486939264,prosody
HAP,prosody_n_voiced_segments,0.0005356426093707354,prosody
HAP,prosody_voiced_rate_per_s,0.0006402028244991988,prosody
HAP,prosody_mean_voiced_seg_s,0.0004294060877251642,prosody
HAP,prosody_pause_fraction,0.00031202645204431997,prosody
HAP,prosody_jitter_local,0.0007813914042318132,prosody
HAP,prosody_jitter_rap,0.0005971484012268525,prosody
HAP,prosody_jitter_ppq5,0.0005650427553995638,prosody
HAP,prosody_jitter_ddp,0.0006867330412144058,prosody
HAP,prosody_shimmer_local,0.0003033215092409452,prosody
HAP,prosody_shimmer_localdb,0.0004248068070326732,prosody
HAP,prosody_shimmer_apq3,0.0002905541978959343,prosody
HAP,prosody_shimmer_apq5,0.00021151960197034626,prosody
HAP,prosody_shimmer_apq11,0.00013377679675155305,prosody
HAP,prosody_shimmer_dda,0.00021222124698499058,prosody
HAP,prosody_hnr_mean,0.000703549941633986,prosody
HAP,prosody_hnr_std,0.0001800374459723693,prosody
HAP,prosody_hnr_min,0.000377182817608758,prosody
HAP,prosody_hnr_max,0.00021109640571325176,prosody
HAP,prosody_hnr_median,0.0006759245074562558,prosody
HAP,prosody_f1_mean,0.00027087366723151557,prosody
HAP,prosody_f1_std,0.0001765971091535047,prosody
HAP,prosody_f1_median,0.0003452720183671221,prosody
HAP,prosody_f1_bw_median,0.0003134259114291243,prosody
HAP,prosody_f2_mean,0.00019505319551889525,prosody
HAP,prosody_f2_std,0.0004474939836890357,prosody
HAP,prosody_f2_median,0.00024060744549698823,prosody
HAP,prosody_f2_bw_median,0.0006902982343463963,prosody
HAP,prosody_f3_mean,0.0003708915565326893,prosody
HAP,prosody_f3_std,0.00036049784807617514,prosody
HAP,prosody_f3_median,0.00028583120528219224,prosody
HAP,prosody_f3_bw_median,0.0006302027475263098,prosody
HAP,prosody_f4_mean,0.0003023207563910562,prosody
HAP,prosody_f4_std,0.0001545047892728106,prosody
HAP,prosody_f4_median,0.00023576378575579238,prosody
HAP,prosody_f5_mean,0.00020797549865932642,prosody
HAP,prosody_f5_std,0.00022069951072034864,prosody
HAP,prosody_f5_median,0.00018646801686354682,prosody
HAP,prosody_intensity_mean,0.0044078392205874435,prosody
HAP,prosody_intensity_std,0.00698246026663677,prosody
HAP,prosody_intensity_min,0.006246222354203565,prosody
HAP,prosody_intensity_max,0.0005358464600299647,prosody
HAP,prosody_intensity_median,0.001069615263064058,prosody
HAP,prosody_intensity_iqr,0.006334878517727585,prosody
HAP,prosody_intensity_skew,0.0007914933913904139,prosody
HAP,prosody_intensity_kurt,0.0023114953883861186,prosody
HAP,prosody_cpps,0.0005109694373130121,prosody
NEU,duration_s,0.004197236001410402,other
NEU,peak_amplitude,0.00037592785505147805,other
NEU,spectral_centroid_mean,0.0008670299460435826,spectral
NEU,spectral_centroid_std,0.0002773463812753151,spectral
NEU,spectral_centroid_min,0.0002890785698366201,spectral
NEU,spectral_centroid_max,0.00019366102995124624,spectral
NEU,spectral_centroid_median,0.0021812598637601516,spectral
NEU,spectral_centroid_iqr,0.002866691091347383,spectral
NEU,spectral_centroid_skew,0.0001773507623375069,spectral
NEU,spectral_centroid_kurt,0.00018526040640286958,spectral
NEU,spectral_bandwidth_mean,0.00020308585128603994,spectral
NEU,spectral_bandwidth_std,0.00019694287495083403,spectral
NEU,spectral_bandwidth_min,0.00016953128942024116,spectral
NEU,spectral_bandwidth_max,0.00027874103930805187,spectral
NEU,spectral_bandwidth_median,0.0002936083185942299,spectral
NEU,spectral_bandwidth_iqr,0.0001837590115504656,spectral
NEU,spectral_bandwidth_skew,0.00016700234374705342,spectral
NEU,spectral_bandwidth_kurt,0.00018462561389574715,spectral
NEU,spectral_rolloff85_mean,0.0003745569444951549,spectral
NEU,spectral_rolloff85_std,0.00017210978059779738,spectral
NEU,spectral_rolloff85_min,6.944995472549244e-05,spectral
NEU,spectral_rolloff85_max,0.0002927093084619811,spectral
NEU,spectral_rolloff85_median,0.0010197383071616924,spectral
NEU,spectral_rolloff85_iqr,0.0014775172049957574,spectral
NEU,spectral_rolloff85_skew,0.0001527764009801092,spectral
NEU,spectral_rolloff85_kurt,0.0001621346252859358,spectral
NEU,spectral_rolloff95_mean,0.0003628017348031747,spectral
NEU,spectral_rolloff95_std,0.00012313492826760016,spectral
NEU,spectral_rolloff95_min,6.609785185028934e-05,spectral
NEU,spectral_rolloff95_max,0.00018393528964313446,spectral
NEU,spectral_rolloff95_median,0.0010659679228644903,spectral
NEU,spectral_rolloff95_iqr,0.0014165084264134058,spectral
NEU,spectral_rolloff95_skew,0.0001740864481021131,spectral
NEU,spectral_rolloff95_kurt,0.0001670677897068184,spectral
NEU,spectral_flatness_mean,0.00029671231201542123,spectral
NEU,spectral_flatness_std,0.00028085369026878307,spectral
NEU,spectral_flatness_min,0.00026720048361575176,spectral
NEU,spectral_flatness_max,0.0004949764035622985,spectral
NEU,spectral_flatness_median,0.0001489045301639807,spectral
NEU,spectral_flatness_iqr,0.00037061907179201367,spectral
NEU,spectral_flatness_skew,0.00014779389115316058,spectral
NEU,spectral_flatness_kurt,0.00017256559647014152,spectral
NEU,spectral_zcr_mean,0.00045344532742690625,spectral
NEU,spectral_zcr_std,0.0003191326594309651,spectral
NEU,spectral_zcr_min,7.721658541084812e-05,spectral
NEU,spectral_zcr_max,0.00016250092177998382,spectral
NEU,spectral_zcr_median,0.0016596131927435268,spectral
NEU,spectral_zcr_iqr,0.0010967108426272378,spectral
NEU,spectral_zcr_skew,0.00016497908728543628,spectral
NEU,spectral_zcr_kurt,0.00015570063177617062,spectral
NEU,spectral_rms_mean,0.0019879183369724478,spectral
NEU,spectral_rms_std,0.00026789862105179764,spectral
NEU,spectral_rms_min,0.0007067852201736536,spectral
NEU,spectral_rms_max,0.0002573635658581809,spectral
NEU,spectral_rms_median,0.0016608734542899047,spectral
NEU,spectral_rms_iqr,0.00029310897465419805,spectral
NEU,spectral_rms_skew,0.0001562239508873937,spectral
NEU,spectral_rms_kurt,0.00015691108640167428,spectral
NEU,spectral_flux_mean,0.0015460631234664095,spectral
NEU,spectral_flux_std,0.002617071903412047,spectral
NEU,spectral_flux_min,0.00501594062124928,spectral
NEU,spectral_flux_max,0.000475683216208764,spectral
NEU,spectral_flux_median,0.0024971045797109255,spectral
NEU,spectral_flux_iqr,0.0019477768794702991,spectral
NEU,spectral_flux_skew,0.00022223950453154984,spectral
NEU,spectral_flux_kurt,0.00024138615942236754,spectral
NEU,spectral_entropy_mean,0.0006066160284658187,spectral
NEU,spectral_entropy_std,0.000791014030046152,spectral
NEU,spectral_entropy_min,0.0003025733455820019,spectral
NEU,spectral_entropy_max,0.0005812220035544957,spectral
NEU,spectral_entropy_median,0.00098381271347232,spectral
NEU,spectral_entropy_iqr,0.00032590974321529474,spectral
NEU,spectral_entropy_skew,0.0004802750487500869,spectral
NEU,spectral_entropy_kurt,0.00021740153014849565,spectral
NEU,spectral_slope_mean,0.0020150818221712687,spectral
NEU,spectral_slope_std,0.0008591449375162961,spectral
NEU,spectral_slope_min,0.00030743840903213086,spectral
NEU,spectral_slope_max,0.0002200584398847638,spectral
NEU,spectral_slope_median,0.0012622469759261006,spectral
NEU,spectral_slope_iqr,0.0005822989585595805,spectral
NEU,spectral_slope_skew,0.00015153818239488522,spectral
NEU,spectral_slope_kurt,0.00023352757858420662,spectral
NEU,spectral_band_0_500_mean,0.0033987409325057024,spectral
NEU,spectral_band_0_500_std,0.0029637796316274,spectral
NEU,spectral_band_500_1000_mean,0.001779511496446939,spectral
NEU,spectral_band_500_1000_std,0.0017525885772188162,spectral
NEU,spectral_band_1000_2000_mean,0.0011711099369815037,spectral
NEU,spectral_band_1000_2000_std,0.0015121894686015397,spectral
NEU,spectral_band_2000_3000_mean,0.0021972382300453766,spectral
NEU,spectral_band_2000_3000_std,0.001205935966747897,spectral
NEU,spectral_band_3000_4000_mean,0.0003642425761364782,spectral
NEU,spectral_band_3000_4000_std,0.0002317663515280749,spectral
NEU,spectral_band_4000_5000_mean,0.000217064058974627,spectral
NEU,spectral_band_4000_5000_std,0.0003093674834969419,spectral
NEU,spectral_band_5000_6000_mean,0.0002326462723154094,spectral
NEU,spectral_band_5000_6000_std,0.0002692938461324501,spectral
NEU,spectral_band_6000_8000_mean,0.0002274060325082113,spectral
NEU,spectral_band_6000_8000_std,0.00022397982540214213,spectral
NEU,spectral_hf_ratio_4000_mean,0.00012010990924755539,spectral
NEU,spectral_hf_ratio_4000_std,0.0001672903823857707,spectral
NEU,spectral_hf_ratio_6000_mean,0.0001575347740709294,spectral
NEU,spectral_hf_ratio_6000_std,0.0002452408907062825,spectral
NEU,spectral_contrast_0_mean,0.00032417428089889273,spectral
NEU,spectral_contrast_0_std,0.0002332759805956291,spectral
NEU,spectral_contrast_1_mean,0.0021176068898682223,spectral
NEU,spectral_contrast_1_std,0.0009763472936437014,spectral
NEU,spectral_contrast_2_mean,0.0010121210045971574,spectral
NEU,spectral_contrast_2_std,0.0011918660745199828,spectral
NEU,spectral_contrast_3_mean,0.0002901739742176847,spectral
NEU,spectral_contrast_3_std,0.00021431887425041798,spectral
NEU,spectral_contrast_4_mean,0.0002165656477010804,spectral
NEU,spectral_contrast_4_std,0.00040663365395372217,spectral
NEU,spectral_contrast_5_mean,0.0007778323823939776,spectral
NEU,spectral_contrast_5_std,0.0005959574296398259,spectral
NEU,spectral_contrast_6_mean,0.0005628013287654332,spectral
NEU,spectral_contrast_6_std,0.0002885711673826758,spectral
NEU,mfcc_00_mean,0.003285532018701374,mfcc
NEU,mfcc_00_std,0.006211821894079699,mfcc
NEU,mfcc_00_min,0.00125600427293422,mfcc
NEU,mfcc_00_max,0.000220092096673297,mfcc
NEU,mfcc_00_median,0.0012145500988177485,mfcc
NEU,mfcc_00_iqr,0.00804808483557617,mfcc
NEU,mfcc_00_skew,0.0005309152518701862,mfcc
NEU,mfcc_00_kurt,0.0012404035161172778,mfcc
NEU,mfcc_01_mean,0.00023671068908553115,mfcc
NEU,mfcc_01_std,0.0001746616671597506,mfcc
NEU,mfcc_01_min,0.00018980200896913024,mfcc
NEU,mfcc_01_max,0.0002458323324703476,mfcc
NEU,mfcc_01_median,0.00038005618437788956,mfcc
NEU,mfcc_01_iqr,0.0003280438798074676,mfcc
NEU,mfcc_01_skew,0.00022269811205906107,mfcc
NEU,mfcc_01_kurt,0.0002116791669874185,mfcc
NEU,mfcc_02_mean,0.000722354474190317,mfcc
NEU,mfcc_02_std,0.0018594856541670598,mfcc
NEU,mfcc_02_min,0.0005523862212710928,mfcc
NEU,mfcc_02_max,0.00039266385140909,mfcc
NEU,mfcc_02_median,0.00018278899519718966,mfcc
NEU,mfcc_02_iqr,0.0018047435939178387,mfcc
NEU,mfcc_02_skew,0.00027944031307849563,mfcc
NEU,mfcc_02_kurt,0.00028102768369558804,mfcc
NEU,mfcc_03_mean,0.0004583288604768778,mfcc
NEU,mfcc_03_std,0.0005420984388194959,mfcc
NEU,mfcc_03_min,0.0008168374356265429,mfcc
NEU,mfcc_03_max,0.000705866779642406,mfcc
NEU,mfcc_03_median,0.00040404413652164023,mfcc
NEU,mfcc_03_iqr,0.0003108545132074092,mfcc
NEU,mfcc_03_skew,0.0005991255180619678,mfcc
NEU,mfcc_03_kurt,0.00019635851679322756,mfcc
NEU,mfcc_04_mean,0.0004140426778275331,mfcc
NEU,mfcc_04_std,0.0006684860380899725,mfcc
NEU,mfcc_04_min,0.0005218118217999892,mfcc
NEU,mfcc_04_max,0.00017604111046579237,mfcc
NEU,mfcc_04_median,0.0003351313267521052,mfcc
NEU,mfcc_04_iqr,0.00053658643982233,mfcc
NEU,mfcc_04_skew,0.0004873089704935137,mfcc
NEU,mfcc_04_kurt,0.00044811618270355484,mfcc
NEU,mfcc_05_mean,0.0002768217126291696,mfcc
NEU,mfcc_05_std,0.0004247068287392262,mfcc
NEU,mfcc_05_min,0.0005758531849450833,mfcc
NEU,mfcc_05_max,0.00017088556269082003,mfcc
NEU,mfcc_05_median,0.0002573657288450097,mfcc
NEU,mfcc_05_iqr,0.000590708195819502,mfcc
NEU,mfcc_05_skew,0.0002513364031579053,mfcc
NEU,mfcc_05_kurt,0.0003893315430201183,mfcc
NEU,mfcc_06_mean,0.0003416968795543024,mfcc
NEU,mfcc_06_std,0.0013685372423142745,mfcc
NEU,mfcc_06_min,0.00030731954796034937,mfcc
NEU,mfcc_06_max,0.0002266296500062212,mfcc
NEU,mfcc_06_median,0.00020185785616836665,mfcc
NEU,mfcc_06_iqr,0.0006563384169702684,mfcc
NEU,mfcc_06_skew,0.00023649931183405173,mfcc
NEU,mfcc_06_kurt,0.00017469282073152598,mfcc
NEU,mfcc_07_mean,0.0010006922619369438,mfcc
NEU,mfcc_07_std,0.000876031509325812,mfcc
NEU,mfcc_07_min,0.0006067047180972341,mfcc
NEU,mfcc_07_max,0.00031624806567043864,mfcc
NEU,mfcc_07_median,0.0004908888677970344,mfcc
NEU,mfcc_07_iqr,0.0009461404465111776,mfcc
NEU,mfcc_07_skew,0.00031442620640202056,mfcc
NEU,mfcc_07_kurt,0.00016348533525583158,mfcc
NEU,mfcc_08_mean,0.00021133948709792133,mfcc
NEU,mfcc_08_std,0.0003896808136466118,mfcc
NEU,mfcc_08_min,0.00028269167828370764,mfcc
NEU,mfcc_08_max,0.00020316752124823295,mfcc
NEU,mfcc_08_median,0.00018481080420848677,mfcc
NEU,mfcc_08_iqr,0.0003018198118761129,mfcc
NEU,mfcc_08_skew,0.00022870509107908828,mfcc
NEU,mfcc_08_kurt,0.0001508695207647194,mfcc
NEU,mfcc_09_mean,0.0005037809546651508,mfcc
NEU,mfcc_09_std,0.0005130519906026288,mfcc
NEU,mfcc_09_min,0.0003501767869188428,mfcc
NEU,mfcc_09_max,0.00020342383211880745,mfcc
NEU,mfcc_09_median,0.0005066523474559872,mfcc
NEU,mfcc_09_iqr,0.0005160442198387303,mfcc
NEU,mfcc_09_skew,0.00018721023838249248,mfcc
NEU,mfcc_09_kurt,0.0001358049843995041,mfcc
NEU,mfcc_10_mean,0.0002503341155834983,mfcc
NEU,mfcc_10_std,0.00020702185009818143,mfcc
NEU,mfcc_10_min,0.00023011208970256995,mfcc
NEU,mfcc_10_max,0.00019548950569819512,mfcc
NEU,mfcc_10_median,0.00026647779442907807,mfcc
NEU,mfcc_10_iqr,0.00016762009241555164,mfcc
NEU,mfcc_10_skew,0.00026255095669903896,mfcc
NEU,mfcc_10_kurt,0.00016874261492935138,mfcc
NEU,mfcc_11_mean,0.00034787241262179295,mfcc
NEU,mfcc_11_std,0.0002741309811157964,mfcc
NEU,mfcc_11_min,0.0003404174276425881,mfcc
NEU,mfcc_11_max,0.00017679873687224406,mfcc
NEU,mfcc_11_median,0.0002678177562847727,mfcc
NEU,mfcc_11_iqr,0.00018442308978493482,mfcc
NEU,mfcc_11_skew,0.0002541952744293793,mfcc
NEU,mfcc_11_kurt,0.00019710112995742314,mfcc
NEU,mfcc_12_mean,0.0005382973056381772,mfcc
NEU,mfcc_12_std,0.00018239189936043038,mfcc
NEU,mfcc_12_min,0.00046033857903704945,mfcc
NEU,mfcc_12_max,0.0003334581892130658,mfcc
NEU,mfcc_12_median,0.0003884240416748442,mfcc
NEU,mfcc_12_iqr,0.0001445648846306131,mfcc
NEU,mfcc_12_skew,0.0004393964960892549,mfcc
NEU,mfcc_12_kurt,0.00018205263378961707,mfcc
NEU,mfcc_13_mean,0.0002499556162411989,mfcc
NEU,mfcc_13_std,0.00021951304981531204,mfcc
NEU,mfcc_13_min,0.0002016514354279293,mfcc
NEU,mfcc_13_max,0.00017793836809188652,mfcc
NEU,mfcc_13_median,0.00022090624620546011,mfcc
NEU,mfcc_13_iqr,0.00019965659683713284,mfcc
NEU,mfcc_13_skew,0.00017777429653816626,mfcc
NEU,mfcc_13_kurt,0.0002992629461521377,mfcc
NEU,mfcc_14_mean,0.00016690431626805645,mfcc
NEU,mfcc_14_std,0.0005378947021144983,mfcc
NEU,mfcc_14_min,0.0003003986210689759,mfcc
NEU,mfcc_14_max,0.00021955285710662482,mfcc
NEU,mfcc_14_median,0.00018037751762219715,mfcc
NEU,mfcc_14_iqr,0.00025362793382826453,mfcc
NEU,mfcc_14_skew,0.0001622731182397139,mfcc
NEU,mfcc_14_kurt,0.00027765154046014345,mfcc
NEU,mfcc_15_mean,0.00028105691738735663,mfcc
NEU,mfcc_15_std,0.0004226530026667834,mfcc
NEU,mfcc_15_min,0.0005701278818841858,mfcc
NEU,mfcc_15_max,0.00019660104194146302,mfcc
NEU,mfcc_15_median,0.00026058693011569734,mfcc
NEU,mfcc_15_iqr,0.0002336807752460724,mfcc
NEU,mfcc_15_skew,0.00022536091220876298,mfcc
NEU,mfcc_15_kurt,0.0003487561346860637,mfcc
NEU,mfcc_16_mean,0.00017190546988745574,mfcc
NEU,mfcc_16_std,0.0009941738473357698,mfcc
NEU,mfcc_16_min,0.00019762110677411842,mfcc
NEU,mfcc_16_max,0.0003192403825556746,mfcc
NEU,mfcc_16_median,0.00019850982120944802,mfcc
NEU,mfcc_16_iqr,0.0002455380102512701,mfcc
NEU,mfcc_16_skew,0.00029242630946052007,mfcc
NEU,mfcc_16_kurt,0.0003108820191837225,mfcc
NEU,mfcc_17_mean,0.00031640011273963023,mfcc
NEU,mfcc_17_std,0.001588449671934887,mfcc
NEU,mfcc_17_min,0.0005415420971156573,mfcc
NEU,mfcc_17_max,0.0002761528444049735,mfcc
NEU,mfcc_17_median,0.0002728897488070132,mfcc
NEU,mfcc_17_iqr,0.0001912820795207818,mfcc
NEU,mfcc_17_skew,0.00020272857732759572,mfcc
NEU,mfcc_17_kurt,0.00031229749449541213,mfcc
NEU,mfcc_18_mean,0.0003163765009868672,mfcc
NEU,mfcc_18_std,0.0016064569150465256,mfcc
NEU,mfcc_18_min,0.00046521837211394154,mfcc
NEU,mfcc_18_max,0.00033220827587685046,mfcc
NEU,mfcc_18_median,0.0003314213979298502,mfcc
NEU,mfcc_18_iqr,0.00047220400333326703,mfcc
NEU,mfcc_18_skew,0.00022628761006642027,mfcc
NEU,mfcc_18_kurt,0.0002944768564257832,mfcc
NEU,mfcc_19_mean,0.000204481955288905,mfcc
NEU,mfcc_19_std,0.0013973577917998593,mfcc
NEU,mfcc_19_min,0.0003963615345943243,mfcc
NEU,mfcc_19_max,0.0005362912908301097,mfcc
NEU,mfcc_19_median,0.00015820861295696382,mfcc
NEU,mfcc_19_iqr,0.0003855325591581857,mfcc
NEU,mfcc_19_skew,0.0001855902018653386,mfcc
NEU,mfcc_19_kurt,0.000308356893664633,mfcc
NEU,mfcc_d1_00_mean,0.00022982217109678886,mfcc
NEU,mfcc_d1_00_std,0.005874474534135378,mfcc
NEU,mfcc_d2_00_mean,0.00039319840538793436,mfcc
NEU,mfcc_d2_00_std,0.003735043229735573,mfcc
NEU,mfcc_d1_01_mean,0.00034842695482091226,mfcc
NEU,mfcc_d1_01_std,0.0006136488745862291,mfcc
NEU,mfcc_d2_01_mean,0.00020524336882513978,mfcc
NEU,mfcc_d2_01_std,0.0010506660039523764,mfcc
NEU,mfcc_d1_02_mean,0.0001831367754722337,mfcc
NEU,mfcc_d1_02_std,0.0028776818145277803,mfcc
NEU,mfcc_d2_02_mean,0.00020282054062642661,mfcc
NEU,mfcc_d2_02_std,0.0017105648427181285,mfcc
NEU,mfcc_d1_03_mean,0.00019464878546574386,mfcc
NEU,mfcc_d1_03_std,0.0026657783592525094,mfcc
NEU,mfcc_d2_03_mean,0.0002497232365213745,mfcc
NEU,mfcc_d2_03_std,0.001338166829112452,mfcc
NEU,mfcc_d1_04_mean,0.00014282019685081125,mfcc
NEU,mfcc_d1_04_std,0.0016523107582736216,mfcc
NEU,mfcc_d2_04_mean,0.00022867285545287344,mfcc
NEU,mfcc_d2_04_std,0.0015713116853272226,mfcc
NEU,mfcc_d1_05_mean,0.0001712223531902441,mfcc
NEU,mfcc_d1_05_std,0.0009280659386902742,mfcc
NEU,mfcc_d2_05_mean,0.00017475094491809783,mfcc
NEU,mfcc_d2_05_std,0.0007469209432377219,mfcc
NEU,mfcc_d1_06_mean,0.00014424256928445944,mfcc
NEU,mfcc_d1_06_std,0.0013830053583047037,mfcc
NEU,mfcc_d2_06_mean,0.0001528966355611158,mfcc
NEU,mfcc_d2_06_std,0.0012507897187064394,mfcc
NEU,mfcc_d1_07_mean,0.00019691451812955095,mfcc
NEU,mfcc_d1_07_std,0.0016380256408845492,mfcc
NEU,mfcc_d2_07_mean,0.00016616429960470672,mfcc
NEU,mfcc_d2_07_std,0.001544044212637703,mfcc
NEU,mfcc_d1_08_mean,0.00018121568546565744,mfcc
NEU,mfcc_d1_08_std,0.0007868616949252002,mfcc
NEU,mfcc_d2_08_mean,0.00019420780936742587,mfcc
NEU,mfcc_d2_08_std,0.0006993983809837884,mfcc
NEU,mfcc_d1_09_mean,0.00014919545213163784,mfcc
NEU,mfcc_d1_09_std,0.0011529450914155271,mfcc
NEU,mfcc_d2_09_mean,0.00020486551557624414,mfcc
NEU,mfcc_d2_09_std,0.0011564533369181431,mfcc
NEU,mfcc_d1_10_mean,0.00019823222588788764,mfcc
NEU,mfcc_d1_10_std,0.00047823425644042674,mfcc
NEU,mfcc_d2_10_mean,0.00023430688282596087,mfcc
NEU,mfcc_d2_10_std,0.0007204919741757198,mfcc
NEU,mfcc_d1_11_mean,0.00018956772862666475,mfcc
NEU,mfcc_d1_11_std,0.00042118231079316034,mfcc
NEU,mfcc_d2_11_mean,0.00013623836333935646,mfcc
NEU,mfcc_d2_11_std,0.00024085249352535175,mfcc
NEU,mfcc_d1_12_mean,0.00020945439653134214,mfcc
NEU,mfcc_d1_12_std,0.00039763268390870574,mfcc
NEU,mfcc_d2_12_mean,0.00013682678173549363,mfcc
NEU,mfcc_d2_12_std,0.00036365046169736586,mfcc
NEU,mfcc_d1_13_mean,0.00017809018123410406,mfcc
NEU,mfcc_d1_13_std,0.0002514745257858552,mfcc
NEU,mfcc_d2_13_mean,0.00022238836101911796,mfcc
NEU,mfcc_d2_13_std,0.00015502039318257479,mfcc
NEU,mfcc_d1_14_mean,0.00021986149333306327,mfcc
NEU,mfcc_d1_14_std,0.000399652487273421,mfcc
NEU,mfcc_d2_14_mean,0.00016711273962090152,mfcc
NEU,mfcc_d2_14_std,0.00033206797799556384,mfcc
NEU,mfcc_d1_15_mean,0.00015762540333183388,mfcc
NEU,mfcc_d1_15_std,0.0003783402179817603,mfcc
NEU,mfcc_d2_15_mean,0.00017876769079374206,mfcc
NEU,mfcc_d2_15_std,0.00020419471903640276,mfcc
NEU,mfcc_d1_16_mean,0.00016671060426735204,mfcc
NEU,mfcc_d1_16_std,0.00039474024279067854,mfcc
NEU,mfcc_d2_16_mean,0.00015474458911718056,mfcc
NEU,mfcc_d2_16_std,0.0002600612544662453,mfcc
NEU,mfcc_d1_17_mean,0.0001628792741874091,mfcc
NEU,mfcc_d1_17_std,0.0004949365690305056,mfcc
NEU,mfcc_d2_17_mean,0.0001437343207175554,mfcc
NEU,mfcc_d2_17_std,0.00018552919079484664,mfcc
NEU,mfcc_d1_18_mean,0.00016665921118539262,mfcc
NEU,mfcc_d1_18_std,0.000781853435343803,mfcc
NEU,mfcc_d2_18_mean,0.0001286033736032074,mfcc
NEU,mfcc_d2_18_std,0.00020420019952683267,mfcc
NEU,mfcc_d1_19_mean,0.00013427161545881086,mfcc
NEU,mfcc_d1_19_std,0.0010062194050938784,mfcc
NEU,mfcc_d2_19_mean,0.0003164391619219281,mfcc
NEU,mfcc_d2_19_std,0.00032664264195970635,mfcc
NEU,chroma_00_mean,0.0003914675500288472,chroma
NEU,chroma_00_std,0.0005985852766105874,chroma
NEU,chroma_01_mean,0.0002713396714186214,chroma
NEU,chroma_01_std,0.00025828510415573045,chroma
NEU,chroma_02_mean,0.00019329158752989594,chroma
NEU,chroma_02_std,0.00020251943544256782,chroma
NEU,chroma_03_mean,0.00021898314909515862,chroma
NEU,chroma_03_std,0.00021280317145304215,chroma
NEU,chroma_04_mean,0.00022411940570356132,chroma
NEU,chroma_04_std,0.0002174303661593495,chroma
NEU,chroma_05_mean,0.00019514365447367656,chroma
NEU,chroma_05_std,0.00022683337381932688,chroma
NEU,chroma_06_mean,0.00020911735824166773,chroma
NEU,chroma_06_std,0.00024994468864228305,chroma
NEU,chroma_07_mean,0.00021761229727185213,chroma
NEU,chroma_07_std,0.0002955115847528805,chroma
NEU,chroma_08_mean,0.0003074719820682461,chroma
NEU,chroma_08_std,0.0010150799358497197,chroma
NEU,chroma_09_mean,0.00044917833921248243,chroma
NEU,chroma_09_std,0.0008669519977462551,chroma
NEU,chroma_10_mean,0.00040977704817729224,chroma
NEU,chroma_10_std,0.0008362057065665671,chroma
NEU,chroma_11_mean,0.0004968160253532091,chroma
NEU,chroma_11_std,0.00048595322929228754,chroma
NEU,prosody_f0_mean,0.004409339262822048,prosody
NEU,prosody_f0_std,0.0013938105792176104,prosody
NEU,prosody_f0_min,0.0016155082044562001,prosody
NEU,prosody_f0_max,0.0025509368916159024,prosody
NEU,prosody_f0_median,0.0027203393543936373,prosody
NEU,prosody_f0_iqr,0.0016248401105347747,prosody
NEU,prosody_f0_skew,0.0006263466734735296,prosody
NEU,prosody_f0_kurt,0.00048085406321997544,prosody
NEU,prosody_voiced_fraction,0.0008194097737753618,prosody
NEU,prosody_f0_slope_abs_mean,0.001073695167424365,prosody
NEU,prosody_n_voiced_segments,0.0006456251940660129,prosody
NEU,prosody_voiced_rate_per_s,0.001282741422701301,prosody
NEU,prosody_mean_voiced_seg_s,0.0006925248138728695,prosody
NEU,prosody_pause_fraction,0.0013771256393746675,prosody
NEU,prosody_jitter_local,0.00040580361264238153,prosody
NEU,prosody_jitter_rap,0.0002881321115452154,prosody
NEU,prosody_jitter_ppq5,0.0002841775003284211,prosody
NEU,prosody_jitter_ddp,0.00028452443067872817,prosody
NEU,prosody_shimmer_local,0.0001658923820981869,prosody
NEU,prosody_shimmer_localdb,0.00016315280617069965,prosody
NEU,prosody_shimmer_apq3,0.0002663772144461323,prosody
NEU,prosody_shimmer_apq5,0.0002888429976494642,prosody
NEU,prosody_shimmer_apq11,0.0002550810458659547,prosody
NEU,prosody_shimmer_dda,0.00019549200261868204,prosody
NEU,prosody_hnr_mean,0.0014358275708867647,prosody
NEU,prosody_hnr_std,0.00023185875382311375,prosody
NEU,prosody_hnr_min,0.0005951697611629096,prosody
NEU,prosody_hnr_max,0.000289926909495347,prosody
NEU,prosody_hnr_median,0.0018047386824811267,prosody
NEU,prosody_f1_mean,0.00045387861095052607,prosody
NEU,prosody_f1_std,0.0003024776294001364,prosody
NEU,prosody_f1_median,0.0003386542543845466,prosody
NEU,prosody_f1_bw_median,0.0015481103541513887,prosody
NEU,prosody_f2_mean,0.0002514870135916202,prosody
NEU,prosody_f2_std,0.0002611787022142417,prosody
NEU,prosody_f2_median,0.00018276973017381,prosody
NEU,prosody_f2_bw_median,0.0007122825400650478,prosody
NEU,prosody_f3_mean,0.00021296860524688428,prosody
NEU,prosody_f3_std,0.0004139314746980083,prosody
NEU,prosody_f3_median,0.0002163221675622294,prosody
NEU,prosody_f3_bw_median,0.0007603894432180127,prosody
NEU,prosody_f4_mean,0.00023793767647515668,prosody
NEU,prosody_f4_std,0.0002979510684353582,prosody
NEU,prosody_f4_median,0.0002468300222432353,prosody
NEU,prosody_f5_mean,0.00035790565398833706,prosody
NEU,prosody_f5_std,0.0004303765354266019,prosody
NEU,prosody_f5_median,0.00029005848852663683,prosody
NEU,prosody_intensity_mean,0.0050221467455585905,prosody
NEU,prosody_intensity_std,0.008844563887696711,prosody
NEU,prosody_intensity_min,0.008492725516136928,prosody
NEU,prosody_intensity_max,0.00020401231170745767,prosody
NEU,prosody_intensity_median,0.0012504950666211488,prosody
NEU,prosody_intensity_iqr,0.007146962765051936,prosody
NEU,prosody_intensity_skew,0.000547174414049885,prosody
NEU,prosody_intensity_kurt,0.0011227725847197587,prosody
NEU,prosody_cpps,0.003100391424802528,prosody
SAD,duration_s,0.0006942510961766762,other
SAD,peak_amplitude,0.00023931162151745095,other
SAD,spectral_centroid_mean,0.0018632090573821307,spectral
SAD,spectral_centroid_std,0.00020400264891101938,spectral
SAD,spectral_centroid_min,0.00022065869574153737,spectral
SAD,spectral_centroid_max,0.0001862485283615913,spectral
SAD,spectral_centroid_median,0.0025313310127818974,spectral
SAD,spectral_centroid_iqr,0.0052334963125161725,spectral
SAD,spectral_centroid_skew,0.000193599878136458,spectral
SAD,spectral_centroid_kurt,0.0001763994190134106,spectral
SAD,spectral_bandwidth_mean,0.00030983140330124206,spectral
SAD,spectral_bandwidth_std,0.000180592496462042,spectral
SAD,spectral_bandwidth_min,0.0001944151215041895,spectral
SAD,spectral_bandwidth_max,0.00017199553311309778,spectral
SAD,spectral_bandwidth_median,0.0003632407384847296,spectral
SAD,spectral_bandwidth_iqr,0.0003954131607933583,spectral
SAD,spectral_bandwidth_skew,0.00015538935120019758,spectral
SAD,spectral_bandwidth_kurt,0.000155819275717541,spectral
SAD,spectral_rolloff85_mean,0.0004417605329369236,spectral
SAD,spectral_rolloff85_std,0.00015456394407967373,spectral
SAD,spectral_rolloff85_min,9.315023336006719e-05,spectral
SAD,spectral_rolloff85_max,0.00020591531672317398,spectral
SAD,spectral_rolloff85_median,0.0013102491409636243,spectral
SAD,spectral_rolloff85_iqr,0.0019927136511062762,spectral
SAD,spectral_rolloff85_skew,0.00018321637411150758,spectral
SAD,spectral_rolloff85_kurt,0.00014832251596432136,spectral
SAD,spectral_rolloff95_mean,0.0005474131460419761,spectral
SAD,spectral_rolloff95_std,0.0001722399542361162,spectral
SAD,spectral_rolloff95_min,7.108782084899608e-05,spectral
SAD,spectral_rolloff95_max,0.0001822699630240145,spectral
SAD,spectral_rolloff95_median,0.001095595213735894,spectral
SAD,spectral_rolloff95_iqr,0.002404120053242333,spectral
SAD,spectral_rolloff95_skew,0.0001419317648150924,spectral
SAD,spectral_rolloff95_kurt,0.00013963106129280718,spectral
SAD,spectral_flatness_mean,0.00030474267314836847,spectral
SAD,spectral_flatness_std,0.00020045882856771575,spectral
SAD,spectral_flatness_min,0.000287080461699915,spectral
SAD,spectral_flatness_max,0.00039312305942379016,spectral
SAD,spectral_flatness_median,0.00032636332833950357,spectral
SAD,spectral_flatness_iqr,0.0003114649079871156,spectral
SAD,spectral_flatness_skew,0.00013732527335494633,spectral
SAD,spectral_flatness_kurt,0.00015737991305977113,spectral
SAD,spectral_zcr_mean,0.0006618958374725094,spectral
SAD,spectral_zcr_std,0.00021064122502205447,spectral
SAD,spectral_zcr_min,8.246732777314883e-05,spectral
SAD,spectral_zcr_max,0.00016018316132553013,spectral
SAD,spectral_zcr_median,0.0029862425607980903,spectral
SAD,spectral_zcr_iqr,0.0017482112264585693,spectral
SAD,spectral_zcr_skew,0.00015195302241896618,spectral
SAD,spectral_zcr_kurt,0.00013660284457119208,spectral
SAD,spectral_rms_mean,0.00616202129754078,spectral
SAD,spectral_rms_std,0.00021890448597498437,spectral
SAD,spectral_rms_min,0.0007872515657761283,spectral
SAD,spectral_rms_max,0.00014199313959888563,spectral
SAD,spectral_rms_median,0.0032816938889910483,spectral
SAD,spectral_rms_iqr,0.0002890361402192534,spectral
SAD,spectral_rms_skew,0.0001622704610221708,spectral
SAD,spectral_rms_kurt,0.0001527068038324646,spectral
SAD,spectral_flux_mean,0.003137372464353642,spectral
SAD,spectral_flux_std,0.0008186806572925598,spectral
SAD,spectral_flux_min,0.004657300771806603,spectral
SAD,spectral_flux_max,0.0002248372212786821,spectral
SAD,spectral_flux_median,0.004708531862534777,spectral
SAD,spectral_flux_iqr,0.0012479849948098195,spectral
SAD,spectral_flux_skew,0.00015706137738186543,spectral
SAD,spectral_flux_kurt,0.00015420569013862786,spectral
SAD,spectral_entropy_mean,0.0012881751532577061,spectral
SAD,spectral_entropy_std,0.0007626227700825101,spectral
SAD,spectral_entropy_min,0.0002798011692733746,spectral
SAD,spectral_entropy_max,0.00031037979098823694,spectral
SAD,spectral_entropy_median,0.0013252197911202191,spectral
SAD,spectral_entropy_iqr,0.0008194628991438992,spectral
SAD,spectral_entropy_skew,0.00023725415307285526,spectral
SAD,spectral_entropy_kurt,0.00020563694547324793,spectral
SAD,spectral_slope_mean,0.0035979944487336355,spectral
SAD,spectral_slope_std,0.00026924785477760684,spectral
SAD,spectral_slope_min,0.0002563763662528012,spectral
SAD,spectral_slope_max,0.0001872495082742012,spectral
SAD,spectral_slope_median,0.0022337904186458743,spectral
SAD,spectral_slope_iqr,0.0007355430846739922,spectral
SAD,spectral_slope_skew,0.00019290753045754397,spectral
SAD,spectral_slope_kurt,0.00026386641737620735,spectral
SAD,spectral_band_0_500_mean,0.00513795287516104,spectral
SAD,spectral_band_0_500_std,0.005075825347305244,spectral
SAD,spectral_band_500_1000_mean,0.002476078472150545,spectral
SAD,spectral_band_500_1000_std,0.0018557271895824512,spectral
SAD,spectral_band_1000_2000_mean,0.0012755179503393507,spectral
SAD,spectral_band_1000_2000_std,0.001174942508925846,spectral
SAD,spectral_band_2000_3000_mean,0.0030752932165971623,spectral
SAD,spectral_band_2000_3000_std,0.0018212835369801638,spectral
SAD,spectral_band_3000_4000_mean,0.0004627208672839016,spectral
SAD,spectral_band_3000_4000_std,0.00024164169592448743,spectral
SAD,spectral_band_4000_5000_mean,0.00015792855461074445,spectral
SAD,spectral_band_4000_5000_std,0.0001800543168552904,spectral
SAD,spectral_band_5000_6000_mean,0.00015695409816102155,spectral
SAD,spectral_band_5000_6000_std,0.00013817706634393457,spectral
SAD,spectral_band_6000_8000_mean,0.0001906955892884267,spectral
SAD,spectral_band_6000_8000_std,0.0001911706688992817,spectral
SAD,spectral_hf_ratio_4000_mean,0.00012923065765337472,spectral
SAD,spectral_hf_ratio_4000_std,0.00013141288647795546,spectral
SAD,spectral_hf_ratio_6000_mean,0.000216443192949757,spectral
SAD,spectral_hf_ratio_6000_std,0.00018123646514419767,spectral
SAD,spectral_contrast_0_mean,0.00020648872590562059,spectral
SAD,spectral_contrast_0_std,0.00016270033671293935,spectral
SAD,spectral_contrast_1_mean,0.0004313010831619878,spectral
SAD,spectral_contrast_1_std,0.0004989211748386863,spectral
SAD,spectral_contrast_2_mean,0.0002345943586478944,spectral
SAD,spectral_contrast_2_std,0.0004166347010752955,spectral
SAD,spectral_contrast_3_mean,0.00015497821044729228,spectral
SAD,spectral_contrast_3_std,0.00016821634238792455,spectral
SAD,spectral_contrast_4_mean,0.00023265524970254026,spectral
SAD,spectral_contrast_4_std,0.00028885028766038504,spectral
SAD,spectral_contrast_5_mean,0.0009400077739232974,spectral
SAD,spectral_contrast_5_std,0.0004961776477472323,spectral
SAD,spectral_contrast_6_mean,0.0003501328670451863,spectral
SAD,spectral_contrast_6_std,0.0001489961351596053,spectral
SAD,mfcc_00_mean,0.0032068266302158303,mfcc
SAD,mfcc_00_std,0.007549079617559393,mfcc
SAD,mfcc_00_min,0.001581025724838559,mfcc
SAD,mfcc_00_max,0.0002594586052731244,mfcc
SAD,mfcc_00_median,0.0014572172807954169,mfcc
SAD,mfcc_00_iqr,0.008949505234245354,mfcc
SAD,mfcc_00_skew,0.0002721879481368422,mfcc
SAD,mfcc_00_kurt,0.0008511622798198119,mfcc
SAD,mfcc_01_mean,0.0002559577412905514,mfcc
SAD,mfcc_01_std,0.00018818569352807118,mfcc
SAD,mfcc_01_min,0.00016744269083634092,mfcc
SAD,mfcc_01_max,0.00020531306460756912,mfcc
SAD,mfcc_01_median,0.00034388765792639476,mfcc
SAD,mfcc_01_iqr,0.0002490819373866747,mfcc
SAD,mfcc_01_skew,0.00014343456514108425,mfcc
SAD,mfcc_01_kurt,0.0001745813904685105,mfcc
SAD,mfcc_02_mean,0.0011979736141993114,mfcc
SAD,mfcc_02_std,0.004998669726136427,mfcc
SAD,mfcc_02_min,0.001602207275156715,mfcc
SAD,mfcc_02_max,0.00017645852039836597,mfcc
SAD,mfcc_02_median,0.00042362279330071474,mfcc
SAD,mfcc_02_iqr,0.003435737002731558,mfcc
SAD,mfcc_02_skew,0.00020189404814275946,mfcc
SAD,mfcc_02_kurt,0.00029105593687911376,mfcc
SAD,mfcc_03_mean,0.0002633398309461729,mfcc
SAD,mfcc_03_std,0.0012551976006191178,mfcc
SAD,mfcc_03_min,0.00048567171074088874,mfcc
SAD,mfcc_03_max,0.0006807929765729468,mfcc
SAD,mfcc_03_median,0.0001752540413370061,mfcc
SAD,mfcc_03_iqr,0.0005944015213982985,mfcc
SAD,mfcc_03_skew,0.00020832628226160203,mfcc
SAD,mfcc_03_kurt,0.0001791995987928525,mfcc
SAD,mfcc_04_mean,0.00047816587945458296,mfcc
SAD,mfcc_04_std,0.0002915434106857462,mfcc
SAD,mfcc_04_min,0.00033927774761921396,mfcc
SAD,mfcc_04_max,0.00020763603128176773,mfcc
SAD,mfcc_04_median,0.0002957321692669236,mfcc
SAD,mfcc_04_iqr,0.000518486283107891,mfcc
SAD,mfcc_04_skew,0.00016617342757032733,mfcc
SAD,mfcc_04_kurt,0.00017698416138666668,mfcc
SAD,mfcc_05_mean,0.0007782650161968253,mfcc
SAD,mfcc_05_std,0.0006463497267248494,mfcc
SAD,mfcc_05_min,0.0010274677775758499,mfcc
SAD,mfcc_05_max,0.00021028035342089723,mfcc
SAD,mfcc_05_median,0.000513106064517763,mfcc
SAD,mfcc_05_iqr,0.0007289705253501057,mfcc
SAD,mfcc_05_skew,0.00023325347123366485,mfcc
SAD,mfcc_05_kurt,0.00021409101216752282,mfcc
SAD,mfcc_06_mean,0.00017000966839789301,mfcc
SAD,mfcc_06_std,0.0005858125143279231,mfcc
SAD,mfcc_06_min,0.00018153021337406782,mfcc
SAD,mfcc_06_max,0.00027895752996262975,mfcc
SAD,mfcc_06_median,0.00018773828963138597,mfcc
SAD,mfcc_06_iqr,0.00026551094783350477,mfcc
SAD,mfcc_06_skew,0.0001629563123682179,mfcc
SAD,mfcc_06_kurt,0.0001659558676654211,mfcc
SAD,mfcc_07_mean,0.000531424886991104,mfcc
SAD,mfcc_07_std,0.0005416214180845116,mfcc
SAD,mfcc_07_min,0.0003832625011410483,mfcc
SAD,mfcc_07_max,0.00022457348555299123,mfcc
SAD,mfcc_07_median,0.00027151003339908627,mfcc
SAD,mfcc_07_iqr,0.0004726429874063766,mfcc
SAD,mfcc_07_skew,0.0001715171673205318,mfcc
SAD,mfcc_07_kurt,0.00014618123050643848,mfcc
SAD,mfcc_08_mean,0.0005212925489225709,mfcc
SAD,mfcc_08_std,0.00041649866065090335,mfcc
SAD,mfcc_08_min,0.00023595329201438526,mfcc
SAD,mfcc_08_max,0.0005667074748159114,mfcc
SAD,mfcc_08_median,0.0003372489399795095,mfcc
SAD,mfcc_08_iqr,0.000234224080874021,mfcc
SAD,mfcc_08_skew,0.00032050429904194685,mfcc
SAD,mfcc_08_kurt,0.00017736169297811728,mfcc
SAD,mfcc_09_mean,0.00023039921023719435,mfcc
SAD,mfcc_09_std,0.00027304891069829766,mfcc
SAD,mfcc_09_min,0.0001578261362491071,mfcc
SAD,mfcc_09_max,0.00030477694329680876,mfcc
SAD,mfcc_09_median,0.00022595646699059705,mfcc
SAD,mfcc_09_iqr,0.000309823485635572,mfcc
SAD,mfcc_09_skew,0.00021044377398307158,mfcc
SAD,mfcc_09_kurt,0.00012044074911319829,mfcc
SAD,mfcc_10_mean,0.0008886539821680269,mfcc
SAD,mfcc_10_std,0.0002986580044558247,mfcc
SAD,mfcc_10_min,0.0008180236707931118,mfcc
SAD,mfcc_10_max,0.00024684403267579536,mfcc
SAD,mfcc_10_median,0.0011117266727691,mfcc
SAD,mfcc_10_iqr,0.0002186895131506858,mfcc
SAD,mfcc_10_skew,0.0005827125044162797,mfcc
SAD,mfcc_10_kurt,0.00015223903230427436,mfcc
SAD,mfcc_11_mean,0.00021569153810756491,mfcc
SAD,mfcc_11_std,0.00033651324607790386,mfcc
SAD,mfcc_11_min,0.00019348277773925793,mfcc
SAD,mfcc_11_max,0.00025917498969973084,mfcc
SAD,mfcc_11_median,0.0002134288353910078,mfcc
SAD,mfcc_11_iqr,0.0004468496614002888,mfcc
SAD,mfcc_11_skew,0.00020272553132120048,mfcc
SAD,mfcc_11_kurt,0.0001623676198622228,mfcc
SAD,mfcc_12_mean,0.0002544312047332734,mfcc
SAD,mfcc_12_std,0.00015345554548024728,mfcc
SAD,mfcc_12_min,0.00023507893519090657,mfcc
SAD,mfcc_12_max,0.000260358006304095,mfcc
SAD,mfcc_12_median,0.00026301573252807543,mfcc
SAD,mfcc_12_iqr,0.00017324978762136238,mfcc
SAD,mfcc_12_skew,0.0003077802881728288,mfcc
SAD,mfcc_12_kurt,0.00017210758597387918,mfcc
SAD,mfcc_13_mean,0.00019922701821815058,mfcc
SAD,mfcc_13_std,0.0002701176325157854,mfcc
SAD,mfcc_13_min,0.0001954954184131165,mfcc
SAD,mfcc_13_max,0.00019100469408006042,mfcc
SAD,mfcc_13_median,0.00023893506701655863,mfcc
SAD,mfcc_13_iqr,0.00019117406831377408,mfcc
SAD,mfcc_13_skew,0.00021118960441549492,mfcc
SAD,mfcc_13_kurt,0.00014506114683528494,mfcc
SAD,mfcc_14_mean,0.00018006482038028586,mfcc
SAD,mfcc_14_std,0.0004230115738198478,mfcc
SAD,mfcc_14_min,0.0002456257498681574,mfcc
SAD,mfcc_14_max,0.00020547329887886053,mfcc
SAD,mfcc_14_median,0.00016675092046528119,mfcc
SAD,mfcc_14_iqr,0.0002376225539894551,mfcc
SAD,mfcc_14_skew,0.00021779000647540795,mfcc
SAD,mfcc_14_kurt,0.00017724004434938075,mfcc
SAD,mfcc_15_mean,0.0002507724649732459,mfcc
SAD,mfcc_15_std,0.0005145951991128028,mfcc
SAD,mfcc_15_min,0.00018281409180396466,mfcc
SAD,mfcc_15_max,0.0002767108295226631,mfcc
SAD,mfcc_15_median,0.00025389505647545,mfcc
SAD,mfcc_15_iqr,0.00016928430621648247,mfcc
SAD,mfcc_15_skew,0.0002707670374077312,mfcc
SAD,mfcc_15_kurt,0.00019592769280229409,mfcc
SAD,mfcc_16_mean,0.00018332106678247141,mfcc
SAD,mfcc_16_std,0.0004917281485094581,mfcc
SAD,mfcc_16_min,0.00018733240124412298,mfcc
SAD,mfcc_16_max,0.0002584949073750067,mfcc
SAD,mfcc_16_median,0.0001770566192513981,mfcc
SAD,mfcc_16_iqr,0.00020208522413208056,mfcc
SAD,mfcc_16_skew,0.0001576602002607589,mfcc
SAD,mfcc_16_kurt,0.00025953723813021065,mfcc
SAD,mfcc_17_mean,0.00026468434342951194,mfcc
SAD,mfcc_17_std,0.0006202791278859614,mfcc
SAD,mfcc_17_min,0.00020747739511987908,mfcc
SAD,mfcc_17_max,0.00017406066528868677,mfcc
SAD,mfcc_17_median,0.00021548016020814793,mfcc
SAD,mfcc_17_iqr,0.0001765604886904094,mfcc
SAD,mfcc_17_skew,0.00016293186673442675,mfcc
SAD,mfcc_17_kurt,0.0002036850686067109,mfcc
SAD,mfcc_18_mean,0.0004124421694989498,mfcc
SAD,mfcc_18_std,0.0006280291614626563,mfcc
SAD,mfcc_18_min,0.0002139716730888586,mfcc
SAD,mfcc_18_max,0.0003743277208375266,mfcc
SAD,mfcc_18_median,0.0004030649531435904,mfcc
SAD,mfcc_18_iqr,0.00020330272312350873,mfcc
SAD,mfcc_18_skew,0.00014820276517420801,mfcc
SAD,mfcc_18_kurt,0.0002356086375717081,mfcc
SAD,mfcc_19_mean,0.0003365969052368249,mfcc
SAD,mfcc_19_std,0.0004504443505927767,mfcc
SAD,mfcc_19_min,0.00019498656649128833,mfcc
SAD,mfcc_19_max,0.0002786027276911059,mfcc
SAD,mfcc_19_median,0.0002520819378166798,mfcc
SAD,mfcc_19_iqr,0.000171494547687861,mfcc
SAD,mfcc_19_skew,0.0002471025838755178,mfcc
SAD,mfcc_19_kurt,0.00019235916281435636,mfcc
SAD,mfcc_d1_00_mean,0.0001887177556844284,mfcc
SAD,mfcc_d1_00_std,0.00804916300922964,mfcc
SAD,mfcc_d2_00_mean,0.0002126137733068999,mfcc
SAD,mfcc_d2_00_std,0.005789143078128807,mfcc
SAD,mfcc_d1_01_mean,0.00020040477584459476,mfcc
SAD,mfcc_d1_01_std,0.0001919766206316647,mfcc
SAD,mfcc_d2_01_mean,0.0001552743708103782,mfcc
SAD,mfcc_d2_01_std,0.0004900645060703931,mfcc
SAD,mfcc_d1_02_mean,0.00021321010041166802,mfcc
SAD,mfcc_d1_02_std,0.0032116206550007824,mfcc
SAD,mfcc_d2_02_mean,0.00019738188016123385,mfcc
SAD,mfcc_d2_02_std,0.0026393603170639475,mfcc
SAD,mfcc_d1_03_mean,0.00017459407911667887,mfcc
SAD,mfcc_d1_03_std,0.0017169385677988877,mfcc
SAD,mfcc_d2_03_mean,0.00022421887837847885,mfcc
SAD,mfcc_d2_03_std,0.0010975607617490241,mfcc
SAD,mfcc_d1_04_mean,0.00016102171477812586,mfcc
SAD,mfcc_d1_04_std,0.0015234440240773674,mfcc
SAD,mfcc_d2_04_mean,0.00016274001307455376,mfcc
SAD,mfcc_d2_04_std,0.0010830822107251266,mfcc
SAD,mfcc_d1_05_mean,0.00015540465242534676,mfcc
SAD,mfcc_d1_05_std,0.0008635090329032889,mfcc
SAD,mfcc_d2_05_mean,0.00017112229795772653,mfcc
SAD,mfcc_d2_05_std,0.00045880642160279697,mfcc
SAD,mfcc_d1_06_mean,0.00018475859357031856,mfcc
SAD,mfcc_d1_06_std,0.0006162878587095885,mfcc
SAD,mfcc_d2_06_mean,0.00013670508527508068,mfcc
SAD,mfcc_d2_06_std,0.0007602744279964182,mfcc
SAD,mfcc_d1_07_mean,0.0001928670723596302,mfcc
SAD,mfcc_d1_07_std,0.0003565004601152731,mfcc
SAD,mfcc_d2_07_mean,0.00020983724826231543,mfcc
SAD,mfcc_d2_07_std,0.0003014590585686531,mfcc
SAD,mfcc_d1_08_mean,0.00014622702008894594,mfcc
SAD,mfcc_d1_08_std,0.0004994091992138131,mfcc
SAD,mfcc_d2_08_mean,0.00017072882554208362,mfcc
SAD,mfcc_d2_08_std,0.0007760571665254179,mfcc
SAD,mfcc_d1_09_mean,0.00016410047497734183,mfcc
SAD,mfcc_d1_09_std,0.00044228666537744505,mfcc
SAD,mfcc_d2_09_mean,0.0001744243809146071,mfcc
SAD,mfcc_d2_09_std,0.000545296147650387,mfcc
SAD,mfcc_d1_10_mean,0.00046519484137570434,mfcc
SAD,mfcc_d1_10_std,0.0003187787074118294,mfcc
SAD,mfcc_d2_10_mean,0.00017221393391677272,mfcc
SAD,mfcc_d2_10_std,0.0005708126918819341,mfcc
SAD,mfcc_d1_11_mean,0.00017101388007620543,mfcc
SAD,mfcc_d1_11_std,0.0003921109838097235,mfcc
SAD,mfcc_d2_11_mean,0.00014802391627232852,mfcc
SAD,mfcc_d2_11_std,0.0003403425464859316,mfcc
SAD,mfcc_d1_12_mean,0.0001764968633976562,mfcc
SAD,mfcc_d1_12_std,0.00020173298321546015,mfcc
SAD,mfcc_d2_12_mean,0.000156503683804372,mfcc
SAD,mfcc_d2_12_std,0.00014371794704473752,mfcc
SAD,mfcc_d1_13_mean,0.00017032605184950548,mfcc
SAD,mfcc_d1_13_std,0.0001919312745383529,mfcc
SAD,mfcc_d2_13_mean,0.00012591922300800743,mfcc
SAD,mfcc_d2_13_std,0.0001470035932646039,mfcc
SAD,mfcc_d1_14_mean,0.00014342012557342975,mfcc
SAD,mfcc_d1_14_std,0.00035052278508378046,mfcc
SAD,mfcc_d2_14_mean,0.00014175618130540959,mfcc
SAD,mfcc_d2_14_std,0.0002184885936643188,mfcc
SAD,mfcc_d1_15_mean,0.00014439369250087184,mfcc
SAD,mfcc_d1_15_std,0.00021046022950833545,mfcc
SAD,mfcc_d2_15_mean,0.00016655538981376813,mfcc
SAD,mfcc_d2_15_std,0.00017584788153337608,mfcc
SAD,mfcc_d1_16_mean,0.00015077562098545592,mfcc
SAD,mfcc_d1_16_std,0.00022662063458629806,mfcc
SAD,mfcc_d2_16_mean,0.00016359671221007803,mfcc
SAD,mfcc_d2_16_std,0.00021816085995748005,mfcc
SAD,mfcc_d1_17_mean,0.00017407957662124465,mfcc
SAD,mfcc_d1_17_std,0.00027097669959807297,mfcc
SAD,mfcc_d2_17_mean,0.0001434659976551885,mfcc
SAD,mfcc_d2_17_std,0.00015281324495951078,mfcc
SAD,mfcc_d1_18_mean,0.00013609933745318143,mfcc
SAD,mfcc_d1_18_std,0.0002139745801965897,mfcc
SAD,mfcc_d2_18_mean,0.00015946621406119223,mfcc
SAD,mfcc_d2_18_std,0.00013237691648164383,mfcc
SAD,mfcc_d1_19_mean,0.00015600959523556147,mfcc
SAD,mfcc_d1_19_std,0.00035596815135410944,mfcc
SAD,mfcc_d2_19_mean,0.00018281120794966544,mfcc
SAD,mfcc_d2_19_std,0.00027519648932896516,mfcc
SAD,chroma_00_mean,0.0002295712628090448,chroma
SAD,chroma_00_std,0.00048223148184679495,chroma
SAD,chroma_01_mean,0.00015549504509599688,chroma
SAD,chroma_01_std,0.00021985925653312513,chroma
SAD,chroma_02_mean,0.00026620355426907954,chroma
SAD,chroma_02_std,0.00027452588741632626,chroma
SAD,chroma_03_mean,0.00022621923976869388,chroma
SAD,chroma_03_std,0.0002506644435727841,chroma
SAD,chroma_04_mean,0.00019779758132476173,chroma
SAD,chroma_04_std,0.00027719317794184167,chroma
SAD,chroma_05_mean,0.00017168637868213447,chroma
SAD,chroma_05_std,0.00026319430530651544,chroma
SAD,chroma_06_mean,0.0001665657562618049,chroma
SAD,chroma_06_std,0.00023871724687133842,chroma
SAD,chroma_07_mean,0.00024034201721825836,chroma
SAD,chroma_07_std,0.00033488599303644235,chroma
SAD,chroma_08_mean,0.00045260295706343407,chroma
SAD,chroma_08_std,0.002197681197788976,chroma
SAD,chroma_09_mean,0.00048315736028646094,chroma
SAD,chroma_09_std,0.0009624662198612692,chroma
SAD,chroma_10_mean,0.00040416296794996043,chroma
SAD,chroma_10_std,0.0008426330262048435,chroma
SAD,chroma_11_mean,0.00021962192931906002,chroma
SAD,chroma_11_std,0.000469411613080238,chroma
SAD,prosody_f0_mean,0.001805188013108101,prosody
SAD,prosody_f0_std,0.00048184817898240686,prosody
SAD,prosody_f0_min,0.0009555974208031136,prosody
SAD,prosody_f0_max,0.0011367264539910678,prosody
SAD,prosody_f0_median,0.0008589345754139731,prosody
SAD,prosody_f0_iqr,0.00041444615242802616,prosody
SAD,prosody_f0_skew,0.00043618856929747484,prosody
SAD,prosody_f0_kurt,0.0001691051328479924,prosody
SAD,prosody_voiced_fraction,0.00035527449275801954,prosody
SAD,prosody_f0_slope_abs_mean,0.0003273323437555691,prosody
SAD,prosody_n_voiced_segments,0.0005183419229425235,prosody
SAD,prosody_voiced_rate_per_s,0.0009002593145847513,prosody
SAD,prosody_mean_voiced_seg_s,0.0002457613713569944,prosody
SAD,prosody_pause_fraction,0.0005167143503367432,prosody
SAD,prosody_jitter_local,0.00025646834131908577,prosody
SAD,prosody_jitter_rap,0.00026454642558916655,prosody
SAD,prosody_jitter_ppq5,0.0002995668230742857,prosody
SAD,prosody_jitter_ddp,0.00017243733316480356,prosody
SAD,prosody_shimmer_local,0.00016457575628696182,prosody
SAD,prosody_shimmer_localdb,0.0001469723450637323,prosody
SAD,prosody_shimmer_apq3,0.00021024621373683198,prosody
SAD,prosody_shimmer_apq5,0.00018316186237834803,prosody
SAD,prosody_shimmer_apq11,0.00020716266860482184,prosody
SAD,prosody_shimmer_dda,0.0002180593403516604,prosody
SAD,prosody_hnr_mean,0.0009925506405047406,prosody
SAD,prosody_hnr_std,0.00013859926611293997,prosody
SAD,prosody_hnr_min,0.0009118439119187221,prosody
SAD,prosody_hnr_max,0.00016260891042818741,prosody
SAD,prosody_hnr_median,0.0010034742201061827,prosody
SAD,prosody_f1_mean,0.0001905686364710457,prosody
SAD,prosody_f1_std,0.0001626014357462715,prosody
SAD,prosody_f1_median,0.0004889316032357777,prosody
SAD,prosody_f1_bw_median,0.0006315274061519191,prosody
SAD,prosody_f2_mean,0.0001532416241002007,prosody
SAD,prosody_f2_std,0.00025147135480235765,prosody
SAD,prosody_f2_median,0.00018137018890860884,prosody
SAD,prosody_f2_bw_median,0.001475683249464036,prosody
SAD,prosody_f3_mean,0.00017015495781902206,prosody
SAD,prosody_f3_std,0.0005280657875337802,prosody
SAD,prosody_f3_median,0.0001935410562958988,prosody
SAD,prosody_f3_bw_median,0.0018976439390313723,prosody
SAD,prosody_f4_mean,0.0003207126620897904,prosody
SAD,prosody_f4_std,0.0002012954823544543,prosody
SAD,prosody_f4_median,0.00022646102803791895,prosody
SAD,prosody_f5_mean,0.0004433855415114124,prosody
SAD,prosody_f5_std,0.0002642797616479726,prosody
SAD,prosody_f5_median,0.000269186635602263,prosody
SAD,prosody_intensity_mean,0.005807633870600835,prosody
SAD,prosody_intensity_std,0.006787751974272839,prosody
SAD,prosody_intensity_min,0.007310490078705501,prosody
SAD,prosody_intensity_max,0.00018634501202555856,prosody
SAD,prosody_intensity_median,0.0023143209150442304,prosody
SAD,prosody_intensity_iqr,0.005554634834374995,prosody
SAD,prosody_intensity_skew,0.00025592299852827217,prosody
SAD,prosody_intensity_kurt,0.0010469784140032573,prosody
SAD,prosody_cpps,0.0007120840613631735,prosody
