emotion,feature,importance,family
ANG,duration_s,0.1096254363656044,other
ANG,peak_amplitude,0.029998989775776863,other
ANG,spectral_centroid_mean,0.03074842505156994,spectral
ANG,spectral_centroid_std,0.030930865556001663,spectral
ANG,spectral_centroid_min,0.03255777060985565,spectral
ANG,spectral_centroid_max,0.06021249294281006,spectral
ANG,spectral_centroid_median,0.02851106971502304,spectral
ANG,spectral_centroid_iqr,0.0733310803771019,spectral
ANG,spectral_centroid_skew,0.03887857496738434,spectral
ANG,spectral_centroid_kurt,0.017170142382383347,spectral
ANG,spectral_bandwidth_mean,0.02441084384918213,spectral
ANG,spectral_bandwidth_std,0.016662832349538803,spectral
ANG,spectral_bandwidth_min,0.04252209514379501,spectral
ANG,spectral_bandwidth_max,0.03391509875655174,spectral
ANG,spectral_bandwidth_median,0.060478463768959045,spectral
ANG,spectral_bandwidth_iqr,0.020277243107557297,spectral
ANG,spectral_bandwidth_skew,0.02335476502776146,spectral
ANG,spectral_bandwidth_kurt,0.01627587527036667,spectral
ANG,spectral_rolloff85_mean,0.015014090575277805,spectral
ANG,spectral_rolloff85_std,0.018115922808647156,spectral
ANG,spectral_rolloff85_min,0.02545766532421112,spectral
ANG,spectral_rolloff85_max,0.02779562957584858,spectral
ANG,spectral_rolloff85_median,0.03783576935529709,spectral
ANG,spectral_rolloff85_iqr,0.028046127408742905,spectral
ANG,spectral_rolloff85_skew,0.017414173111319542,spectral
ANG,spectral_rolloff85_kurt,0.020981350913643837,spectral
ANG,spectral_rolloff95_mean,0.0308681707829237,spectral
ANG,spectral_rolloff95_std,0.03393346071243286,spectral
ANG,spectral_rolloff95_min,0.08161767572164536,spectral
ANG,spectral_rolloff95_max,0.0155450738966465,spectral
ANG,spectral_rolloff95_median,0.01681257039308548,spectral
ANG,spectral_rolloff95_iqr,0.030605414882302284,spectral
ANG,spectral_rolloff95_skew,0.030726302415132523,spectral
ANG,spectral_rolloff95_kurt,0.03559192270040512,spectral
ANG,spectral_flatness_mean,0.023293429985642433,spectral
ANG,spectral_flatness_std,0.04086010530591011,spectral
ANG,spectral_flatness_min,0.06806579232215881,spectral
ANG,spectral_flatness_max,0.025016624480485916,spectral
ANG,spectral_flatness_median,0.03378664329648018,spectral
ANG,spectral_flatness_iqr,0.11203598231077194,spectral
ANG,spectral_flatness_skew,0.021442534402012825,spectral
ANG,spectral_flatness_kurt,0.07716605812311172,spectral
ANG,spectral_zcr_mean,0.015337514691054821,spectral
ANG,spectral_zcr_std,0.016959242522716522,spectral
ANG,spectral_zcr_min,0.026357591152191162,spectral
ANG,spectral_zcr_max,0.01897243596613407,spectral
ANG,spectral_zcr_median,0.07601051777601242,spectral
ANG,spectral_zcr_iqr,0.07056372612714767,spectral
ANG,spectral_zcr_skew,0.03213871642947197,spectral
ANG,spectral_zcr_kurt,0.03469948098063469,spectral
ANG,spectral_rms_mean,0.03421754390001297,spectral
ANG,spectral_rms_std,0.07354436814785004,spectral
ANG,spectral_rms_min,0.019986918196082115,spectral
ANG,spectral_rms_max,0.049246031790971756,spectral
ANG,spectral_rms_median,0.0474466048181057,spectral
ANG,spectral_rms_iqr,0.061867352575063705,spectral
ANG,spectral_rms_skew,0.01952238380908966,spectral
ANG,spectral_rms_kurt,0.0275743268430233,spectral
ANG,spectral_flux_mean,0.024636613205075264,spectral
ANG,spectral_flux_std,0.07834243774414062,spectral
ANG,spectral_flux_min,0.053115539252758026,spectral
ANG,spectral_flux_max,0.07375619560480118,spectral
ANG,spectral_flux_median,0.06064314395189285,spectral
ANG,spectral_flux_iqr,0.05299181118607521,spectral
ANG,spectral_flux_skew,0.023359324783086777,spectral
ANG,spectral_flux_kurt,0.02224370464682579,spectral
ANG,spectral_entropy_mean,0.08238689601421356,spectral
ANG,spectral_entropy_std,0.024697309359908104,spectral
ANG,spectral_entropy_min,0.05551769211888313,spectral
ANG,spectral_entropy_max,0.027841530740261078,spectral
ANG,spectral_entropy_median,0.020148536190390587,spectral
ANG,spectral_entropy_iqr,0.02837900072336197,spectral
ANG,spectral_entropy_skew,0.03815031424164772,spectral
ANG,spectral_entropy_kurt,0.06107267364859581,spectral
ANG,spectral_slope_mean,0.024147585034370422,spectral
ANG,spectral_slope_std,0.041073400527238846,spectral
ANG,spectral_slope_min,0.04358327388763428,spectral
ANG,spectral_slope_max,0.03944837301969528,spectral
ANG,spectral_slope_median,0.02953338623046875,spectral
ANG,spectral_slope_iqr,0.04434169456362724,spectral
ANG,spectral_slope_skew,0.019413335248827934,spectral
ANG,spectral_slope_kurt,0.032678309828042984,spectral
ANG,spectral_band_0_500_mean,0.064748115837574,spectral
ANG,spectral_band_0_500_std,0.02977968566119671,spectral
ANG,spectral_band_500_1000_mean,0.08570213615894318,spectral
ANG,spectral_band_500_1000_std,0.054395873099565506,spectral
ANG,spectral_band_1000_2000_mean,0.0710354596376419,spectral
ANG,spectral_band_1000_2000_std,0.09762494266033173,spectral
ANG,spectral_band_2000_3000_mean,0.012766127474606037,spectral
ANG,spectral_band_2000_3000_std,0.04774361476302147,spectral
ANG,spectral_band_3000_4000_mean,0.05509578809142113,spectral
ANG,spectral_band_3000_4000_std,0.036412667483091354,spectral
ANG,spectral_band_4000_5000_mean,0.024467460811138153,spectral
ANG,spectral_band_4000_5000_std,0.04350325092673302,spectral
ANG,spectral_band_5000_6000_mean,0.019377201795578003,spectral
ANG,spectral_band_5000_6000_std,0.02265782281756401,spectral
ANG,spectral_band_6000_8000_mean,0.013174155727028847,spectral
ANG,spectral_band_6000_8000_std,0.025232266634702682,spectral
ANG,spectral_hf_ratio_4000_mean,0.010029895231127739,spectral
ANG,spectral_hf_ratio_4000_std,0.017139635980129242,spectral
ANG,spectral_hf_ratio_6000_mean,0.017329536378383636,spectral
ANG,spectral_hf_ratio_6000_std,0.016138270497322083,spectral
ANG,spectral_contrast_0_mean,0.03833505138754845,spectral
ANG,spectral_contrast_0_std,0.07855947315692902,spectral
ANG,spectral_contrast_1_mean,0.03776487708091736,spectral
ANG,spectral_contrast_1_std,0.06679552793502808,spectral
ANG,spectral_contrast_2_mean,0.06983966380357742,spectral
ANG,spectral_contrast_2_std,0.059361107647418976,spectral
ANG,spectral_contrast_3_mean,0.018044108524918556,spectral
ANG,spectral_contrast_3_std,0.10268430411815643,spectral
ANG,spectral_contrast_4_mean,0.03388581424951553,spectral
ANG,spectral_contrast_4_std,0.05097472667694092,spectral
ANG,spectral_contrast_5_mean,0.04082970693707466,spectral
ANG,spectral_contrast_5_std,0.06690764427185059,spectral
ANG,spectral_contrast_6_mean,0.06695397943258286,spectral
ANG,spectral_contrast_6_std,0.02604289911687374,spectral
ANG,mfcc_00_mean,0.05973038822412491,mfcc
ANG,mfcc_00_std,0.1493329554796219,mfcc
ANG,mfcc_00_min,0.09707655012607574,mfcc
ANG,mfcc_00_max,0.02197914384305477,mfcc
ANG,mfcc_00_median,0.0341070257127285,mfcc
ANG,mfcc_00_iqr,0.15712681412696838,mfcc
ANG,mfcc_00_skew,0.043899111449718475,mfcc
ANG,mfcc_00_kurt,0.025868898257613182,mfcc
ANG,mfcc_01_mean,0.01977258175611496,mfcc
ANG,mfcc_01_std,0.03698823228478432,mfcc
ANG,mfcc_01_min,0.06513020396232605,mfcc
ANG,mfcc_01_max,0.03029436059296131,mfcc
ANG,mfcc_01_median,0.02466074377298355,mfcc
ANG,mfcc_01_iqr,0.06001024320721626,mfcc
ANG,mfcc_01_skew,0.05763190612196922,mfcc
ANG,mfcc_01_kurt,0.04548351839184761,mfcc
ANG,mfcc_02_mean,0.05884847044944763,mfcc
ANG,mfcc_02_std,0.07791104912757874,mfcc
ANG,mfcc_02_min,0.037934087216854095,mfcc
ANG,mfcc_02_max,0.026976890861988068,mfcc
ANG,mfcc_02_median,0.12325965613126755,mfcc
ANG,mfcc_02_iqr,0.04380198195576668,mfcc
ANG,mfcc_02_skew,0.03802146762609482,mfcc
ANG,mfcc_02_kurt,0.06624966114759445,mfcc
ANG,mfcc_03_mean,0.04656815528869629,mfcc
ANG,mfcc_03_std,0.1018204465508461,mfcc
ANG,mfcc_03_min,0.03760821372270584,mfcc
ANG,mfcc_03_max,0.10828997194766998,mfcc
ANG,mfcc_03_median,0.05677208676934242,mfcc
ANG,mfcc_03_iqr,0.024146178737282753,mfcc
ANG,mfcc_03_skew,0.031558360904455185,mfcc
ANG,mfcc_03_kurt,0.04408044368028641,mfcc
ANG,mfcc_04_mean,0.12361567467451096,mfcc
ANG,mfcc_04_std,0.04600352793931961,mfcc
ANG,mfcc_04_min,0.09604308009147644,mfcc
ANG,mfcc_04_max,0.03626484051346779,mfcc
ANG,mfcc_04_median,0.13433653116226196,mfcc
ANG,mfcc_04_iqr,0.03701417148113251,mfcc
ANG,mfcc_04_skew,0.02718917466700077,mfcc
ANG,mfcc_04_kurt,0.027823394164443016,mfcc
ANG,mfcc_05_mean,0.05988328158855438,mfcc
ANG,mfcc_05_std,0.02777993120253086,mfcc
ANG,mfcc_05_min,0.027587657794356346,mfcc
ANG,mfcc_05_max,0.06790219247341156,mfcc
ANG,mfcc_05_median,0.10378662496805191,mfcc
ANG,mfcc_05_iqr,0.030475521460175514,mfcc
ANG,mfcc_05_skew,0.026155196130275726,mfcc
ANG,mfcc_05_kurt,0.042971473187208176,mfcc
ANG,mfcc_06_mean,0.040304996073246,mfcc
ANG,mfcc_06_std,0.03556481748819351,mfcc
ANG,mfcc_06_min,0.038462571799755096,mfcc
ANG,mfcc_06_max,0.061474576592445374,mfcc
ANG,mfcc_06_median,0.06673435866832733,mfcc
ANG,mfcc_06_iqr,0.024255331605672836,mfcc
ANG,mfcc_06_skew,0.0559888519346714,mfcc
ANG,mfcc_06_kurt,0.04250301420688629,mfcc
ANG,mfcc_07_mean,0.03649192675948143,mfcc
ANG,mfcc_07_std,0.04969233274459839,mfcc
ANG,mfcc_07_min,0.02698342874646187,mfcc
ANG,mfcc_07_max,0.03360683470964432,mfcc
ANG,mfcc_07_median,0.0290205217897892,mfcc
ANG,mfcc_07_iqr,0.028169842436909676,mfcc
ANG,mfcc_07_skew,0.02810440957546234,mfcc
ANG,mfcc_07_kurt,0.027372458949685097,mfcc
ANG,mfcc_08_mean,0.038157835602760315,mfcc
ANG,mfcc_08_std,0.027558527886867523,mfcc
ANG,mfcc_08_min,0.0350923128426075,mfcc
ANG,mfcc_08_max,0.03531022369861603,mfcc
ANG,mfcc_08_median,0.0732448473572731,mfcc
ANG,mfcc_08_iqr,0.04419984295964241,mfcc
ANG,mfcc_08_skew,0.03838547319173813,mfcc
ANG,mfcc_08_kurt,0.032895058393478394,mfcc
ANG,mfcc_09_mean,0.028618475422263145,mfcc
ANG,mfcc_09_std,0.029809078201651573,mfcc
ANG,mfcc_09_min,0.07084064185619354,mfcc
ANG,mfcc_09_max,0.025941062718629837,mfcc
ANG,mfcc_09_median,0.029552612453699112,mfcc
ANG,mfcc_09_iqr,0.03432277590036392,mfcc
ANG,mfcc_09_skew,0.03281177952885628,mfcc
ANG,mfcc_09_kurt,0.040969740599393845,mfcc
ANG,mfcc_10_mean,0.05549275875091553,mfcc
ANG,mfcc_10_std,0.034720808267593384,mfcc
ANG,mfcc_10_min,0.023035096004605293,mfcc
ANG,mfcc_10_max,0.023101797327399254,mfcc
ANG,mfcc_10_median,0.06633463501930237,mfcc
ANG,mfcc_10_iqr,0.04160352796316147,mfcc
ANG,mfcc_10_skew,0.028250234201550484,mfcc
ANG,mfcc_10_kurt,0.035312265157699585,mfcc
ANG,mfcc_11_mean,0.06542360037565231,mfcc
ANG,mfcc_11_std,0.047340888530015945,mfcc
ANG,mfcc_11_min,0.024402908980846405,mfcc
ANG,mfcc_11_max,0.026177017018198967,mfcc
ANG,mfcc_11_median,0.027045344933867455,mfcc
ANG,mfcc_11_iqr,0.05945875123143196,mfcc
ANG,mfcc_11_skew,0.07546745240688324,mfcc
ANG,mfcc_11_kurt,0.030336417257785797,mfcc
ANG,mfcc_12_mean,0.049208562821149826,mfcc
ANG,mfcc_12_std,0.032831016927957535,mfcc
ANG,mfcc_12_min,0.0348641537129879,mfcc
ANG,mfcc_12_max,0.030755043029785156,mfcc
ANG,mfcc_12_median,0.046411819756031036,mfcc
ANG,mfcc_12_iqr,0.02229962684214115,mfcc
ANG,mfcc_12_skew,0.021914590150117874,mfcc
ANG,mfcc_12_kurt,0.02171832136809826,mfcc
ANG,mfcc_13_mean,0.07697761803865433,mfcc
ANG,mfcc_13_std,0.06358645111322403,mfcc
ANG,mfcc_13_min,0.07502637803554535,mfcc
ANG,mfcc_13_max,0.019615720957517624,mfcc
ANG,mfcc_13_median,0.0772886648774147,mfcc
ANG,mfcc_13_iqr,0.08869617432355881,mfcc
ANG,mfcc_13_skew,0.023123202845454216,mfcc
ANG,mfcc_13_kurt,0.06358147412538528,mfcc
ANG,mfcc_14_mean,0.02077847719192505,mfcc
ANG,mfcc_14_std,0.07213126122951508,mfcc
ANG,mfcc_14_min,0.04436212778091431,mfcc
ANG,mfcc_14_max,0.019947664812207222,mfcc
ANG,mfcc_14_median,0.0608794130384922,mfcc
ANG,mfcc_14_iqr,0.03309822082519531,mfcc
ANG,mfcc_14_skew,0.028503945097327232,mfcc
ANG,mfcc_14_kurt,0.044383544474840164,mfcc
ANG,mfcc_15_mean,0.025498680770397186,mfcc
ANG,mfcc_15_std,0.058262165635824203,mfcc
ANG,mfcc_15_min,0.06548232585191727,mfcc
ANG,mfcc_15_max,0.029989684000611305,mfcc
ANG,mfcc_15_median,0.0457463376224041,mfcc
ANG,mfcc_15_iqr,0.06315325200557709,mfcc
ANG,mfcc_15_skew,0.04462190344929695,mfcc
ANG,mfcc_15_kurt,0.024037962779402733,mfcc
ANG,mfcc_16_mean,0.05725172534584999,mfcc
ANG,mfcc_16_std,0.022760849446058273,mfcc
ANG,mfcc_16_min,0.04211435839533806,mfcc
ANG,mfcc_16_max,0.028248585760593414,mfcc
ANG,mfcc_16_median,0.02265787310898304,mfcc
ANG,mfcc_16_iqr,0.04254385456442833,mfcc
ANG,mfcc_16_skew,0.027356872335076332,mfcc
ANG,mfcc_16_kurt,0.0372798778116703,mfcc
ANG,mfcc_17_mean,0.026316875591874123,mfcc
ANG,mfcc_17_std,0.06525187939405441,mfcc
ANG,mfcc_17_min,0.08168279379606247,mfcc
ANG,mfcc_17_max,0.03976728022098541,mfcc
ANG,mfcc_17_median,0.028069132938981056,mfcc
ANG,mfcc_17_iqr,0.01723865419626236,mfcc
ANG,mfcc_17_skew,0.022342592477798462,mfcc
ANG,mfcc_17_kurt,0.056213002651929855,mfcc
ANG,mfcc_18_mean,0.03049006126821041,mfcc
ANG,mfcc_18_std,0.06420160084962845,mfcc
ANG,mfcc_18_min,0.05959426984190941,mfcc
ANG,mfcc_18_max,0.025639116764068604,mfcc
ANG,mfcc_18_median,0.03113275207579136,mfcc
ANG,mfcc_18_iqr,0.043902430683374405,mfcc
ANG,mfcc_18_skew,0.02530454844236374,mfcc
ANG,mfcc_18_kurt,0.028916098177433014,mfcc
ANG,mfcc_19_mean,0.02686035819351673,mfcc
ANG,mfcc_19_std,0.06089375168085098,mfcc
ANG,mfcc_19_min,0.04678152874112129,mfcc
ANG,mfcc_19_max,0.044342219829559326,mfcc
ANG,mfcc_19_median,0.04209157079458237,mfcc
ANG,mfcc_19_iqr,0.02884533815085888,mfcc
ANG,mfcc_19_skew,0.022727051749825478,mfcc
ANG,mfcc_19_kurt,0.023729799315333366,mfcc
ANG,mfcc_d1_00_mean,0.020116088911890984,mfcc
ANG,mfcc_d1_00_std,0.2940831482410431,mfcc
ANG,mfcc_d2_00_mean,0.0653354600071907,mfcc
ANG,mfcc_d2_00_std,0.23231981694698334,mfcc
ANG,mfcc_d1_01_mean,0.05445969104766846,mfcc
ANG,mfcc_d1_01_std,0.09250600636005402,mfcc
ANG,mfcc_d2_01_mean,0.03558140620589256,mfcc
ANG,mfcc_d2_01_std,0.02905535325407982,mfcc
ANG,mfcc_d1_02_mean,0.027446841821074486,mfcc
ANG,mfcc_d1_02_std,0.14201927185058594,mfcc
ANG,mfcc_d2_02_mean,0.09208038449287415,mfcc
ANG,mfcc_d2_02_std,0.026743154972791672,mfcc
ANG,mfcc_d1_03_mean,0.0390956848859787,mfcc
ANG,mfcc_d1_03_std,0.03477673605084419,mfcc
ANG,mfcc_d2_03_mean,0.03556288033723831,mfcc
ANG,mfcc_d2_03_std,0.09210079163312912,mfcc
ANG,mfcc_d1_04_mean,0.030698779970407486,mfcc
ANG,mfcc_d1_04_std,0.06862015277147293,mfcc
ANG,mfcc_d2_04_mean,0.03997001051902771,mfcc
ANG,mfcc_d2_04_std,0.03311685100197792,mfcc
ANG,mfcc_d1_05_mean,0.025667842477560043,mfcc
ANG,mfcc_d1_05_std,0.039154425263404846,mfcc
ANG,mfcc_d2_05_mean,0.03175979480147362,mfcc
ANG,mfcc_d2_05_std,0.029643207788467407,mfcc
ANG,mfcc_d1_06_mean,0.03518621623516083,mfcc
ANG,mfcc_d1_06_std,0.02870929427444935,mfcc
ANG,mfcc_d2_06_mean,0.024188874289393425,mfcc
ANG,mfcc_d2_06_std,0.03503802791237831,mfcc
ANG,mfcc_d1_07_mean,0.025789408013224602,mfcc
ANG,mfcc_d1_07_std,0.029938265681266785,mfcc
ANG,mfcc_d2_07_mean,0.06021614745259285,mfcc
ANG,mfcc_d2_07_std,0.05994061753153801,mfcc
ANG,mfcc_d1_08_mean,0.04904726520180702,mfcc
ANG,mfcc_d1_08_std,0.07325510680675507,mfcc
ANG,mfcc_d2_08_mean,0.04244818165898323,mfcc
ANG,mfcc_d2_08_std,0.046883318573236465,mfcc
ANG,mfcc_d1_09_mean,0.03969866409897804,mfcc
ANG,mfcc_d1_09_std,0.027293654158711433,mfcc
ANG,mfcc_d2_09_mean,0.03731468319892883,mfcc
ANG,mfcc_d2_09_std,0.02687852457165718,mfcc
ANG,mfcc_d1_10_mean,0.05607451871037483,mfcc
ANG,mfcc_d1_10_std,0.030426034703850746,mfcc
ANG,mfcc_d2_10_mean,0.032621413469314575,mfcc
ANG,mfcc_d2_10_std,0.0817856565117836,mfcc
ANG,mfcc_d1_11_mean,0.06810484081506729,mfcc
ANG,mfcc_d1_11_std,0.03155621141195297,mfcc
ANG,mfcc_d2_11_mean,0.03009048104286194,mfcc
ANG,mfcc_d2_11_std,0.037374190986156464,mfcc
ANG,mfcc_d1_12_mean,0.03890449181199074,mfcc
ANG,mfcc_d1_12_std,0.0573112927377224,mfcc
ANG,mfcc_d2_12_mean,0.04149014875292778,mfcc
ANG,mfcc_d2_12_std,0.08464351296424866,mfcc
ANG,mfcc_d1_13_mean,0.034692760556936264,mfcc
ANG,mfcc_d1_13_std,0.018036382272839546,mfcc
ANG,mfcc_d2_13_mean,0.08703707903623581,mfcc
ANG,mfcc_d2_13_std,0.059659622609615326,mfcc
ANG,mfcc_d1_14_mean,0.027926450595259666,mfcc
ANG,mfcc_d1_14_std,0.0422135591506958,mfcc
ANG,mfcc_d2_14_mean,0.07702335715293884,mfcc
ANG,mfcc_d2_14_std,0.028327222913503647,mfcc
ANG,mfcc_d1_15_mean,0.02487540803849697,mfcc
ANG,mfcc_d1_15_std,0.03836190328001976,mfcc
ANG,mfcc_d2_15_mean,0.05466768145561218,mfcc
ANG,mfcc_d2_15_std,0.05766070634126663,mfcc
ANG,mfcc_d1_16_mean,0.039071161299943924,mfcc
ANG,mfcc_d1_16_std,0.04898028448224068,mfcc
ANG,mfcc_d2_16_mean,0.049544695764780045,mfcc
ANG,mfcc_d2_16_std,0.024971285834908485,mfcc
ANG,mfcc_d1_17_mean,0.03325555473566055,mfcc
ANG,mfcc_d1_17_std,0.05325372517108917,mfcc
ANG,mfcc_d2_17_mean,0.032743338495492935,mfcc
ANG,mfcc_d2_17_std,0.029226118698716164,mfcc
ANG,mfcc_d1_18_mean,0.0412060022354126,mfcc
ANG,mfcc_d1_18_std,0.06238977983593941,mfcc
ANG,mfcc_d2_18_mean,0.025282735005021095,mfcc
ANG,mfcc_d2_18_std,0.02724611572921276,mfcc
ANG,mfcc_d1_19_mean,0.033266518265008926,mfcc
ANG,mfcc_d1_19_std,0.07624393701553345,mfcc
ANG,mfcc_d2_19_mean,0.04251515865325928,mfcc
ANG,mfcc_d2_19_std,0.05130359157919884,mfcc
ANG,chroma_00_mean,0.049557678401470184,chroma
ANG,chroma_00_std,0.05159477889537811,chroma
ANG,chroma_01_mean,0.03714326024055481,chroma
ANG,chroma_01_std,0.07670196890830994,chroma
ANG,chroma_02_mean,0.032349638640880585,chroma
ANG,chroma_02_std,0.05466911196708679,chroma
ANG,chroma_03_mean,0.02531009539961815,chroma
ANG,chroma_03_std,0.04524305835366249,chroma
ANG,chroma_04_mean,0.04088433086872101,chroma
ANG,chroma_04_std,0.04186113178730011,chroma
ANG,chroma_05_mean,0.025971733033657074,chroma
ANG,chroma_05_std,0.054921869188547134,chroma
ANG,chroma_06_mean,0.030452823266386986,chroma
ANG,chroma_06_std,0.0472763329744339,chroma
ANG,chroma_07_mean,0.02511027455329895,chroma
ANG,chroma_07_std,0.02268729731440544,chroma
ANG,chroma_08_mean,0.037875622510910034,chroma
ANG,chroma_08_std,0.040169183164834976,chroma
ANG,chroma_09_mean,0.08528159558773041,chroma
ANG,chroma_09_std,0.06978528201580048,chroma
ANG,chroma_10_mean,0.033468540757894516,chroma
ANG,chroma_10_std,0.0652288943529129,chroma
ANG,chroma_11_mean,0.07181305438280106,chroma
ANG,chroma_11_std,0.027977218851447105,chroma
ANG,prosody_f0_mean,0.05234748125076294,prosody
ANG,prosody_f0_std,0.043871935456991196,prosody
ANG,prosody_f0_min,0.02928229421377182,prosody
ANG,prosody_f0_max,0.08283502608537674,prosody
ANG,prosody_f0_median,0.05819402635097504,prosody
ANG,prosody_f0_iqr,0.03471609205007553,prosody
ANG,prosody_f0_skew,0.08156468719244003,prosody
ANG,prosody_f0_kurt,0.0362267941236496,prosody
ANG,prosody_voiced_fraction,0.07139718532562256,prosody
ANG,prosody_f0_slope_abs_mean,0.026677802205085754,prosody
ANG,prosody_n_voiced_segments,0.038496311753988266,prosody
ANG,prosody_voiced_rate_per_s,0.030470266938209534,prosody
ANG,prosody_mean_voiced_seg_s,0.02815556898713112,prosody
ANG,prosody_pause_fraction,0.061856627464294434,prosody
ANG,prosody_jitter_local,0.019865332171320915,prosody
ANG,prosody_jitter_rap,0.05351516231894493,prosody
ANG,prosody_jitter_ppq5,0.043858692049980164,prosody
ANG,prosody_jitter_ddp,0.03305128961801529,prosody
ANG,prosody_shimmer_local,0.04277333989739418,prosody
ANG,prosody_shimmer_localdb,0.048676636070013046,prosody
ANG,prosody_shimmer_apq3,0.02436777949333191,prosody
ANG,prosody_shimmer_apq5,0.058871276676654816,prosody
ANG,prosody_shimmer_apq11,0.03677869588136673,prosody
ANG,prosody_shimmer_dda,0.03685855492949486,prosody
ANG,prosody_hnr_mean,0.07844910025596619,prosody
ANG,prosody_hnr_std,0.07131823897361755,prosody
ANG,prosody_hnr_min,0.03419002890586853,prosody
ANG,prosody_hnr_max,0.0733863115310669,prosody
ANG,prosody_hnr_median,0.034206926822662354,prosody
ANG,prosody_f1_mean,0.020790761336684227,prosody
ANG,prosody_f1_std,0.10976188629865646,prosody
ANG,prosody_f1_median,0.05752141401171684,prosody
ANG,prosody_f1_bw_median,0.07973846048116684,prosody
ANG,prosody_f2_mean,0.09155087172985077,prosody
ANG,prosody_f2_std,0.05373828113079071,prosody
ANG,prosody_f2_median,0.024907831102609634,prosody
ANG,prosody_f2_bw_median,0.050022438168525696,prosody
ANG,prosody_f3_mean,0.022559968754649162,prosody
ANG,prosody_f3_std,0.061979975551366806,prosody
ANG,prosody_f3_median,0.024429140612483025,prosody
ANG,prosody_f3_bw_median,0.11466008424758911,prosody
ANG,prosody_f4_mean,0.11521755158901215,prosody
ANG,prosody_f4_std,0.036044832319021225,prosody
ANG,prosody_f4_median,0.09197080880403519,prosody
ANG,prosody_f5_mean,0.052227362990379333,prosody
ANG,prosody_f5_std,0.04038248583674431,prosody
ANG,prosody_f5_median,0.054026342928409576,prosody
ANG,prosody_intensity_mean,0.04358502849936485,prosody
ANG,prosody_intensity_std,0.11525314301252365,prosody
ANG,prosody_intensity_min,0.024003468453884125,prosody
ANG,prosody_intensity_max,0.01996135711669922,prosody
ANG,prosody_intensity_median,0.02966262213885784,prosody
ANG,prosody_intensity_iqr,0.0463574193418026,prosody
ANG,prosody_intensity_skew,0.06889176368713379,prosody
ANG,prosody_intensity_kurt,0.02750319428741932,prosody
ANG,prosody_cpps,0.08058743178844452,prosody
DIS,duration_s,0.28515878319740295,other
DIS,peak_amplitude,0.054370176047086716,other
DIS,spectral_centroid_mean,0.022808896377682686,spectral
DIS,spectral_centroid_std,0.0723881721496582,spectral
DIS,spectral_centroid_min,0.04181696102023125,spectral
DIS,spectral_centroid_max,0.07968039065599442,spectral
DIS,spectral_centroid_median,0.047219183295965195,spectral
DIS,spectral_centroid_iqr,0.10620307922363281,spectral
DIS,spectral_centroid_skew,0.03499169275164604,spectral
DIS,spectral_centroid_kurt,0.04304518178105354,spectral
DIS,spectral_bandwidth_mean,0.018714943900704384,spectral
DIS,spectral_bandwidth_std,0.05600690841674805,spectral
DIS,spectral_bandwidth_min,0.040298689156770706,spectral
DIS,spectral_bandwidth_max,0.023561634123325348,spectral
DIS,spectral_bandwidth_median,0.02781851775944233,spectral
DIS,spectral_bandwidth_iqr,0.020193330943584442,spectral
DIS,spectral_bandwidth_skew,0.04214708134531975,spectral
DIS,spectral_bandwidth_kurt,0.05583656206727028,spectral
DIS,spectral_rolloff85_mean,0.014254843816161156,spectral
DIS,spectral_rolloff85_std,0.04739326238632202,spectral
DIS,spectral_rolloff85_min,0.03638027608394623,spectral
DIS,spectral_rolloff85_max,0.06826096028089523,spectral
DIS,spectral_rolloff85_median,0.032766908407211304,spectral
DIS,spectral_rolloff85_iqr,0.018976327031850815,spectral
DIS,spectral_rolloff85_skew,0.02540913224220276,spectral
DIS,spectral_rolloff85_kurt,0.03754323348402977,spectral
DIS,spectral_rolloff95_mean,0.057547423988580704,spectral
DIS,spectral_rolloff95_std,0.049590013921260834,spectral
DIS,spectral_rolloff95_min,0.0373385027050972,spectral
DIS,spectral_rolloff95_max,0.028928207233548164,spectral
DIS,spectral_rolloff95_median,0.055213939398527145,spectral
DIS,spectral_rolloff95_iqr,0.07826635986566544,spectral
DIS,spectral_rolloff95_skew,0.022448256611824036,spectral
DIS,spectral_rolloff95_kurt,0.032460786402225494,spectral
DIS,spectral_flatness_mean,0.06729120761156082,spectral
DIS,spectral_flatness_std,0.1769828349351883,spectral
DIS,spectral_flatness_min,0.06795205920934677,spectral
DIS,spectral_flatness_max,0.1346113681793213,spectral
DIS,spectral_flatness_median,0.05319957062602043,spectral
DIS,spectral_flatness_iqr,0.03068039007484913,spectral
DIS,spectral_flatness_skew,0.034834206104278564,spectral
DIS,spectral_flatness_kurt,0.08345264196395874,spectral
DIS,spectral_zcr_mean,0.0483270101249218,spectral
DIS,spectral_zcr_std,0.02813728339970112,spectral
DIS,spectral_zcr_min,0.08905629813671112,spectral
DIS,spectral_zcr_max,0.023701442405581474,spectral
DIS,spectral_zcr_median,0.04485262930393219,spectral
DIS,spectral_zcr_iqr,0.033153604716062546,spectral
DIS,spectral_zcr_skew,0.08028736710548401,spectral
DIS,spectral_zcr_kurt,0.06296364963054657,spectral
DIS,spectral_rms_mean,0.09028243273496628,spectral
DIS,spectral_rms_std,0.051166750490665436,spectral
DIS,spectral_rms_min,0.06994054466485977,spectral
DIS,spectral_rms_max,0.031474947929382324,spectral
DIS,spectral_rms_median,0.061761919409036636,spectral
DIS,spectral_rms_iqr,0.04092308506369591,spectral
DIS,spectral_rms_skew,0.029017070308327675,spectral
DIS,spectral_rms_kurt,0.03672666847705841,spectral
DIS,spectral_flux_mean,0.029269065707921982,spectral
DIS,spectral_flux_std,0.13926704227924347,spectral
DIS,spectral_flux_min,0.037918880581855774,spectral
DIS,spectral_flux_max,0.038006603717803955,spectral
DIS,spectral_flux_median,0.05185640975832939,spectral
DIS,spectral_flux_iqr,0.0739528238773346,spectral
DIS,spectral_flux_skew,0.04443793371319771,spectral
DIS,spectral_flux_kurt,0.03065536729991436,spectral
DIS,spectral_entropy_mean,0.03368551284074783,spectral
DIS,spectral_entropy_std,0.08224155753850937,spectral
DIS,spectral_entropy_min,0.04699191078543663,spectral
DIS,spectral_entropy_max,0.1046832948923111,spectral
DIS,spectral_entropy_median,0.03314417600631714,spectral
DIS,spectral_entropy_iqr,0.02745562233030796,spectral
DIS,spectral_entropy_skew,0.07944305986166,spectral
DIS,spectral_entropy_kurt,0.03473532199859619,spectral
DIS,spectral_slope_mean,0.022193361073732376,spectral
DIS,spectral_slope_std,0.05515920743346214,spectral
DIS,spectral_slope_min,0.0351482592523098,spectral
DIS,spectral_slope_max,0.1036452203989029,spectral
DIS,spectral_slope_median,0.029563553631305695,spectral
DIS,spectral_slope_iqr,0.04728264734148979,spectral
DIS,spectral_slope_skew,0.08840402960777283,spectral
DIS,spectral_slope_kurt,0.037064988166093826,spectral
DIS,spectral_band_0_500_mean,0.06558900326490402,spectral
DIS,spectral_band_0_500_std,0.02525261975824833,spectral
DIS,spectral_band_500_1000_mean,0.055419500917196274,spectral
DIS,spectral_band_500_1000_std,0.1952648162841797,spectral
DIS,spectral_band_1000_2000_mean,0.11436312645673752,spectral
DIS,spectral_band_1000_2000_std,0.10917683690786362,spectral
DIS,spectral_band_2000_3000_mean,0.01787143386900425,spectral
DIS,spectral_band_2000_3000_std,0.040639281272888184,spectral
DIS,spectral_band_3000_4000_mean,0.02658814750611782,spectral
DIS,spectral_band_3000_4000_std,0.051872119307518005,spectral
DIS,spectral_band_4000_5000_mean,0.04677628353238106,spectral
DIS,spectral_band_4000_5000_std,0.050448376685380936,spectral
DIS,spectral_band_5000_6000_mean,0.018144695088267326,spectral
DIS,spectral_band_5000_6000_std,0.08138576149940491,spectral
DIS,spectral_band_6000_8000_mean,0.030765635892748833,spectral
DIS,spectral_band_6000_8000_std,0.03500260412693024,spectral
DIS,spectral_hf_ratio_4000_mean,0.02356838621199131,spectral
DIS,spectral_hf_ratio_4000_std,0.07426286488771439,spectral
DIS,spectral_hf_ratio_6000_mean,0.031566981226205826,spectral
DIS,spectral_hf_ratio_6000_std,0.052083004266023636,spectral
DIS,spectral_contrast_0_mean,0.020305495709180832,spectral
DIS,spectral_contrast_0_std,0.07619877904653549,spectral
DIS,spectral_contrast_1_mean,0.03909732401371002,spectral
DIS,spectral_contrast_1_std,0.04908253625035286,spectral
DIS,spectral_contrast_2_mean,0.06582505255937576,spectral
DIS,spectral_contrast_2_std,0.08834455162286758,spectral
DIS,spectral_contrast_3_mean,0.032222386449575424,spectral
DIS,spectral_contrast_3_std,0.12889838218688965,spectral
DIS,spectral_contrast_4_mean,0.06600084900856018,spectral
DIS,spectral_contrast_4_std,0.07483275234699249,spectral
DIS,spectral_contrast_5_mean,0.10015270113945007,spectral
DIS,spectral_contrast_5_std,0.07596113532781601,spectral
DIS,spectral_contrast_6_mean,0.07387159019708633,spectral
DIS,spectral_contrast_6_std,0.08519095182418823,spectral
DIS,mfcc_00_mean,0.09159956127405167,mfcc
DIS,mfcc_00_std,0.043910782784223557,mfcc
DIS,mfcc_00_min,0.03642531856894493,mfcc
DIS,mfcc_00_max,0.051942504942417145,mfcc
DIS,mfcc_00_median,0.10740431398153305,mfcc
DIS,mfcc_00_iqr,0.05177174136042595,mfcc
DIS,mfcc_00_skew,0.21521133184432983,mfcc
DIS,mfcc_00_kurt,0.03563230484724045,mfcc
DIS,mfcc_01_mean,0.03737422451376915,mfcc
DIS,mfcc_01_std,0.028369247913360596,mfcc
DIS,mfcc_01_min,0.026033636182546616,mfcc
DIS,mfcc_01_max,0.13792313635349274,mfcc
DIS,mfcc_01_median,0.02688879705965519,mfcc
DIS,mfcc_01_iqr,0.0987548902630806,mfcc
DIS,mfcc_01_skew,0.06668924540281296,mfcc
DIS,mfcc_01_kurt,0.023987405002117157,mfcc
DIS,mfcc_02_mean,0.031108789145946503,mfcc
DIS,mfcc_02_std,0.19138646125793457,mfcc
DIS,mfcc_02_min,0.13476787507534027,mfcc
DIS,mfcc_02_max,0.05663277208805084,mfcc
DIS,mfcc_02_median,0.14811971783638,mfcc
DIS,mfcc_02_iqr,0.21252107620239258,mfcc
DIS,mfcc_02_skew,0.057325929403305054,mfcc
DIS,mfcc_02_kurt,0.046061016619205475,mfcc
DIS,mfcc_03_mean,0.09162861853837967,mfcc
DIS,mfcc_03_std,0.1434074193239212,mfcc
DIS,mfcc_03_min,0.18704886734485626,mfcc
DIS,mfcc_03_max,0.05118265002965927,mfcc
DIS,mfcc_03_median,0.047067563980817795,mfcc
DIS,mfcc_03_iqr,0.03807733207941055,mfcc
DIS,mfcc_03_skew,0.030507434159517288,mfcc
DIS,mfcc_03_kurt,0.02930113486945629,mfcc
DIS,mfcc_04_mean,0.03930257633328438,mfcc
DIS,mfcc_04_std,0.17740172147750854,mfcc
DIS,mfcc_04_min,0.06398233771324158,mfcc
DIS,mfcc_04_max,0.0437302365899086,mfcc
DIS,mfcc_04_median,0.037256430834531784,mfcc
DIS,mfcc_04_iqr,0.04043665900826454,mfcc
DIS,mfcc_04_skew,0.04801919311285019,mfcc
DIS,mfcc_04_kurt,0.040620964020490646,mfcc
DIS,mfcc_05_mean,0.1087171658873558,mfcc
DIS,mfcc_05_std,0.044964347034692764,mfcc
DIS,mfcc_05_min,0.06320647895336151,mfcc
DIS,mfcc_05_max,0.036681778728961945,mfcc
DIS,mfcc_05_median,0.1137358620762825,mfcc
DIS,mfcc_05_iqr,0.09137321263551712,mfcc
DIS,mfcc_05_skew,0.039741311222314835,mfcc
DIS,mfcc_05_kurt,0.05998602509498596,mfcc
DIS,mfcc_06_mean,0.06261121481657028,mfcc
DIS,mfcc_06_std,0.10179644078016281,mfcc
DIS,mfcc_06_min,0.15509501099586487,mfcc
DIS,mfcc_06_max,0.04328971728682518,mfcc
DIS,mfcc_06_median,0.07894179970026016,mfcc
DIS,mfcc_06_iqr,0.12406005710363388,mfcc
DIS,mfcc_06_skew,0.026007942855358124,mfcc
DIS,mfcc_06_kurt,0.041487060487270355,mfcc
DIS,mfcc_07_mean,0.10395459830760956,mfcc
DIS,mfcc_07_std,0.03304538130760193,mfcc
DIS,mfcc_07_min,0.11261092871427536,mfcc
DIS,mfcc_07_max,0.05523361265659332,mfcc
DIS,mfcc_07_median,0.10351545363664627,mfcc
DIS,mfcc_07_iqr,0.07060268521308899,mfcc
DIS,mfcc_07_skew,0.05679967254400253,mfcc
DIS,mfcc_07_kurt,0.031588513404130936,mfcc
DIS,mfcc_08_mean,0.09143774956464767,mfcc
DIS,mfcc_08_std,0.10010354965925217,mfcc
DIS,mfcc_08_min,0.05249490961432457,mfcc
DIS,mfcc_08_max,0.035001788288354874,mfcc
DIS,mfcc_08_median,0.06776442378759384,mfcc
DIS,mfcc_08_iqr,0.07625842094421387,mfcc
DIS,mfcc_08_skew,0.06052771955728531,mfcc
DIS,mfcc_08_kurt,0.04103357344865799,mfcc
DIS,mfcc_09_mean,0.15915952622890472,mfcc
DIS,mfcc_09_std,0.04532217979431152,mfcc
DIS,mfcc_09_min,0.0398840494453907,mfcc
DIS,mfcc_09_max,0.1268913894891739,mfcc
DIS,mfcc_09_median,0.1729804128408432,mfcc
DIS,mfcc_09_iqr,0.06370754539966583,mfcc
DIS,mfcc_09_skew,0.06520199030637741,mfcc
DIS,mfcc_09_kurt,0.02678738534450531,mfcc
DIS,mfcc_10_mean,0.08567775040864944,mfcc
DIS,mfcc_10_std,0.08904086798429489,mfcc
DIS,mfcc_10_min,0.05750507488846779,mfcc
DIS,mfcc_10_max,0.032893236726522446,mfcc
DIS,mfcc_10_median,0.06255354732275009,mfcc
DIS,mfcc_10_iqr,0.03800440952181816,mfcc
DIS,mfcc_10_skew,0.05342536419630051,mfcc
DIS,mfcc_10_kurt,0.050939127802848816,mfcc
DIS,mfcc_11_mean,0.05199504643678665,mfcc
DIS,mfcc_11_std,0.06517284363508224,mfcc
DIS,mfcc_11_min,0.028607936576008797,mfcc
DIS,mfcc_11_max,0.03174104914069176,mfcc
DIS,mfcc_11_median,0.07000183314085007,mfcc
DIS,mfcc_11_iqr,0.031081587076187134,mfcc
DIS,mfcc_11_skew,0.04819156602025032,mfcc
DIS,mfcc_11_kurt,0.042339108884334564,mfcc
DIS,mfcc_12_mean,0.06282617896795273,mfcc
DIS,mfcc_12_std,0.09726008027791977,mfcc
DIS,mfcc_12_min,0.04030226543545723,mfcc
DIS,mfcc_12_max,0.04901450127363205,mfcc
DIS,mfcc_12_median,0.04879264906048775,mfcc
DIS,mfcc_12_iqr,0.03150743618607521,mfcc
DIS,mfcc_12_skew,0.026402074843645096,mfcc
DIS,mfcc_12_kurt,0.02821110375225544,mfcc
DIS,mfcc_13_mean,0.05725710093975067,mfcc
DIS,mfcc_13_std,0.09640039503574371,mfcc
DIS,mfcc_13_min,0.06942623853683472,mfcc
DIS,mfcc_13_max,0.04705911502242088,mfcc
DIS,mfcc_13_median,0.069480761885643,mfcc
DIS,mfcc_13_iqr,0.035574279725551605,mfcc
DIS,mfcc_13_skew,0.03608013689517975,mfcc
DIS,mfcc_13_kurt,0.04853418096899986,mfcc
DIS,mfcc_14_mean,0.032882653176784515,mfcc
DIS,mfcc_14_std,0.035493187606334686,mfcc
DIS,mfcc_14_min,0.05236753076314926,mfcc
DIS,mfcc_14_max,0.01887565478682518,mfcc
DIS,mfcc_14_median,0.03916502743959427,mfcc
DIS,mfcc_14_iqr,0.06720922142267227,mfcc
DIS,mfcc_14_skew,0.08499769866466522,mfcc
DIS,mfcc_14_kurt,0.09844736754894257,mfcc
DIS,mfcc_15_mean,0.06520165503025055,mfcc
DIS,mfcc_15_std,0.03447190299630165,mfcc
DIS,mfcc_15_min,0.02388799749314785,mfcc
DIS,mfcc_15_max,0.06445454061031342,mfcc
DIS,mfcc_15_median,0.07709091156721115,mfcc
DIS,mfcc_15_iqr,0.032995376735925674,mfcc
DIS,mfcc_15_skew,0.027894223108887672,mfcc
DIS,mfcc_15_kurt,0.035655077546834946,mfcc
DIS,mfcc_16_mean,0.05636151134967804,mfcc
DIS,mfcc_16_std,0.030478721484541893,mfcc
DIS,mfcc_16_min,0.062231943011283875,mfcc
DIS,mfcc_16_max,0.032917141914367676,mfcc
DIS,mfcc_16_median,0.07970777153968811,mfcc
DIS,mfcc_16_iqr,0.05778244510293007,mfcc
DIS,mfcc_16_skew,0.029122600331902504,mfcc
DIS,mfcc_16_kurt,0.03187352046370506,mfcc
DIS,mfcc_17_mean,0.04707012325525284,mfcc
DIS,mfcc_17_std,0.022463111206889153,mfcc
DIS,mfcc_17_min,0.02940128929913044,mfcc
DIS,mfcc_17_max,0.08446069806814194,mfcc
DIS,mfcc_17_median,0.03900090977549553,mfcc
DIS,mfcc_17_iqr,0.032923318445682526,mfcc
DIS,mfcc_17_skew,0.030818229541182518,mfcc
DIS,mfcc_17_kurt,0.051750876009464264,mfcc
DIS,mfcc_18_mean,0.02920585870742798,mfcc
DIS,mfcc_18_std,0.046798110008239746,mfcc
DIS,mfcc_18_min,0.04931288957595825,mfcc
DIS,mfcc_18_max,0.038204971700906754,mfcc
DIS,mfcc_18_median,0.06762891262769699,mfcc
DIS,mfcc_18_iqr,0.025328893214464188,mfcc
DIS,mfcc_18_skew,0.031117282807826996,mfcc
DIS,mfcc_18_kurt,0.028190622106194496,mfcc
DIS,mfcc_19_mean,0.05645103380084038,mfcc
DIS,mfcc_19_std,0.0542035847902298,mfcc
DIS,mfcc_19_min,0.056824348866939545,mfcc
DIS,mfcc_19_max,0.04243089631199837,mfcc
DIS,mfcc_19_median,0.03538351505994797,mfcc
DIS,mfcc_19_iqr,0.0951516181230545,mfcc
DIS,mfcc_19_skew,0.0278748981654644,mfcc
DIS,mfcc_19_kurt,0.03931690379977226,mfcc
DIS,mfcc_d1_00_mean,0.03364378958940506,mfcc
DIS,mfcc_d1_00_std,0.08229106664657593,mfcc
DIS,mfcc_d2_00_mean,0.030753593891859055,mfcc
DIS,mfcc_d2_00_std,0.19184993207454681,mfcc
DIS,mfcc_d1_01_mean,0.032131295651197433,mfcc
DIS,mfcc_d1_01_std,0.13080696761608124,mfcc
DIS,mfcc_d2_01_mean,0.02902795746922493,mfcc
DIS,mfcc_d2_01_std,0.13644057512283325,mfcc
DIS,mfcc_d1_02_mean,0.04262236878275871,mfcc
DIS,mfcc_d1_02_std,0.07470601797103882,mfcc
DIS,mfcc_d2_02_mean,0.05687596648931503,mfcc
DIS,mfcc_d2_02_std,0.04273210093379021,mfcc
DIS,mfcc_d1_03_mean,0.04399295896291733,mfcc
DIS,mfcc_d1_03_std,0.20957441627979279,mfcc
DIS,mfcc_d2_03_mean,0.03652091696858406,mfcc
DIS,mfcc_d2_03_std,0.05451453477144241,mfcc
DIS,mfcc_d1_04_mean,0.06277764588594437,mfcc
DIS,mfcc_d1_04_std,0.17921006679534912,mfcc
DIS,mfcc_d2_04_mean,0.03537788614630699,mfcc
DIS,mfcc_d2_04_std,0.07423941045999527,mfcc
DIS,mfcc_d1_05_mean,0.03491269797086716,mfcc
DIS,mfcc_d1_05_std,0.049122828990221024,mfcc
DIS,mfcc_d2_05_mean,0.027963126078248024,mfcc
DIS,mfcc_d2_05_std,0.07326623052358627,mfcc
DIS,mfcc_d1_06_mean,0.07117174565792084,mfcc
DIS,mfcc_d1_06_std,0.06373894959688187,mfcc
DIS,mfcc_d2_06_mean,0.028510643169283867,mfcc
DIS,mfcc_d2_06_std,0.032639406621456146,mfcc
DIS,mfcc_d1_07_mean,0.03539283573627472,mfcc
DIS,mfcc_d1_07_std,0.05149662122130394,mfcc
DIS,mfcc_d2_07_mean,0.05885384976863861,mfcc
DIS,mfcc_d2_07_std,0.11761030554771423,mfcc
DIS,mfcc_d1_08_mean,0.04274909198284149,mfcc
DIS,mfcc_d1_08_std,0.03786380961537361,mfcc
DIS,mfcc_d2_08_mean,0.03752598166465759,mfcc
DIS,mfcc_d2_08_std,0.043701719492673874,mfcc
DIS,mfcc_d1_09_mean,0.0708925724029541,mfcc
DIS,mfcc_d1_09_std,0.08907800912857056,mfcc
DIS,mfcc_d2_09_mean,0.039158545434474945,mfcc
DIS,mfcc_d2_09_std,0.05240178108215332,mfcc
DIS,mfcc_d1_10_mean,0.08305623382329941,mfcc
DIS,mfcc_d1_10_std,0.14365987479686737,mfcc
DIS,mfcc_d2_10_mean,0.03899681940674782,mfcc
DIS,mfcc_d2_10_std,0.0371219702064991,mfcc
DIS,mfcc_d1_11_mean,0.06469547003507614,mfcc
DIS,mfcc_d1_11_std,0.030656661838293076,mfcc
DIS,mfcc_d2_11_mean,0.04270780086517334,mfcc
DIS,mfcc_d2_11_std,0.06931257247924805,mfcc
DIS,mfcc_d1_12_mean,0.04019840806722641,mfcc
DIS,mfcc_d1_12_std,0.09284450858831406,mfcc
DIS,mfcc_d2_12_mean,0.04629448428750038,mfcc
DIS,mfcc_d2_12_std,0.03182096779346466,mfcc
DIS,mfcc_d1_13_mean,0.046123381704092026,mfcc
DIS,mfcc_d1_13_std,0.02910178154706955,mfcc
DIS,mfcc_d2_13_mean,0.0300131868571043,mfcc
DIS,mfcc_d2_13_std,0.03318929299712181,mfcc
DIS,mfcc_d1_14_mean,0.04943128675222397,mfcc
DIS,mfcc_d1_14_std,0.02962218038737774,mfcc
DIS,mfcc_d2_14_mean,0.08568774163722992,mfcc
DIS,mfcc_d2_14_std,0.03018096275627613,mfcc
DIS,mfcc_d1_15_mean,0.03511521592736244,mfcc
DIS,mfcc_d1_15_std,0.07810606062412262,mfcc
DIS,mfcc_d2_15_mean,0.06359682977199554,mfcc
DIS,mfcc_d2_15_std,0.10542037338018417,mfcc
DIS,mfcc_d1_16_mean,0.042193103581666946,mfcc
DIS,mfcc_d1_16_std,0.06514030694961548,mfcc
DIS,mfcc_d2_16_mean,0.03468024358153343,mfcc
DIS,mfcc_d2_16_std,0.05762442946434021,mfcc
DIS,mfcc_d1_17_mean,0.08037835359573364,mfcc
DIS,mfcc_d1_17_std,0.1468302607536316,mfcc
DIS,mfcc_d2_17_mean,0.046317555010318756,mfcc
DIS,mfcc_d2_17_std,0.08991855382919312,mfcc
DIS,mfcc_d1_18_mean,0.03853560984134674,mfcc
DIS,mfcc_d1_18_std,0.08362586051225662,mfcc
DIS,mfcc_d2_18_mean,0.03831058740615845,mfcc
DIS,mfcc_d2_18_std,0.0588795468211174,mfcc
DIS,mfcc_d1_19_mean,0.05127888172864914,mfcc
DIS,mfcc_d1_19_std,0.17902778089046478,mfcc
DIS,mfcc_d2_19_mean,0.05562399700284004,mfcc
DIS,mfcc_d2_19_std,0.09026411175727844,mfcc
DIS,chroma_00_mean,0.0906151533126831,chroma
DIS,chroma_00_std,0.10167154669761658,chroma
DIS,chroma_01_mean,0.040959108620882034,chroma
DIS,chroma_01_std,0.08003509789705276,chroma
DIS,chroma_02_mean,0.0695977658033371,chroma
DIS,chroma_02_std,0.06894838809967041,chroma
DIS,chroma_03_mean,0.028528762981295586,chroma
DIS,chroma_03_std,0.03924361243844032,chroma
DIS,chroma_04_mean,0.03791181370615959,chroma
DIS,chroma_04_std,0.030702540650963783,chroma
DIS,chroma_05_mean,0.03708333149552345,chroma
DIS,chroma_05_std,0.04949650913476944,chroma
DIS,chroma_06_mean,0.036194153130054474,chroma
DIS,chroma_06_std,0.05300026386976242,chroma
DIS,chroma_07_mean,0.03972775861620903,chroma
DIS,chroma_07_std,0.033547770231962204,chroma
DIS,chroma_08_mean,0.04817185923457146,chroma
DIS,chroma_08_std,0.05826935917139053,chroma
DIS,chroma_09_mean,0.026079967617988586,chroma
DIS,chroma_09_std,0.05038841813802719,chroma
DIS,chroma_10_mean,0.03259360417723656,chroma
DIS,chroma_10_std,0.11624816805124283,chroma
DIS,chroma_11_mean,0.060136813670396805,chroma
DIS,chroma_11_std,0.10810010135173798,chroma
DIS,prosody_f0_mean,0.11114724725484848,prosody
DIS,prosody_f0_std,0.0354204922914505,prosody
DIS,prosody_f0_min,0.04355780780315399,prosody
DIS,prosody_f0_max,0.05186446011066437,prosody
DIS,prosody_f0_median,0.21263134479522705,prosody
DIS,prosody_f0_iqr,0.07223799079656601,prosody
DIS,prosody_f0_skew,0.05576623976230621,prosody
DIS,prosody_f0_kurt,0.059271570295095444,prosody
DIS,prosody_voiced_fraction,0.08192671090364456,prosody
DIS,prosody_f0_slope_abs_mean,0.16503745317459106,prosody
DIS,prosody_n_voiced_segments,0.07787782698869705,prosody
DIS,prosody_voiced_rate_per_s,0.12384245544672012,prosody
DIS,prosody_mean_voiced_seg_s,0.029569972306489944,prosody
DIS,prosody_pause_fraction,0.111548513174057,prosody
DIS,prosody_jitter_local,0.03530843183398247,prosody
DIS,prosody_jitter_rap,0.05952517315745354,prosody
DIS,prosody_jitter_ppq5,0.05729462206363678,prosody
DIS,prosody_jitter_ddp,0.0599750392138958,prosody
DIS,prosody_shimmer_local,0.05534864962100983,prosody
DIS,prosody_shimmer_localdb,0.03309829905629158,prosody
DIS,prosody_shimmer_apq3,0.027170630171895027,prosody
DIS,prosody_shimmer_apq5,0.06729017198085785,prosody
DIS,prosody_shimmer_apq11,0.029530681669712067,prosody
DIS,prosody_shimmer_dda,0.030524682253599167,prosody
DIS,prosody_hnr_mean,0.07656210660934448,prosody
DIS,prosody_hnr_std,0.04461454600095749,prosody
DIS,prosody_hnr_min,0.03366481512784958,prosody
DIS,prosody_hnr_max,0.042345937341451645,prosody
DIS,prosody_hnr_median,0.10493599623441696,prosody
DIS,prosody_f1_mean,0.06921107321977615,prosody
DIS,prosody_f1_std,0.07549472898244858,prosody
DIS,prosody_f1_median,0.042314641177654266,prosody
DIS,prosody_f1_bw_median,0.05943591520190239,prosody
DIS,prosody_f2_mean,0.09146800637245178,prosody
DIS,prosody_f2_std,0.24109987914562225,prosody
DIS,prosody_f2_median,0.08633407950401306,prosody
DIS,prosody_f2_bw_median,0.0767669677734375,prosody
DIS,prosody_f3_mean,0.03224656358361244,prosody
DIS,prosody_f3_std,0.07156413048505783,prosody
DIS,prosody_f3_median,0.030155880376696587,prosody
DIS,prosody_f3_bw_median,0.07050634920597076,prosody
DIS,prosody_f4_mean,0.04746081307530403,prosody
DIS,prosody_f4_std,0.12327732145786285,prosody
DIS,prosody_f4_median,0.04358062148094177,prosody
DIS,prosody_f5_mean,0.04351457580924034,prosody
DIS,prosody_f5_std,0.11731063574552536,prosody
DIS,prosody_f5_median,0.03656608611345291,prosody
DIS,prosody_intensity_mean,0.0723164975643158,prosody
DIS,prosody_intensity_std,0.08558032661676407,prosody
DIS,prosody_intensity_min,0.02899908646941185,prosody
DIS,prosody_intensity_max,0.033369626849889755,prosody
DIS,prosody_intensity_median,0.06115087494254112,prosody
DIS,prosody_intensity_iqr,0.16703267395496368,prosody
DIS,prosody_intensity_skew,0.07091907411813736,prosody
DIS,prosody_intensity_kurt,0.09424053132534027,prosody
DIS,prosody_cpps,0.14771206676959991,prosody
FEA,duration_s,0.06882136315107346,other
FEA,peak_amplitude,0.04298365116119385,other
FEA,spectral_centroid_mean,0.054611772298812866,spectral
FEA,spectral_centroid_std,0.018295736983418465,spectral
FEA,spectral_centroid_min,0.03858029097318649,spectral
FEA,spectral_centroid_max,0.03623754158616066,spectral
FEA,spectral_centroid_median,0.05378003418445587,spectral
FEA,spectral_centroid_iqr,0.07945235818624496,spectral
FEA,spectral_centroid_skew,0.025532560423016548,spectral
FEA,spectral_centroid_kurt,0.0179070346057415,spectral
FEA,spectral_bandwidth_mean,0.0226888544857502,spectral
FEA,spectral_bandwidth_std,0.01855071820318699,spectral
FEA,spectral_bandwidth_min,0.06548133492469788,spectral
FEA,spectral_bandwidth_max,0.021382495760917664,spectral
FEA,spectral_bandwidth_median,0.1557561606168747,spectral
FEA,spectral_bandwidth_iqr,0.0652572438120842,spectral
FEA,spectral_bandwidth_skew,0.022437041625380516,spectral
FEA,spectral_bandwidth_kurt,0.03033977746963501,spectral
FEA,spectral_rolloff85_mean,0.01451642345637083,spectral
FEA,spectral_rolloff85_std,0.021117834374308586,spectral
FEA,spectral_rolloff85_min,0.03823259100317955,spectral
FEA,spectral_rolloff85_max,0.021815268322825432,spectral
FEA,spectral_rolloff85_median,0.04092101380228996,spectral
FEA,spectral_rolloff85_iqr,0.017609374597668648,spectral
FEA,spectral_rolloff85_skew,0.022973893210291862,spectral
FEA,spectral_rolloff85_kurt,0.022363537922501564,spectral
FEA,spectral_rolloff95_mean,0.01974877342581749,spectral
FEA,spectral_rolloff95_std,0.05542699992656708,spectral
FEA,spectral_rolloff95_min,0.03468457981944084,spectral
FEA,spectral_rolloff95_max,0.038294557482004166,spectral
FEA,spectral_rolloff95_median,0.03949212655425072,spectral
FEA,spectral_rolloff95_iqr,0.05657476559281349,spectral
FEA,spectral_rolloff95_skew,0.030229082331061363,spectral
FEA,spectral_rolloff95_kurt,0.030707601457834244,spectral
FEA,spectral_flatness_mean,0.10348924994468689,spectral
FEA,spectral_flatness_std,0.06117497757077217,spectral
FEA,spectral_flatness_min,0.07774435728788376,spectral
FEA,spectral_flatness_max,0.053787339478731155,spectral
FEA,spectral_flatness_median,0.027910588309168816,spectral
FEA,spectral_flatness_iqr,0.07501475512981415,spectral
FEA,spectral_flatness_skew,0.04228419438004494,spectral
FEA,spectral_flatness_kurt,0.043951962143182755,spectral
FEA,spectral_zcr_mean,0.014518620446324348,spectral
FEA,spectral_zcr_std,0.026374822482466698,spectral
FEA,spectral_zcr_min,0.04706724360585213,spectral
FEA,spectral_zcr_max,0.02126660756766796,spectral
FEA,spectral_zcr_median,0.06093598157167435,spectral
FEA,spectral_zcr_iqr,0.050983719527721405,spectral
FEA,spectral_zcr_skew,0.02785678207874298,spectral
FEA,spectral_zcr_kurt,0.03792387247085571,spectral
FEA,spectral_rms_mean,0.047160662710666656,spectral
FEA,spectral_rms_std,0.07740621268749237,spectral
FEA,spectral_rms_min,0.030653877183794975,spectral
FEA,spectral_rms_max,0.053041972219944,spectral
FEA,spectral_rms_median,0.054790522903203964,spectral
FEA,spectral_rms_iqr,0.05755187198519707,spectral
FEA,spectral_rms_skew,0.038121119141578674,spectral
FEA,spectral_rms_kurt,0.03486628830432892,spectral
FEA,spectral_flux_mean,0.028640860691666603,spectral
FEA,spectral_flux_std,0.07995158433914185,spectral
FEA,spectral_flux_min,0.12244973331689835,spectral
FEA,spectral_flux_max,0.03934275731444359,spectral
FEA,spectral_flux_median,0.04057544097304344,spectral
FEA,spectral_flux_iqr,0.03846842795610428,spectral
FEA,spectral_flux_skew,0.023845573887228966,spectral
FEA,spectral_flux_kurt,0.026960350573062897,spectral
FEA,spectral_entropy_mean,0.07024745643138885,spectral
FEA,spectral_entropy_std,0.08338787406682968,spectral
FEA,spectral_entropy_min,0.03084690123796463,spectral
FEA,spectral_entropy_max,0.0312361903488636,spectral
FEA,spectral_entropy_median,0.06435193121433258,spectral
FEA,spectral_entropy_iqr,0.03070729598402977,spectral
FEA,spectral_entropy_skew,0.0488942451775074,spectral
FEA,spectral_entropy_kurt,0.03638162463903427,spectral
FEA,spectral_slope_mean,0.02565382979810238,spectral
FEA,spectral_slope_std,0.03519177809357643,spectral
FEA,spectral_slope_min,0.0269665215164423,spectral
FEA,spectral_slope_max,0.052193257957696915,spectral
FEA,spectral_slope_median,0.02384045347571373,spectral
FEA,spectral_slope_iqr,0.023951873183250427,spectral
FEA,spectral_slope_skew,0.025787925347685814,spectral
FEA,spectral_slope_kurt,0.04140036925673485,spectral
FEA,spectral_band_0_500_mean,0.07116138190031052,spectral
FEA,spectral_band_0_500_std,0.1062452420592308,spectral
FEA,spectral_band_500_1000_mean,0.13434773683547974,spectral
FEA,spectral_band_500_1000_std,0.0997840166091919,spectral
FEA,spectral_band_1000_2000_mean,0.03065129928290844,spectral
FEA,spectral_band_1000_2000_std,0.04154009744524956,spectral
FEA,spectral_band_2000_3000_mean,0.015370870009064674,spectral
FEA,spectral_band_2000_3000_std,0.03898338973522186,spectral
FEA,spectral_band_3000_4000_mean,0.03058219887316227,spectral
FEA,spectral_band_3000_4000_std,0.06500572711229324,spectral
FEA,spectral_band_4000_5000_mean,0.019098902121186256,spectral
FEA,spectral_band_4000_5000_std,0.066160649061203,spectral
FEA,spectral_band_5000_6000_mean,0.021229295060038567,spectral
FEA,spectral_band_5000_6000_std,0.024359794333577156,spectral
FEA,spectral_band_6000_8000_mean,0.016260508447885513,spectral
FEA,spectral_band_6000_8000_std,0.01806546002626419,spectral
FEA,spectral_hf_ratio_4000_mean,0.016560733318328857,spectral
FEA,spectral_hf_ratio_4000_std,0.02118481509387493,spectral
FEA,spectral_hf_ratio_6000_mean,0.015488438308238983,spectral
FEA,spectral_hf_ratio_6000_std,0.024765903130173683,spectral
FEA,spectral_contrast_0_mean,0.03416433185338974,spectral
FEA,spectral_contrast_0_std,0.03936155512928963,spectral
FEA,spectral_contrast_1_mean,0.1647256463766098,spectral
FEA,spectral_contrast_1_std,0.0811428502202034,spectral
FEA,spectral_contrast_2_mean,0.09879861027002335,spectral
FEA,spectral_contrast_2_std,0.025259630754590034,spectral
FEA,spectral_contrast_3_mean,0.05192216485738754,spectral
FEA,spectral_contrast_3_std,0.13093923032283783,spectral
FEA,spectral_contrast_4_mean,0.038678012788295746,spectral
FEA,spectral_contrast_4_std,0.055661048740148544,spectral
FEA,spectral_contrast_5_mean,0.02693718858063221,spectral
FEA,spectral_contrast_5_std,0.03936520591378212,spectral
FEA,spectral_contrast_6_mean,0.03381279855966568,spectral
FEA,spectral_contrast_6_std,0.032126136124134064,spectral
FEA,mfcc_00_mean,0.06565768271684647,mfcc
FEA,mfcc_00_std,0.033259447664022446,mfcc
FEA,mfcc_00_min,0.029825357720255852,mfcc
FEA,mfcc_00_max,0.04603547975420952,mfcc
FEA,mfcc_00_median,0.03755597770214081,mfcc
FEA,mfcc_00_iqr,0.08110248297452927,mfcc
FEA,mfcc_00_skew,0.09393786638975143,mfcc
FEA,mfcc_00_kurt,0.10610321164131165,mfcc
FEA,mfcc_01_mean,0.021980909630656242,mfcc
FEA,mfcc_01_std,0.03407593443989754,mfcc
FEA,mfcc_01_min,0.03506750985980034,mfcc
FEA,mfcc_01_max,0.02949550375342369,mfcc
FEA,mfcc_01_median,0.044594354927539825,mfcc
FEA,mfcc_01_iqr,0.03997477889060974,mfcc
FEA,mfcc_01_skew,0.04098981246352196,mfcc
FEA,mfcc_01_kurt,0.05334816500544548,mfcc
FEA,mfcc_02_mean,0.030404523015022278,mfcc
FEA,mfcc_02_std,0.1092018261551857,mfcc
FEA,mfcc_02_min,0.03861789405345917,mfcc
FEA,mfcc_02_max,0.07137756049633026,mfcc
FEA,mfcc_02_median,0.16886316239833832,mfcc
FEA,mfcc_02_iqr,0.03686508536338806,mfcc
FEA,mfcc_02_skew,0.04892402142286301,mfcc
FEA,mfcc_02_kurt,0.029791252687573433,mfcc
FEA,mfcc_03_mean,0.0570535734295845,mfcc
FEA,mfcc_03_std,0.11799360811710358,mfcc
FEA,mfcc_03_min,0.032265208661556244,mfcc
FEA,mfcc_03_max,0.049792949110269547,mfcc
FEA,mfcc_03_median,0.07335010170936584,mfcc
FEA,mfcc_03_iqr,0.024877503514289856,mfcc
FEA,mfcc_03_skew,0.04880000278353691,mfcc
FEA,mfcc_03_kurt,0.029497403651475906,mfcc
FEA,mfcc_04_mean,0.07331769168376923,mfcc
FEA,mfcc_04_std,0.10192238539457321,mfcc
FEA,mfcc_04_min,0.04127878323197365,mfcc
FEA,mfcc_04_max,0.02913757599890232,mfcc
FEA,mfcc_04_median,0.045295000076293945,mfcc
FEA,mfcc_04_iqr,0.022284075617790222,mfcc
FEA,mfcc_04_skew,0.04396933689713478,mfcc
FEA,mfcc_04_kurt,0.025249768048524857,mfcc
FEA,mfcc_05_mean,0.024138521403074265,mfcc
FEA,mfcc_05_std,0.07447347790002823,mfcc
FEA,mfcc_05_min,0.0398700088262558,mfcc
FEA,mfcc_05_max,0.038567546755075455,mfcc
FEA,mfcc_05_median,0.06310725212097168,mfcc
FEA,mfcc_05_iqr,0.02713090553879738,mfcc
FEA,mfcc_05_skew,0.04797246679663658,mfcc
FEA,mfcc_05_kurt,0.03048594854772091,mfcc
FEA,mfcc_06_mean,0.08137267082929611,mfcc
FEA,mfcc_06_std,0.14044241607189178,mfcc
FEA,mfcc_06_min,0.07598467171192169,mfcc
FEA,mfcc_06_max,0.05651633068919182,mfcc
FEA,mfcc_06_median,0.13772371411323547,mfcc
FEA,mfcc_06_iqr,0.02816108427941799,mfcc
FEA,mfcc_06_skew,0.029439089819788933,mfcc
FEA,mfcc_06_kurt,0.031202560290694237,mfcc
FEA,mfcc_07_mean,0.06566990911960602,mfcc
FEA,mfcc_07_std,0.11356980353593826,mfcc
FEA,mfcc_07_min,0.09195507317781448,mfcc
FEA,mfcc_07_max,0.03976220265030861,mfcc
FEA,mfcc_07_median,0.05013098940253258,mfcc
FEA,mfcc_07_iqr,0.08507825434207916,mfcc
FEA,mfcc_07_skew,0.03267166018486023,mfcc
FEA,mfcc_07_kurt,0.06512265652418137,mfcc
FEA,mfcc_08_mean,0.07692409306764603,mfcc
FEA,mfcc_08_std,0.02798784337937832,mfcc
FEA,mfcc_08_min,0.04023421183228493,mfcc
FEA,mfcc_08_max,0.05997448042035103,mfcc
FEA,mfcc_08_median,0.08902978897094727,mfcc
FEA,mfcc_08_iqr,0.07202499359846115,mfcc
FEA,mfcc_08_skew,0.0514351986348629,mfcc
FEA,mfcc_08_kurt,0.05499104782938957,mfcc
FEA,mfcc_09_mean,0.05685748532414436,mfcc
FEA,mfcc_09_std,0.08296284824609756,mfcc
FEA,mfcc_09_min,0.028562216088175774,mfcc
FEA,mfcc_09_max,0.06930156797170639,mfcc
FEA,mfcc_09_median,0.1019250825047493,mfcc
FEA,mfcc_09_iqr,0.03612757846713066,mfcc
FEA,mfcc_09_skew,0.038232967257499695,mfcc
FEA,mfcc_09_kurt,0.026685146614909172,mfcc
FEA,mfcc_10_mean,0.06721041351556778,mfcc
FEA,mfcc_10_std,0.02706894464790821,mfcc
FEA,mfcc_10_min,0.035883828997612,mfcc
FEA,mfcc_10_max,0.021835118532180786,mfcc
FEA,mfcc_10_median,0.05991596728563309,mfcc
FEA,mfcc_10_iqr,0.048364195972681046,mfcc
FEA,mfcc_10_skew,0.035297513008117676,mfcc
FEA,mfcc_10_kurt,0.034619126468896866,mfcc
FEA,mfcc_11_mean,0.0345720499753952,mfcc
FEA,mfcc_11_std,0.08505109697580338,mfcc
FEA,mfcc_11_min,0.03219188377261162,mfcc
FEA,mfcc_11_max,0.036376822739839554,mfcc
FEA,mfcc_11_median,0.031303126364946365,mfcc
FEA,mfcc_11_iqr,0.044499658048152924,mfcc
FEA,mfcc_11_skew,0.07877744734287262,mfcc
FEA,mfcc_11_kurt,0.04976169764995575,mfcc
FEA,mfcc_12_mean,0.036264244467020035,mfcc
FEA,mfcc_12_std,0.032481804490089417,mfcc
FEA,mfcc_12_min,0.04146852344274521,mfcc
FEA,mfcc_12_max,0.0598820224404335,mfcc
FEA,mfcc_12_median,0.03468836098909378,mfcc
FEA,mfcc_12_iqr,0.05323927104473114,mfcc
FEA,mfcc_12_skew,0.030955612659454346,mfcc
FEA,mfcc_12_kurt,0.037393298000097275,mfcc
FEA,mfcc_13_mean,0.06145181134343147,mfcc
FEA,mfcc_13_std,0.021815409883856773,mfcc
FEA,mfcc_13_min,0.12200093269348145,mfcc
FEA,mfcc_13_max,0.033157285302877426,mfcc
FEA,mfcc_13_median,0.030698716640472412,mfcc
FEA,mfcc_13_iqr,0.021210776641964912,mfcc
FEA,mfcc_13_skew,0.03241973742842674,mfcc
FEA,mfcc_13_kurt,0.03456973657011986,mfcc
FEA,mfcc_14_mean,0.04685685783624649,mfcc
FEA,mfcc_14_std,0.08782549202442169,mfcc
FEA,mfcc_14_min,0.06854856014251709,mfcc
FEA,mfcc_14_max,0.023373734205961227,mfcc
FEA,mfcc_14_median,0.03484282270073891,mfcc
FEA,mfcc_14_iqr,0.09413627535104752,mfcc
FEA,mfcc_14_skew,0.07341235131025314,mfcc
FEA,mfcc_14_kurt,0.033920351415872574,mfcc
FEA,mfcc_15_mean,0.04955194145441055,mfcc
FEA,mfcc_15_std,0.03838076442480087,mfcc
FEA,mfcc_15_min,0.07287504523992538,mfcc
FEA,mfcc_15_max,0.028725286945700645,mfcc
FEA,mfcc_15_median,0.07912833243608475,mfcc
FEA,mfcc_15_iqr,0.03824872151017189,mfcc
FEA,mfcc_15_skew,0.03014299087226391,mfcc
FEA,mfcc_15_kurt,0.040136851370334625,mfcc
FEA,mfcc_16_mean,0.0395459420979023,mfcc
FEA,mfcc_16_std,0.06640437990427017,mfcc
FEA,mfcc_16_min,0.03125431388616562,mfcc
FEA,mfcc_16_max,0.038373615592718124,mfcc
FEA,mfcc_16_median,0.028771094977855682,mfcc
FEA,mfcc_16_iqr,0.038706693798303604,mfcc
FEA,mfcc_16_skew,0.026810452342033386,mfcc
FEA,mfcc_16_kurt,0.02852615900337696,mfcc
FEA,mfcc_17_mean,0.04202282428741455,mfcc
FEA,mfcc_17_std,0.03338542953133583,mfcc
FEA,mfcc_17_min,0.028667306527495384,mfcc
FEA,mfcc_17_max,0.07390116900205612,mfcc
FEA,mfcc_17_median,0.040339190512895584,mfcc
FEA,mfcc_17_iqr,0.032045889645814896,mfcc
FEA,mfcc_17_skew,0.023486481979489326,mfcc
FEA,mfcc_17_kurt,0.025389235466718674,mfcc
FEA,mfcc_18_mean,0.028062298893928528,mfcc
FEA,mfcc_18_std,0.03586434945464134,mfcc
FEA,mfcc_18_min,0.04506799951195717,mfcc
FEA,mfcc_18_max,0.023584555834531784,mfcc
FEA,mfcc_18_median,0.032497555017471313,mfcc
FEA,mfcc_18_iqr,0.036684490740299225,mfcc
FEA,mfcc_18_skew,0.0223837923258543,mfcc
FEA,mfcc_18_kurt,0.036903806030750275,mfcc
FEA,mfcc_19_mean,0.05459315702319145,mfcc
FEA,mfcc_19_std,0.0282357819378376,mfcc
FEA,mfcc_19_min,0.0377066507935524,mfcc
FEA,mfcc_19_max,0.07983825355768204,mfcc
FEA,mfcc_19_median,0.027001898735761642,mfcc
FEA,mfcc_19_iqr,0.03181743249297142,mfcc
FEA,mfcc_19_skew,0.04180204123258591,mfcc
FEA,mfcc_19_kurt,0.028575923293828964,mfcc
FEA,mfcc_d1_00_mean,0.032276879996061325,mfcc
FEA,mfcc_d1_00_std,0.20846831798553467,mfcc
FEA,mfcc_d2_00_mean,0.03346725180745125,mfcc
FEA,mfcc_d2_00_std,0.09092316776514053,mfcc
FEA,mfcc_d1_01_mean,0.028876537457108498,mfcc
FEA,mfcc_d1_01_std,0.060512613505125046,mfcc
FEA,mfcc_d2_01_mean,0.03980587050318718,mfcc
FEA,mfcc_d2_01_std,0.043746937066316605,mfcc
FEA,mfcc_d1_02_mean,0.0418427549302578,mfcc
FEA,mfcc_d1_02_std,0.13558892905712128,mfcc
FEA,mfcc_d2_02_mean,0.06093054637312889,mfcc
FEA,mfcc_d2_02_std,0.048638515174388885,mfcc
FEA,mfcc_d1_03_mean,0.0278512891381979,mfcc
FEA,mfcc_d1_03_std,0.04122414439916611,mfcc
FEA,mfcc_d2_03_mean,0.08682994544506073,mfcc
FEA,mfcc_d2_03_std,0.17012114822864532,mfcc
FEA,mfcc_d1_04_mean,0.09792495518922806,mfcc
FEA,mfcc_d1_04_std,0.09304031729698181,mfcc
FEA,mfcc_d2_04_mean,0.039563752710819244,mfcc
FEA,mfcc_d2_04_std,0.040073953568935394,mfcc
FEA,mfcc_d1_05_mean,0.03493613377213478,mfcc
FEA,mfcc_d1_05_std,0.168547585606575,mfcc
FEA,mfcc_d2_05_mean,0.03752918541431427,mfcc
FEA,mfcc_d2_05_std,0.04137648642063141,mfcc
FEA,mfcc_d1_06_mean,0.049753595143556595,mfcc
FEA,mfcc_d1_06_std,0.04783055558800697,mfcc
FEA,mfcc_d2_06_mean,0.03223104029893875,mfcc
FEA,mfcc_d2_06_std,0.04711826145648956,mfcc
FEA,mfcc_d1_07_mean,0.0354568213224411,mfcc
FEA,mfcc_d1_07_std,0.039060141891241074,mfcc
FEA,mfcc_d2_07_mean,0.05944368988275528,mfcc
FEA,mfcc_d2_07_std,0.05792543292045593,mfcc
FEA,mfcc_d1_08_mean,0.037064388394355774,mfcc
FEA,mfcc_d1_08_std,0.07945462316274643,mfcc
FEA,mfcc_d2_08_mean,0.035395752638578415,mfcc
FEA,mfcc_d2_08_std,0.07948655635118484,mfcc
FEA,mfcc_d1_09_mean,0.0387292243540287,mfcc
FEA,mfcc_d1_09_std,0.034048862755298615,mfcc
FEA,mfcc_d2_09_mean,0.02789098396897316,mfcc
FEA,mfcc_d2_09_std,0.03729979321360588,mfcc
FEA,mfcc_d1_10_mean,0.027814285829663277,mfcc
FEA,mfcc_d1_10_std,0.04059650003910065,mfcc
FEA,mfcc_d2_10_mean,0.037992075085639954,mfcc
FEA,mfcc_d2_10_std,0.04888385906815529,mfcc
FEA,mfcc_d1_11_mean,0.04284912347793579,mfcc
FEA,mfcc_d1_11_std,0.029456796124577522,mfcc
FEA,mfcc_d2_11_mean,0.05801602080464363,mfcc
FEA,mfcc_d2_11_std,0.07017119228839874,mfcc
FEA,mfcc_d1_12_mean,0.029947621747851372,mfcc
FEA,mfcc_d1_12_std,0.04788563773036003,mfcc
FEA,mfcc_d2_12_mean,0.04177773371338844,mfcc
FEA,mfcc_d2_12_std,0.029823478311300278,mfcc
FEA,mfcc_d1_13_mean,0.04180428385734558,mfcc
FEA,mfcc_d1_13_std,0.05682263523340225,mfcc
FEA,mfcc_d2_13_mean,0.03530212119221687,mfcc
FEA,mfcc_d2_13_std,0.02809910476207733,mfcc
FEA,mfcc_d1_14_mean,0.06215415149927139,mfcc
FEA,mfcc_d1_14_std,0.06128089874982834,mfcc
FEA,mfcc_d2_14_mean,0.03340602293610573,mfcc
FEA,mfcc_d2_14_std,0.04080595448613167,mfcc
FEA,mfcc_d1_15_mean,0.03275933116674423,mfcc
FEA,mfcc_d1_15_std,0.027856238186359406,mfcc
FEA,mfcc_d2_15_mean,0.043247777968645096,mfcc
FEA,mfcc_d2_15_std,0.036416128277778625,mfcc
FEA,mfcc_d1_16_mean,0.05611804872751236,mfcc
FEA,mfcc_d1_16_std,0.05149172618985176,mfcc
FEA,mfcc_d2_16_mean,0.03387885540723801,mfcc
FEA,mfcc_d2_16_std,0.0389738604426384,mfcc
FEA,mfcc_d1_17_mean,0.034917403012514114,mfcc
FEA,mfcc_d1_17_std,0.028719034045934677,mfcc
FEA,mfcc_d2_17_mean,0.026847584173083305,mfcc
FEA,mfcc_d2_17_std,0.05141739174723625,mfcc
FEA,mfcc_d1_18_mean,0.05676720291376114,mfcc
FEA,mfcc_d1_18_std,0.03409630432724953,mfcc
FEA,mfcc_d2_18_mean,0.03466852754354477,mfcc
FEA,mfcc_d2_18_std,0.034532055258750916,mfcc
FEA,mfcc_d1_19_mean,0.04562983289361,mfcc
FEA,mfcc_d1_19_std,0.04317031428217888,mfcc
FEA,mfcc_d2_19_mean,0.05348030850291252,mfcc
FEA,mfcc_d2_19_std,0.05767672136425972,mfcc
FEA,chroma_00_mean,0.1131218746304512,chroma
FEA,chroma_00_std,0.052223533391952515,chroma
FEA,chroma_01_mean,0.027043823152780533,chroma
FEA,chroma_01_std,0.057315438985824585,chroma
FEA,chroma_02_mean,0.049172092229127884,chroma
FEA,chroma_02_std,0.07553166896104813,chroma
FEA,chroma_03_mean,0.02873767912387848,chroma
FEA,chroma_03_std,0.042289722710847855,chroma
FEA,chroma_04_mean,0.11040077358484268,chroma
FEA,chroma_04_std,0.04887204244732857,chroma
FEA,chroma_05_mean,0.03385156765580177,chroma
FEA,chroma_05_std,0.0517127625644207,chroma
FEA,chroma_06_mean,0.12982185184955597,chroma
FEA,chroma_06_std,0.05591285601258278,chroma
FEA,chroma_07_mean,0.037748731672763824,chroma
FEA,chroma_07_std,0.03321975842118263,chroma
FEA,chroma_08_mean,0.037981465458869934,chroma
FEA,chroma_08_std,0.046476054936647415,chroma
FEA,chroma_09_mean,0.03221205621957779,chroma
FEA,chroma_09_std,0.09812206774950027,chroma
FEA,chroma_10_mean,0.14050942659378052,chroma
FEA,chroma_10_std,0.027465609833598137,chroma
FEA,chroma_11_mean,0.04140534624457359,chroma
FEA,chroma_11_std,0.0758204236626625,chroma
FEA,prosody_f0_mean,0.15694119036197662,prosody
FEA,prosody_f0_std,0.06695455312728882,prosody
FEA,prosody_f0_min,0.1319948136806488,prosody
FEA,prosody_f0_max,0.02444986253976822,prosody
FEA,prosody_f0_median,0.23490875959396362,prosody
FEA,prosody_f0_iqr,0.15488190948963165,prosody
FEA,prosody_f0_skew,0.15719842910766602,prosody
FEA,prosody_f0_kurt,0.08828188478946686,prosody
FEA,prosody_voiced_fraction,0.09638065844774246,prosody
FEA,prosody_f0_slope_abs_mean,0.04091193154454231,prosody
FEA,prosody_n_voiced_segments,0.03388608992099762,prosody
FEA,prosody_voiced_rate_per_s,0.042687803506851196,prosody
FEA,prosody_mean_voiced_seg_s,0.09604110568761826,prosody
FEA,prosody_pause_fraction,0.10184599459171295,prosody
FEA,prosody_jitter_local,0.02918890304863453,prosody
FEA,prosody_jitter_rap,0.0519406758248806,prosody
FEA,prosody_jitter_ppq5,0.036149635910987854,prosody
FEA,prosody_jitter_ddp,0.024401742964982986,prosody
FEA,prosody_shimmer_local,0.06009628251194954,prosody
FEA,prosody_shimmer_localdb,0.042618848383426666,prosody
FEA,prosody_shimmer_apq3,0.044229429215192795,prosody
FEA,prosody_shimmer_apq5,0.05198778584599495,prosody
FEA,prosody_shimmer_apq11,0.030947528779506683,prosody
FEA,prosody_shimmer_dda,0.046139370650053024,prosody
FEA,prosody_hnr_mean,0.057145263999700546,prosody
FEA,prosody_hnr_std,0.18076418340206146,prosody
FEA,prosody_hnr_min,0.028322337195277214,prosody
FEA,prosody_hnr_max,0.05483797565102577,prosody
FEA,prosody_hnr_median,0.030696310102939606,prosody
FEA,prosody_f1_mean,0.07462650537490845,prosody
FEA,prosody_f1_std,0.029849480837583542,prosody
FEA,prosody_f1_median,0.050429653376340866,prosody
FEA,prosody_f1_bw_median,0.11429097503423691,prosody
FEA,prosody_f2_mean,0.15635459125041962,prosody
FEA,prosody_f2_std,0.04097691550850868,prosody
FEA,prosody_f2_median,0.026523083448410034,prosody
FEA,prosody_f2_bw_median,0.049384381622076035,prosody
FEA,prosody_f3_mean,0.05942918732762337,prosody
FEA,prosody_f3_std,0.02891724184155464,prosody
FEA,prosody_f3_median,0.05319774150848389,prosody
FEA,prosody_f3_bw_median,0.038644835352897644,prosody
FEA,prosody_f4_mean,0.03707301989197731,prosody
FEA,prosody_f4_std,0.03803962841629982,prosody
FEA,prosody_f4_median,0.07752428948879242,prosody
FEA,prosody_f5_mean,0.031493522226810455,prosody
FEA,prosody_f5_std,0.043661728501319885,prosody
FEA,prosody_f5_median,0.03503702953457832,prosody
FEA,prosody_intensity_mean,0.05487146973609924,prosody
FEA,prosody_intensity_std,0.06586939841508865,prosody
FEA,prosody_intensity_min,0.02785058319568634,prosody
FEA,prosody_intensity_max,0.04272649809718132,prosody
FEA,prosody_intensity_median,0.028505275025963783,prosody
FEA,prosody_intensity_iqr,0.10461213439702988,prosody
FEA,prosody_intensity_skew,0.031779613345861435,prosody
FEA,prosody_intensity_kurt,0.07023516297340393,prosody
FEA,prosody_cpps,0.16586342453956604,prosody
HAP,duration_s,0.30738064646720886,other
HAP,peak_amplitude,0.07181274145841599,other
HAP,spectral_centroid_mean,0.021864205598831177,spectral
HAP,spectral_centroid_std,0.0390092134475708,spectral
HAP,spectral_centroid_min,0.043170854449272156,spectral
HAP,spectral_centroid_max,0.082585409283638,spectral
HAP,spectral_centroid_median,0.07464923709630966,spectral
HAP,spectral_centroid_iqr,0.06348402053117752,spectral
HAP,spectral_centroid_skew,0.04693615436553955,spectral
HAP,spectral_centroid_kurt,0.019297705963253975,spectral
HAP,spectral_bandwidth_mean,0.02278527431190014,spectral
HAP,spectral_bandwidth_std,0.03903619199991226,spectral
HAP,spectral_bandwidth_min,0.032728925347328186,spectral
HAP,spectral_bandwidth_max,0.0670555904507637,spectral
HAP,spectral_bandwidth_median,0.09127173572778702,spectral
HAP,spectral_bandwidth_iqr,0.019878210499882698,spectral
HAP,spectral_bandwidth_skew,0.03883807361125946,spectral
HAP,spectral_bandwidth_kurt,0.02633272111415863,spectral
HAP,spectral_rolloff85_mean,0.02949165739119053,spectral
HAP,spectral_rolloff85_std,0.023778434842824936,spectral
HAP,spectral_rolloff85_min,0.03199202939867973,spectral
HAP,spectral_rolloff85_max,0.036362532526254654,spectral
HAP,spectral_rolloff85_median,0.02932117134332657,spectral
HAP,spectral_rolloff85_iqr,0.025759970769286156,spectral
HAP,spectral_rolloff85_skew,0.018917256966233253,spectral
HAP,spectral_rolloff85_kurt,0.03962729871273041,spectral
HAP,spectral_rolloff95_mean,0.03161637485027313,spectral
HAP,spectral_rolloff95_std,0.037612635642290115,spectral
HAP,spectral_rolloff95_min,0.04189644008874893,spectral
HAP,spectral_rolloff95_max,0.06162187084555626,spectral
HAP,spectral_rolloff95_median,0.051715187728405,spectral
HAP,spectral_rolloff95_iqr,0.021314701065421104,spectral
HAP,spectral_rolloff95_skew,0.02750357612967491,spectral
HAP,spectral_rolloff95_kurt,0.02636881172657013,spectral
HAP,spectral_flatness_mean,0.03636988624930382,spectral
HAP,spectral_flatness_std,0.08219991624355316,spectral
HAP,spectral_flatness_min,0.14213423430919647,spectral
HAP,spectral_flatness_max,0.03534010425209999,spectral
HAP,spectral_flatness_median,0.06021042540669441,spectral
HAP,spectral_flatness_iqr,0.07467136532068253,spectral
HAP,spectral_flatness_skew,0.04225322604179382,spectral
HAP,spectral_flatness_kurt,0.06711459159851074,spectral
HAP,spectral_zcr_mean,0.020063428208231926,spectral
HAP,spectral_zcr_std,0.023159684613347054,spectral
HAP,spectral_zcr_min,0.033860061317682266,spectral
HAP,spectral_zcr_max,0.03920857980847359,spectral
HAP,spectral_zcr_median,0.023615922778844833,spectral
HAP,spectral_zcr_iqr,0.047434013336896896,spectral
HAP,spectral_zcr_skew,0.06320886313915253,spectral
HAP,spectral_zcr_kurt,0.07932112365961075,spectral
HAP,spectral_rms_mean,0.09025704115629196,spectral
HAP,spectral_rms_std,0.08410835266113281,spectral
HAP,spectral_rms_min,0.06466655433177948,spectral
HAP,spectral_rms_max,0.026746584102511406,spectral
HAP,spectral_rms_median,0.09232650697231293,spectral
HAP,spectral_rms_iqr,0.09246467798948288,spectral
HAP,spectral_rms_skew,0.04191696643829346,spectral
HAP,spectral_rms_kurt,0.026158824563026428,spectral
HAP,spectral_flux_mean,0.02686998061835766,spectral
HAP,spectral_flux_std,0.24722562730312347,spectral
HAP,spectral_flux_min,0.046252619475126266,spectral
HAP,spectral_flux_max,0.12452775239944458,spectral
HAP,spectral_flux_median,0.051173023879528046,spectral
HAP,spectral_flux_iqr,0.11714983731508255,spectral
HAP,spectral_flux_skew,0.021851856261491776,spectral
HAP,spectral_flux_kurt,0.05163911357522011,spectral
HAP,spectral_entropy_mean,0.038806796073913574,spectral
HAP,spectral_entropy_std,0.03232206776738167,spectral
HAP,spectral_entropy_min,0.04686231166124344,spectral
HAP,spectral_entropy_max,0.08869350701570511,spectral
HAP,spectral_entropy_median,0.03420032560825348,spectral
HAP,spectral_entropy_iqr,0.023106146603822708,spectral
HAP,spectral_entropy_skew,0.04470447078347206,spectral
HAP,spectral_entropy_kurt,0.028215935453772545,spectral
HAP,spectral_slope_mean,0.05198588967323303,spectral
HAP,spectral_slope_std,0.040053434669971466,spectral
HAP,spectral_slope_min,0.024696193635463715,spectral
HAP,spectral_slope_max,0.05558117479085922,spectral
HAP,spectral_slope_median,0.027851572260260582,spectral
HAP,spectral_slope_iqr,0.08633799105882645,spectral
HAP,spectral_slope_skew,0.06279747933149338,spectral
HAP,spectral_slope_kurt,0.050506655126810074,spectral
HAP,spectral_band_0_500_mean,0.04332888126373291,spectral
HAP,spectral_band_0_500_std,0.029894361272454262,spectral
HAP,spectral_band_500_1000_mean,0.03655034303665161,spectral
HAP,spectral_band_500_1000_std,0.1379466950893402,spectral
HAP,spectral_band_1000_2000_mean,0.09398224204778671,spectral
HAP,spectral_band_1000_2000_std,0.05674651637673378,spectral
HAP,spectral_band_2000_3000_mean,0.026591964066028595,spectral
HAP,spectral_band_2000_3000_std,0.11372116208076477,spectral
HAP,spectral_band_3000_4000_mean,0.05660523101687431,spectral
HAP,spectral_band_3000_4000_std,0.1284942477941513,spectral
HAP,spectral_band_4000_5000_mean,0.03503521531820297,spectral
HAP,spectral_band_4000_5000_std,0.022282643243670464,spectral
HAP,spectral_band_5000_6000_mean,0.021302588284015656,spectral
HAP,spectral_band_5000_6000_std,0.048405978828668594,spectral
HAP,spectral_band_6000_8000_mean,0.018373500555753708,spectral
HAP,spectral_band_6000_8000_std,0.05206995829939842,spectral
HAP,spectral_hf_ratio_4000_mean,0.017844924703240395,spectral
HAP,spectral_hf_ratio_4000_std,0.028710581362247467,spectral
HAP,spectral_hf_ratio_6000_mean,0.019154038280248642,spectral
HAP,spectral_hf_ratio_6000_std,0.04458700120449066,spectral
HAP,spectral_contrast_0_mean,0.019929474219679832,spectral
HAP,spectral_contrast_0_std,0.0398370735347271,spectral
HAP,spectral_contrast_1_mean,0.05484528839588165,spectral
HAP,spectral_contrast_1_std,0.12009163945913315,spectral
HAP,spectral_contrast_2_mean,0.10164930671453476,spectral
HAP,spectral_contrast_2_std,0.03528296574950218,spectral
HAP,spectral_contrast_3_mean,0.032448213547468185,spectral
HAP,spectral_contrast_3_std,0.048565227538347244,spectral
HAP,spectral_contrast_4_mean,0.0334077812731266,spectral
HAP,spectral_contrast_4_std,0.034802019596099854,spectral
HAP,spectral_contrast_5_mean,0.0336306057870388,spectral
HAP,spectral_contrast_5_std,0.0956459566950798,spectral
HAP,spectral_contrast_6_mean,0.08520454913377762,spectral
HAP,spectral_contrast_6_std,0.033102814108133316,spectral
HAP,mfcc_00_mean,0.03160708397626877,mfcc
HAP,mfcc_00_std,0.07652629911899567,mfcc
HAP,mfcc_00_min,0.04287838563323021,mfcc
HAP,mfcc_00_max,0.039369724690914154,mfcc
HAP,mfcc_00_median,0.13679149746894836,mfcc
HAP,mfcc_00_iqr,0.1137332171201706,mfcc
HAP,mfcc_00_skew,0.05811217054724693,mfcc
HAP,mfcc_00_kurt,0.030084438621997833,mfcc
HAP,mfcc_01_mean,0.02472863346338272,mfcc
HAP,mfcc_01_std,0.034382063895463943,mfcc
HAP,mfcc_01_min,0.08104495704174042,mfcc
HAP,mfcc_01_max,0.029022302478551865,mfcc
HAP,mfcc_01_median,0.033348117023706436,mfcc
HAP,mfcc_01_iqr,0.046856239438056946,mfcc
HAP,mfcc_01_skew,0.03875941410660744,mfcc
HAP,mfcc_01_kurt,0.029315801337361336,mfcc
HAP,mfcc_02_mean,0.04757680743932724,mfcc
HAP,mfcc_02_std,0.055385392159223557,mfcc
HAP,mfcc_02_min,0.03657040372490883,mfcc
HAP,mfcc_02_max,0.03734767809510231,mfcc
HAP,mfcc_02_median,0.07485224306583405,mfcc
HAP,mfcc_02_iqr,0.07230344414710999,mfcc
HAP,mfcc_02_skew,0.04087941721081734,mfcc
HAP,mfcc_02_kurt,0.03142034634947777,mfcc
HAP,mfcc_03_mean,0.040813833475112915,mfcc
HAP,mfcc_03_std,0.05410473421216011,mfcc
HAP,mfcc_03_min,0.08223340660333633,mfcc
HAP,mfcc_03_max,0.050360843539237976,mfcc
HAP,mfcc_03_median,0.0391448549926281,mfcc
HAP,mfcc_03_iqr,0.028574557974934578,mfcc
HAP,mfcc_03_skew,0.026460794731974602,mfcc
HAP,mfcc_03_kurt,0.026620078831911087,mfcc
HAP,mfcc_04_mean,0.09003005921840668,mfcc
HAP,mfcc_04_std,0.09550607949495316,mfcc
HAP,mfcc_04_min,0.0664573609828949,mfcc
HAP,mfcc_04_max,0.08804778754711151,mfcc
HAP,mfcc_04_median,0.1269095093011856,mfcc
HAP,mfcc_04_iqr,0.043435320258140564,mfcc
HAP,mfcc_04_skew,0.033641356974840164,mfcc
HAP,mfcc_04_kurt,0.06884734332561493,mfcc
HAP,mfcc_05_mean,0.04860738292336464,mfcc
HAP,mfcc_05_std,0.03596905618906021,mfcc
HAP,mfcc_05_min,0.04817638173699379,mfcc
HAP,mfcc_05_max,0.073394276201725,mfcc
HAP,mfcc_05_median,0.09032955765724182,mfcc
HAP,mfcc_05_iqr,0.03662443533539772,mfcc
HAP,mfcc_05_skew,0.0821218341588974,mfcc
HAP,mfcc_05_kurt,0.049827609211206436,mfcc
HAP,mfcc_06_mean,0.062064241617918015,mfcc
HAP,mfcc_06_std,0.04066583141684532,mfcc
HAP,mfcc_06_min,0.10646534711122513,mfcc
HAP,mfcc_06_max,0.031854696571826935,mfcc
HAP,mfcc_06_median,0.07215705513954163,mfcc
HAP,mfcc_06_iqr,0.027512654662132263,mfcc
HAP,mfcc_06_skew,0.035887401551008224,mfcc
HAP,mfcc_06_kurt,0.07109284400939941,mfcc
HAP,mfcc_07_mean,0.10347054898738861,mfcc
HAP,mfcc_07_std,0.09420681744813919,mfcc
HAP,mfcc_07_min,0.056151315569877625,mfcc
HAP,mfcc_07_max,0.05937943607568741,mfcc
HAP,mfcc_07_median,0.034024279564619064,mfcc
HAP,mfcc_07_iqr,0.031728990375995636,mfcc
HAP,mfcc_07_skew,0.0436331108212471,mfcc
HAP,mfcc_07_kurt,0.033958736807107925,mfcc
HAP,mfcc_08_mean,0.033903542906045914,mfcc
HAP,mfcc_08_std,0.08385476469993591,mfcc
HAP,mfcc_08_min,0.05176813527941704,mfcc
HAP,mfcc_08_max,0.02543819136917591,mfcc
HAP,mfcc_08_median,0.05413021147251129,mfcc
HAP,mfcc_08_iqr,0.09016689658164978,mfcc
HAP,mfcc_08_skew,0.04335102438926697,mfcc
HAP,mfcc_08_kurt,0.03962530568242073,mfcc
HAP,mfcc_09_mean,0.05581867694854736,mfcc
HAP,mfcc_09_std,0.04130317270755768,mfcc
HAP,mfcc_09_min,0.0556943379342556,mfcc
HAP,mfcc_09_max,0.04998010769486427,mfcc
HAP,mfcc_09_median,0.04654718190431595,mfcc
HAP,mfcc_09_iqr,0.029989251866936684,mfcc
HAP,mfcc_09_skew,0.036669980734586716,mfcc
HAP,mfcc_09_kurt,0.02668730728328228,mfcc
HAP,mfcc_10_mean,0.08729108422994614,mfcc
HAP,mfcc_10_std,0.03211472928524017,mfcc
HAP,mfcc_10_min,0.04428879916667938,mfcc
HAP,mfcc_10_max,0.05312903970479965,mfcc
HAP,mfcc_10_median,0.09210359305143356,mfcc
HAP,mfcc_10_iqr,0.025290723890066147,mfcc
HAP,mfcc_10_skew,0.033054862171411514,mfcc
HAP,mfcc_10_kurt,0.05334152281284332,mfcc
HAP,mfcc_11_mean,0.027284713461995125,mfcc
HAP,mfcc_11_std,0.04029856249690056,mfcc
HAP,mfcc_11_min,0.02915913611650467,mfcc
HAP,mfcc_11_max,0.0340995267033577,mfcc
HAP,mfcc_11_median,0.03605341911315918,mfcc
HAP,mfcc_11_iqr,0.04623805359005928,mfcc
HAP,mfcc_11_skew,0.0538892038166523,mfcc
HAP,mfcc_11_kurt,0.05405421555042267,mfcc
HAP,mfcc_12_mean,0.033883605152368546,mfcc
HAP,mfcc_12_std,0.059498514980077744,mfcc
HAP,mfcc_12_min,0.02708343416452408,mfcc
HAP,mfcc_12_max,0.04682577773928642,mfcc
HAP,mfcc_12_median,0.0651860386133194,mfcc
HAP,mfcc_12_iqr,0.022514238953590393,mfcc
HAP,mfcc_12_skew,0.03572744503617287,mfcc
HAP,mfcc_12_kurt,0.029562130570411682,mfcc
HAP,mfcc_13_mean,0.06755640357732773,mfcc
HAP,mfcc_13_std,0.06112901121377945,mfcc
HAP,mfcc_13_min,0.08342401683330536,mfcc
HAP,mfcc_13_max,0.06230853870511055,mfcc
HAP,mfcc_13_median,0.08819246292114258,mfcc
HAP,mfcc_13_iqr,0.049115315079689026,mfcc
HAP,mfcc_13_skew,0.034868933260440826,mfcc
HAP,mfcc_13_kurt,0.0787985622882843,mfcc
HAP,mfcc_14_mean,0.02659476362168789,mfcc
HAP,mfcc_14_std,0.02809789590537548,mfcc
HAP,mfcc_14_min,0.06390921771526337,mfcc
HAP,mfcc_14_max,0.0163373202085495,mfcc
HAP,mfcc_14_median,0.05099765956401825,mfcc
HAP,mfcc_14_iqr,0.11001714318990707,mfcc
HAP,mfcc_14_skew,0.02789686806499958,mfcc
HAP,mfcc_14_kurt,0.04727344587445259,mfcc
HAP,mfcc_15_mean,0.06248364597558975,mfcc
HAP,mfcc_15_std,0.027565667405724525,mfcc
HAP,mfcc_15_min,0.04139002040028572,mfcc
HAP,mfcc_15_max,0.043056294322013855,mfcc
HAP,mfcc_15_median,0.030334873124957085,mfcc
HAP,mfcc_15_iqr,0.02713651955127716,mfcc
HAP,mfcc_15_skew,0.03106469102203846,mfcc
HAP,mfcc_15_kurt,0.023654162883758545,mfcc
HAP,mfcc_16_mean,0.05137241259217262,mfcc
HAP,mfcc_16_std,0.03526942804455757,mfcc
HAP,mfcc_16_min,0.028289295732975006,mfcc
HAP,mfcc_16_max,0.03305140510201454,mfcc
HAP,mfcc_16_median,0.03721491992473602,mfcc
HAP,mfcc_16_iqr,0.06260022521018982,mfcc
HAP,mfcc_16_skew,0.040834736078977585,mfcc
HAP,mfcc_16_kurt,0.052047327160835266,mfcc
HAP,mfcc_17_mean,0.03097311034798622,mfcc
HAP,mfcc_17_std,0.027517598122358322,mfcc
HAP,mfcc_17_min,0.08275111764669418,mfcc
HAP,mfcc_17_max,0.02587609365582466,mfcc
HAP,mfcc_17_median,0.026823174208402634,mfcc
HAP,mfcc_17_iqr,0.025641944259405136,mfcc
HAP,mfcc_17_skew,0.022385908290743828,mfcc
HAP,mfcc_17_kurt,0.04677106440067291,mfcc
HAP,mfcc_18_mean,0.07326146215200424,mfcc
HAP,mfcc_18_std,0.03625379130244255,mfcc
HAP,mfcc_18_min,0.026437915861606598,mfcc
HAP,mfcc_18_max,0.025714928284287453,mfcc
HAP,mfcc_18_median,0.0385473407804966,mfcc
HAP,mfcc_18_iqr,0.028155246749520302,mfcc
HAP,mfcc_18_skew,0.03018338233232498,mfcc
HAP,mfcc_18_kurt,0.03993702307343483,mfcc
HAP,mfcc_19_mean,0.030814610421657562,mfcc
HAP,mfcc_19_std,0.04710026830434799,mfcc
HAP,mfcc_19_min,0.03975765034556389,mfcc
HAP,mfcc_19_max,0.06524698436260223,mfcc
HAP,mfcc_19_median,0.06517069786787033,mfcc
HAP,mfcc_19_iqr,0.05998523160815239,mfcc
HAP,mfcc_19_skew,0.035288695245981216,mfcc
HAP,mfcc_19_kurt,0.041865285485982895,mfcc
HAP,mfcc_d1_00_mean,0.024099012836813927,mfcc
HAP,mfcc_d1_00_std,0.09345831722021103,mfcc
HAP,mfcc_d2_00_mean,0.035860445350408554,mfcc
HAP,mfcc_d2_00_std,0.09925410151481628,mfcc
HAP,mfcc_d1_01_mean,0.07436176389455795,mfcc
HAP,mfcc_d1_01_std,0.17530639469623566,mfcc
HAP,mfcc_d2_01_mean,0.028798049315810204,mfcc
HAP,mfcc_d2_01_std,0.034160252660512924,mfcc
HAP,mfcc_d1_02_mean,0.0493314191699028,mfcc
HAP,mfcc_d1_02_std,0.0857405960559845,mfcc
HAP,mfcc_d2_02_mean,0.05330350250005722,mfcc
HAP,mfcc_d2_02_std,0.041852518916130066,mfcc
HAP,mfcc_d1_03_mean,0.04711085557937622,mfcc
HAP,mfcc_d1_03_std,0.08243758231401443,mfcc
HAP,mfcc_d2_03_mean,0.03125471994280815,mfcc
HAP,mfcc_d2_03_std,0.099102683365345,mfcc
HAP,mfcc_d1_04_mean,0.03048105537891388,mfcc
HAP,mfcc_d1_04_std,0.17471681535243988,mfcc
HAP,mfcc_d2_04_mean,0.035790544003248215,mfcc
HAP,mfcc_d2_04_std,0.034347083419561386,mfcc
HAP,mfcc_d1_05_mean,0.06452909857034683,mfcc
HAP,mfcc_d1_05_std,0.12152767181396484,mfcc
HAP,mfcc_d2_05_mean,0.04198417440056801,mfcc
HAP,mfcc_d2_05_std,0.03722294420003891,mfcc
HAP,mfcc_d1_06_mean,0.07381709665060043,mfcc
HAP,mfcc_d1_06_std,0.04258350655436516,mfcc
HAP,mfcc_d2_06_mean,0.033387716859579086,mfcc
HAP,mfcc_d2_06_std,0.0449187271296978,mfcc
HAP,mfcc_d1_07_mean,0.027487479150295258,mfcc
HAP,mfcc_d1_07_std,0.036285631358623505,mfcc
HAP,mfcc_d2_07_mean,0.03825700283050537,mfcc
HAP,mfcc_d2_07_std,0.035652171820402145,mfcc
HAP,mfcc_d1_08_mean,0.051993709057569504,mfcc
HAP,mfcc_d1_08_std,0.0347805880010128,mfcc
HAP,mfcc_d2_08_mean,0.03689797595143318,mfcc
HAP,mfcc_d2_08_std,0.036957334727048874,mfcc
HAP,mfcc_d1_09_mean,0.0368863120675087,mfcc
HAP,mfcc_d1_09_std,0.04152299091219902,mfcc
HAP,mfcc_d2_09_mean,0.03514116257429123,mfcc
HAP,mfcc_d2_09_std,0.07112397998571396,mfcc
HAP,mfcc_d1_10_mean,0.07830683887004852,mfcc
HAP,mfcc_d1_10_std,0.07709646970033646,mfcc
HAP,mfcc_d2_10_mean,0.03720126301050186,mfcc
HAP,mfcc_d2_10_std,0.04505793750286102,mfcc
HAP,mfcc_d1_11_mean,0.12611687183380127,mfcc
HAP,mfcc_d1_11_std,0.04619523882865906,mfcc
HAP,mfcc_d2_11_mean,0.048710897564888,mfcc
HAP,mfcc_d2_11_std,0.0325070396065712,mfcc
HAP,mfcc_d1_12_mean,0.029767895117402077,mfcc
HAP,mfcc_d1_12_std,0.05327640846371651,mfcc
HAP,mfcc_d2_12_mean,0.03525650501251221,mfcc
HAP,mfcc_d2_12_std,0.04821310564875603,mfcc
HAP,mfcc_d1_13_mean,0.03744436427950859,mfcc
HAP,mfcc_d1_13_std,0.023601636290550232,mfcc
HAP,mfcc_d2_13_mean,0.05936066806316376,mfcc
HAP,mfcc_d2_13_std,0.07801405340433121,mfcc
HAP,mfcc_d1_14_mean,0.0409783273935318,mfcc
HAP,mfcc_d1_14_std,0.03793787583708763,mfcc
HAP,mfcc_d2_14_mean,0.10424736887216568,mfcc
HAP,mfcc_d2_14_std,0.03916485607624054,mfcc
HAP,mfcc_d1_15_mean,0.029091723263263702,mfcc
HAP,mfcc_d1_15_std,0.022580111399292946,mfcc
HAP,mfcc_d2_15_mean,0.043790146708488464,mfcc
HAP,mfcc_d2_15_std,0.061120618134737015,mfcc
HAP,mfcc_d1_16_mean,0.03683141618967056,mfcc
HAP,mfcc_d1_16_std,0.05821631848812103,mfcc
HAP,mfcc_d2_16_mean,0.03529128059744835,mfcc
HAP,mfcc_d2_16_std,0.05346821993589401,mfcc
HAP,mfcc_d1_17_mean,0.04119102656841278,mfcc
HAP,mfcc_d1_17_std,0.07021511346101761,mfcc
HAP,mfcc_d2_17_mean,0.03870471194386482,mfcc
HAP,mfcc_d2_17_std,0.05086677893996239,mfcc
HAP,mfcc_d1_18_mean,0.04430212453007698,mfcc
HAP,mfcc_d1_18_std,0.03906407952308655,mfcc
HAP,mfcc_d2_18_mean,0.02991575188934803,mfcc
HAP,mfcc_d2_18_std,0.07168429344892502,mfcc
HAP,mfcc_d1_19_mean,0.046483419835567474,mfcc
HAP,mfcc_d1_19_std,0.15876659750938416,mfcc
HAP,mfcc_d2_19_mean,0.06934931129217148,mfcc
HAP,mfcc_d2_19_std,0.06861612200737,mfcc
HAP,chroma_00_mean,0.040275562554597855,chroma
HAP,chroma_00_std,0.07894673943519592,chroma
HAP,chroma_01_mean,0.07676761597394943,chroma
HAP,chroma_01_std,0.048634402453899384,chroma
HAP,chroma_02_mean,0.10945215821266174,chroma
HAP,chroma_02_std,0.055294036865234375,chroma
HAP,chroma_03_mean,0.028152255341410637,chroma
HAP,chroma_03_std,0.046299878507852554,chroma
HAP,chroma_04_mean,0.062310028821229935,chroma
HAP,chroma_04_std,0.03524772822856903,chroma
HAP,chroma_05_mean,0.0551886186003685,chroma
HAP,chroma_05_std,0.045842114835977554,chroma
HAP,chroma_06_mean,0.13887713849544525,chroma
HAP,chroma_06_std,0.03663419187068939,chroma
HAP,chroma_07_mean,0.04016166180372238,chroma
HAP,chroma_07_std,0.02043224684894085,chroma
HAP,chroma_08_mean,0.09817385673522949,chroma
HAP,chroma_08_std,0.03402885049581528,chroma
HAP,chroma_09_mean,0.07618169486522675,chroma
HAP,chroma_09_std,0.03663774952292442,chroma
HAP,chroma_10_mean,0.0781024917960167,chroma
HAP,chroma_10_std,0.030503246933221817,chroma
HAP,chroma_11_mean,0.05995909869670868,chroma
HAP,chroma_11_std,0.07052771747112274,chroma
HAP,prosody_f0_mean,0.0578327551484108,prosody
HAP,prosody_f0_std,0.0947648361325264,prosody
HAP,prosody_f0_min,0.046492189168930054,prosody
HAP,prosody_f0_max,0.11315666139125824,prosody
HAP,prosody_f0_median,0.04146861284971237,prosody
HAP,prosody_f0_iqr,0.16816382110118866,prosody
HAP,prosody_f0_skew,0.037201620638370514,prosody
HAP,prosody_f0_kurt,0.05707523971796036,prosody
HAP,prosody_voiced_fraction,0.07757822424173355,prosody
HAP,prosody_f0_slope_abs_mean,0.03145986422896385,prosody
HAP,prosody_n_voiced_segments,0.07475696504116058,prosody
HAP,prosody_voiced_rate_per_s,0.049638763070106506,prosody
HAP,prosody_mean_voiced_seg_s,0.03465230390429497,prosody
HAP,prosody_pause_fraction,0.07116920500993729,prosody
HAP,prosody_jitter_local,0.035215865820646286,prosody
HAP,prosody_jitter_rap,0.04167776554822922,prosody
HAP,prosody_jitter_ppq5,0.04995815083384514,prosody
HAP,prosody_jitter_ddp,0.04002971947193146,prosody
HAP,prosody_shimmer_local,0.06322477012872696,prosody
HAP,prosody_shimmer_localdb,0.07529908418655396,prosody
HAP,prosody_shimmer_apq3,0.04072251170873642,prosody
HAP,prosody_shimmer_apq5,0.09174205362796783,prosody
HAP,prosody_shimmer_apq11,0.03347599878907204,prosody
HAP,prosody_shimmer_dda,0.032911840826272964,prosody
HAP,prosody_hnr_mean,0.03924236819148064,prosody
HAP,prosody_hnr_std,0.1317371428012848,prosody
HAP,prosody_hnr_min,0.02882063202559948,prosody
HAP,prosody_hnr_max,0.07692284882068634,prosody
HAP,prosody_hnr_median,0.053160663694143295,prosody
HAP,prosody_f1_mean,0.10055208951234818,prosody
HAP,prosody_f1_std,0.1514938622713089,prosody
HAP,prosody_f1_median,0.06296154111623764,prosody
HAP,prosody_f1_bw_median,0.09969636797904968,prosody
HAP,prosody_f2_mean,0.07964612543582916,prosody
HAP,prosody_f2_std,0.1692182868719101,prosody
HAP,prosody_f2_median,0.08496542274951935,prosody
HAP,prosody_f2_bw_median,0.0650457814335823,prosody
HAP,prosody_f3_mean,0.07650204747915268,prosody
HAP,prosody_f3_std,0.03543026000261307,prosody
HAP,prosody_f3_median,0.02817116118967533,prosody
HAP,prosody_f3_bw_median,0.1535685807466507,prosody
HAP,prosody_f4_mean,0.05731838196516037,prosody
HAP,prosody_f4_std,0.03141504153609276,prosody
HAP,prosody_f4_median,0.0459524467587471,prosody
HAP,prosody_f5_mean,0.046643175184726715,prosody
HAP,prosody_f5_std,0.052336182445287704,prosody
HAP,prosody_f5_median,0.047964926809072495,prosody
HAP,prosody_intensity_mean,0.046156253665685654,prosody
HAP,prosody_intensity_std,0.04856175556778908,prosody
HAP,prosody_intensity_min,0.018208205699920654,prosody
HAP,prosody_intensity_max,0.02203214354813099,prosody
HAP,prosody_intensity_median,0.026206176728010178,prosody
HAP,prosody_intensity_iqr,0.04247346892952919,prosody
HAP,prosody_intensity_skew,0.06583438068628311,prosody
HAP,prosody_intensity_kurt,0.051019441336393356,prosody
HAP,prosody_cpps,0.08893941342830658,prosody
NEU,duration_s,0.1470225602388382,other
NEU,peak_amplitude,0.08822818100452423,other
NEU,spectral_centroid_mean,0.030932007357478142,spectral
NEU,spectral_centroid_std,0.029109518975019455,spectral
NEU,spectral_centroid_min,0.13095134496688843,spectral
NEU,spectral_centroid_max,0.02940240502357483,spectral
NEU,spectral_centroid_median,0.048382241278886795,spectral
NEU,spectral_centroid_iqr,0.023462951183319092,spectral
NEU,spectral_centroid_skew,0.038521841168403625,spectral
NEU,spectral_centroid_kurt,0.021925991401076317,spectral
NEU,spectral_bandwidth_mean,0.026607070118188858,spectral
NEU,spectral_bandwidth_std,0.028600724413990974,spectral
NEU,spectral_bandwidth_min,0.0258196834474802,spectral
NEU,spectral_bandwidth_max,0.0785481408238411,spectral
NEU,spectral_bandwidth_median,0.07032289355993271,spectral
NEU,spectral_bandwidth_iqr,0.037720344960689545,spectral
NEU,spectral_bandwidth_skew,0.032763946801424026,spectral
NEU,spectral_bandwidth_kurt,0.03520571067929268,spectral
NEU,spectral_rolloff85_mean,0.031469833105802536,spectral
NEU,spectral_rolloff85_std,0.052656374871730804,spectral
NEU,spectral_rolloff85_min,0.04008374363183975,spectral
NEU,spectral_rolloff85_max,0.09695664793252945,spectral
NEU,spectral_rolloff85_median,0.056028760969638824,spectral
NEU,spectral_rolloff85_iqr,0.014929922297596931,spectral
NEU,spectral_rolloff85_skew,0.027713263407349586,spectral
NEU,spectral_rolloff85_kurt,0.03071889840066433,spectral
NEU,spectral_rolloff95_mean,0.03359730541706085,spectral
NEU,spectral_rolloff95_std,0.04869658499956131,spectral
NEU,spectral_rolloff95_min,0.0604974739253521,spectral
NEU,spectral_rolloff95_max,0.04162923991680145,spectral
NEU,spectral_rolloff95_median,0.09561627358198166,spectral
NEU,spectral_rolloff95_iqr,0.08087639510631561,spectral
NEU,spectral_rolloff95_skew,0.054244931787252426,spectral
NEU,spectral_rolloff95_kurt,0.020803971216082573,spectral
NEU,spectral_flatness_mean,0.10985702276229858,spectral
NEU,spectral_flatness_std,0.15943899750709534,spectral
NEU,spectral_flatness_min,0.06687666475772858,spectral
NEU,spectral_flatness_max,0.11793854087591171,spectral
NEU,spectral_flatness_median,0.056965313851833344,spectral
NEU,spectral_flatness_iqr,0.05948375537991524,spectral
NEU,spectral_flatness_skew,0.028566459193825722,spectral
NEU,spectral_flatness_kurt,0.07928557693958282,spectral
NEU,spectral_zcr_mean,0.07016213238239288,spectral
NEU,spectral_zcr_std,0.03288547694683075,spectral
NEU,spectral_zcr_min,0.1170044094324112,spectral
NEU,spectral_zcr_max,0.02458912879228592,spectral
NEU,spectral_zcr_median,0.0686999261379242,spectral
NEU,spectral_zcr_iqr,0.04374400153756142,spectral
NEU,spectral_zcr_skew,0.02486114762723446,spectral
NEU,spectral_zcr_kurt,0.06825640052556992,spectral
NEU,spectral_rms_mean,0.04199294373393059,spectral
NEU,spectral_rms_std,0.04199362173676491,spectral
NEU,spectral_rms_min,0.03372935205698013,spectral
NEU,spectral_rms_max,0.02520791068673134,spectral
NEU,spectral_rms_median,0.02564699947834015,spectral
NEU,spectral_rms_iqr,0.09859306365251541,spectral
NEU,spectral_rms_skew,0.02637518011033535,spectral
NEU,spectral_rms_kurt,0.04230211302638054,spectral
NEU,spectral_flux_mean,0.04455936700105667,spectral
NEU,spectral_flux_std,0.18012987077236176,spectral
NEU,spectral_flux_min,0.052518464624881744,spectral
NEU,spectral_flux_max,0.04654908925294876,spectral
NEU,spectral_flux_median,0.026866400614380836,spectral
NEU,spectral_flux_iqr,0.04757239297032356,spectral
NEU,spectral_flux_skew,0.044619377702474594,spectral
NEU,spectral_flux_kurt,0.05835346877574921,spectral
NEU,spectral_entropy_mean,0.056185003370046616,spectral
NEU,spectral_entropy_std,0.08545149862766266,spectral
NEU,spectral_entropy_min,0.029490957036614418,spectral
NEU,spectral_entropy_max,0.042360901832580566,spectral
NEU,spectral_entropy_median,0.03434307128190994,spectral
NEU,spectral_entropy_iqr,0.06266267597675323,spectral
NEU,spectral_entropy_skew,0.16799522936344147,spectral
NEU,spectral_entropy_kurt,0.033909205347299576,spectral
NEU,spectral_slope_mean,0.049703385680913925,spectral
NEU,spectral_slope_std,0.12409564852714539,spectral
NEU,spectral_slope_min,0.047188661992549896,spectral
NEU,spectral_slope_max,0.06064945086836815,spectral
NEU,spectral_slope_median,0.054597172886133194,spectral
NEU,spectral_slope_iqr,0.062463950365781784,spectral
NEU,spectral_slope_skew,0.02798597887158394,spectral
NEU,spectral_slope_kurt,0.07141366600990295,spectral
NEU,spectral_band_0_500_mean,0.030826877802610397,spectral
NEU,spectral_band_0_500_std,0.0618770606815815,spectral
NEU,spectral_band_500_1000_mean,0.07369226217269897,spectral
NEU,spectral_band_500_1000_std,0.18967720866203308,spectral
NEU,spectral_band_1000_2000_mean,0.08695070445537567,spectral
NEU,spectral_band_1000_2000_std,0.1653016209602356,spectral
NEU,spectral_band_2000_3000_mean,0.0433400422334671,spectral
NEU,spectral_band_2000_3000_std,0.12383919954299927,spectral
NEU,spectral_band_3000_4000_mean,0.02364593930542469,spectral
NEU,spectral_band_3000_4000_std,0.04863744601607323,spectral
NEU,spectral_band_4000_5000_mean,0.020319966599345207,spectral
NEU,spectral_band_4000_5000_std,0.06428385525941849,spectral
NEU,spectral_band_5000_6000_mean,0.02675352431833744,spectral
NEU,spectral_band_5000_6000_std,0.03960506618022919,spectral
NEU,spectral_band_6000_8000_mean,0.027430817484855652,spectral
NEU,spectral_band_6000_8000_std,0.042099520564079285,spectral
NEU,spectral_hf_ratio_4000_mean,0.03287725895643234,spectral
NEU,spectral_hf_ratio_4000_std,0.03015412576496601,spectral
NEU,spectral_hf_ratio_6000_mean,0.027162717655301094,spectral
NEU,spectral_hf_ratio_6000_std,0.02034045197069645,spectral
NEU,spectral_contrast_0_mean,0.029174642637372017,spectral
NEU,spectral_contrast_0_std,0.049506109207868576,spectral
NEU,spectral_contrast_1_mean,0.1267719715833664,spectral
NEU,spectral_contrast_1_std,0.10134576261043549,spectral
NEU,spectral_contrast_2_mean,0.034783560782670975,spectral
NEU,spectral_contrast_2_std,0.13876794278621674,spectral
NEU,spectral_contrast_3_mean,0.09384553879499435,spectral
NEU,spectral_contrast_3_std,0.04416109248995781,spectral
NEU,spectral_contrast_4_mean,0.02935534156858921,spectral
NEU,spectral_contrast_4_std,0.14840225875377655,spectral
NEU,spectral_contrast_5_mean,0.04335467517375946,spectral
NEU,spectral_contrast_5_std,0.08049799501895905,spectral
NEU,spectral_contrast_6_mean,0.05788535997271538,spectral
NEU,spectral_contrast_6_std,0.08132173866033554,spectral
NEU,mfcc_00_mean,0.04900495335459709,mfcc
NEU,mfcc_00_std,0.05402033030986786,mfcc
NEU,mfcc_00_min,0.06585155427455902,mfcc
NEU,mfcc_00_max,0.03581592068076134,mfcc
NEU,mfcc_00_median,0.08707989007234573,mfcc
NEU,mfcc_00_iqr,0.07211608439683914,mfcc
NEU,mfcc_00_skew,0.3270290493965149,mfcc
NEU,mfcc_00_kurt,0.08567482233047485,mfcc
NEU,mfcc_01_mean,0.020500335842370987,mfcc
NEU,mfcc_01_std,0.04495193809270859,mfcc
NEU,mfcc_01_min,0.04934127628803253,mfcc
NEU,mfcc_01_max,0.06939942389726639,mfcc
NEU,mfcc_01_median,0.03954656422138214,mfcc
NEU,mfcc_01_iqr,0.05342591553926468,mfcc
NEU,mfcc_01_skew,0.06145407259464264,mfcc
NEU,mfcc_01_kurt,0.05469752475619316,mfcc
NEU,mfcc_02_mean,0.023733267560601234,mfcc
NEU,mfcc_02_std,0.1312907338142395,mfcc
NEU,mfcc_02_min,0.1910601109266281,mfcc
NEU,mfcc_02_max,0.048071861267089844,mfcc
NEU,mfcc_02_median,0.05089869350194931,mfcc
NEU,mfcc_02_iqr,0.201064795255661,mfcc
NEU,mfcc_02_skew,0.05278242379426956,mfcc
NEU,mfcc_02_kurt,0.03522619232535362,mfcc
NEU,mfcc_03_mean,0.0542793832719326,mfcc
NEU,mfcc_03_std,0.05256563425064087,mfcc
NEU,mfcc_03_min,0.12805084884166718,mfcc
NEU,mfcc_03_max,0.06845953315496445,mfcc
NEU,mfcc_03_median,0.07514318078756332,mfcc
NEU,mfcc_03_iqr,0.02683953568339348,mfcc
NEU,mfcc_03_skew,0.047710273414850235,mfcc
NEU,mfcc_03_kurt,0.03458806872367859,mfcc
NEU,mfcc_04_mean,0.056385625153779984,mfcc
NEU,mfcc_04_std,0.2302844226360321,mfcc
NEU,mfcc_04_min,0.05385264754295349,mfcc
NEU,mfcc_04_max,0.10914748162031174,mfcc
NEU,mfcc_04_median,0.07290322333574295,mfcc
NEU,mfcc_04_iqr,0.04345943406224251,mfcc
NEU,mfcc_04_skew,0.08584574609994888,mfcc
NEU,mfcc_04_kurt,0.03221176937222481,mfcc
NEU,mfcc_05_mean,0.1484231948852539,mfcc
NEU,mfcc_05_std,0.034239307045936584,mfcc
NEU,mfcc_05_min,0.07487979531288147,mfcc
NEU,mfcc_05_max,0.060989756137132645,mfcc
NEU,mfcc_05_median,0.1447409689426422,mfcc
NEU,mfcc_05_iqr,0.053559303283691406,mfcc
NEU,mfcc_05_skew,0.04060211032629013,mfcc
NEU,mfcc_05_kurt,0.05385253205895424,mfcc
NEU,mfcc_06_mean,0.07331135869026184,mfcc
NEU,mfcc_06_std,0.0399017259478569,mfcc
NEU,mfcc_06_min,0.03821022808551788,mfcc
NEU,mfcc_06_max,0.03186386451125145,mfcc
NEU,mfcc_06_median,0.14165832102298737,mfcc
NEU,mfcc_06_iqr,0.11306826025247574,mfcc
NEU,mfcc_06_skew,0.03794848546385765,mfcc
NEU,mfcc_06_kurt,0.0379493273794651,mfcc
NEU,mfcc_07_mean,0.1294925957918167,mfcc
NEU,mfcc_07_std,0.04084666818380356,mfcc
NEU,mfcc_07_min,0.06325247138738632,mfcc
NEU,mfcc_07_max,0.02958313561975956,mfcc
NEU,mfcc_07_median,0.07606925815343857,mfcc
NEU,mfcc_07_iqr,0.03602822124958038,mfcc
NEU,mfcc_07_skew,0.07641186565160751,mfcc
NEU,mfcc_07_kurt,0.0453542061150074,mfcc
NEU,mfcc_08_mean,0.052797067910432816,mfcc
NEU,mfcc_08_std,0.035074036568403244,mfcc
NEU,mfcc_08_min,0.05536188185214996,mfcc
NEU,mfcc_08_max,0.03586147725582123,mfcc
NEU,mfcc_08_median,0.06835111975669861,mfcc
NEU,mfcc_08_iqr,0.05920994281768799,mfcc
NEU,mfcc_08_skew,0.06491975486278534,mfcc
NEU,mfcc_08_kurt,0.03887894004583359,mfcc
NEU,mfcc_09_mean,0.11369341611862183,mfcc
NEU,mfcc_09_std,0.10859671235084534,mfcc
NEU,mfcc_09_min,0.030942602083086967,mfcc
NEU,mfcc_09_max,0.04473721981048584,mfcc
NEU,mfcc_09_median,0.056217536330223083,mfcc
NEU,mfcc_09_iqr,0.039380356669425964,mfcc
NEU,mfcc_09_skew,0.08643676340579987,mfcc
NEU,mfcc_09_kurt,0.02585783787071705,mfcc
NEU,mfcc_10_mean,0.02806882932782173,mfcc
NEU,mfcc_10_std,0.03420901671051979,mfcc
NEU,mfcc_10_min,0.03113822266459465,mfcc
NEU,mfcc_10_max,0.08039277046918869,mfcc
NEU,mfcc_10_median,0.03786833584308624,mfcc
NEU,mfcc_10_iqr,0.03679348900914192,mfcc
NEU,mfcc_10_skew,0.03255794569849968,mfcc
NEU,mfcc_10_kurt,0.035044532269239426,mfcc
NEU,mfcc_11_mean,0.027238832786679268,mfcc
NEU,mfcc_11_std,0.028216097503900528,mfcc
NEU,mfcc_11_min,0.026123197749257088,mfcc
NEU,mfcc_11_max,0.025322139263153076,mfcc
NEU,mfcc_11_median,0.05504324659705162,mfcc
NEU,mfcc_11_iqr,0.08208796381950378,mfcc
NEU,mfcc_11_skew,0.033080875873565674,mfcc
NEU,mfcc_11_kurt,0.04830833151936531,mfcc
NEU,mfcc_12_mean,0.031231677159667015,mfcc
NEU,mfcc_12_std,0.055630411952733994,mfcc
NEU,mfcc_12_min,0.05139549821615219,mfcc
NEU,mfcc_12_max,0.04743243753910065,mfcc
NEU,mfcc_12_median,0.047779232263565063,mfcc
NEU,mfcc_12_iqr,0.026941662654280663,mfcc
NEU,mfcc_12_skew,0.03720104694366455,mfcc
NEU,mfcc_12_kurt,0.03582717105746269,mfcc
NEU,mfcc_13_mean,0.03870633244514465,mfcc
NEU,mfcc_13_std,0.03174843639135361,mfcc
NEU,mfcc_13_min,0.057395998388528824,mfcc
NEU,mfcc_13_max,0.026085466146469116,mfcc
NEU,mfcc_13_median,0.032214634120464325,mfcc
NEU,mfcc_13_iqr,0.029370466247200966,mfcc
NEU,mfcc_13_skew,0.02524108812212944,mfcc
NEU,mfcc_13_kurt,0.03155083209276199,mfcc
NEU,mfcc_14_mean,0.051701683551073074,mfcc
NEU,mfcc_14_std,0.05766157805919647,mfcc
NEU,mfcc_14_min,0.03973422199487686,mfcc
NEU,mfcc_14_max,0.02431260235607624,mfcc
NEU,mfcc_14_median,0.031196022406220436,mfcc
NEU,mfcc_14_iqr,0.07092291116714478,mfcc
NEU,mfcc_14_skew,0.029985545203089714,mfcc
NEU,mfcc_14_kurt,0.04297194629907608,mfcc
NEU,mfcc_15_mean,0.037108972668647766,mfcc
NEU,mfcc_15_std,0.09359517693519592,mfcc
NEU,mfcc_15_min,0.038804564625024796,mfcc
NEU,mfcc_15_max,0.04268370568752289,mfcc
NEU,mfcc_15_median,0.026392344385385513,mfcc
NEU,mfcc_15_iqr,0.029962120577692986,mfcc
NEU,mfcc_15_skew,0.02180255576968193,mfcc
NEU,mfcc_15_kurt,0.02955695241689682,mfcc
NEU,mfcc_16_mean,0.038015786558389664,mfcc
NEU,mfcc_16_std,0.05517882481217384,mfcc
NEU,mfcc_16_min,0.021619955077767372,mfcc
NEU,mfcc_16_max,0.07021927833557129,mfcc
NEU,mfcc_16_median,0.03183705359697342,mfcc
NEU,mfcc_16_iqr,0.07098168134689331,mfcc
NEU,mfcc_16_skew,0.046800196170806885,mfcc
NEU,mfcc_16_kurt,0.044456515461206436,mfcc
NEU,mfcc_17_mean,0.0608169250190258,mfcc
NEU,mfcc_17_std,0.03987811133265495,mfcc
NEU,mfcc_17_min,0.03683231770992279,mfcc
NEU,mfcc_17_max,0.03912104293704033,mfcc
NEU,mfcc_17_median,0.042103707790374756,mfcc
NEU,mfcc_17_iqr,0.04077741131186485,mfcc
NEU,mfcc_17_skew,0.031301070004701614,mfcc
NEU,mfcc_17_kurt,0.02539736032485962,mfcc
NEU,mfcc_18_mean,0.04239719361066818,mfcc
NEU,mfcc_18_std,0.021542109549045563,mfcc
NEU,mfcc_18_min,0.08068183064460754,mfcc
NEU,mfcc_18_max,0.022480065003037453,mfcc
NEU,mfcc_18_median,0.044106557965278625,mfcc
NEU,mfcc_18_iqr,0.028412962332367897,mfcc
NEU,mfcc_18_skew,0.02538059465587139,mfcc
NEU,mfcc_18_kurt,0.025407694280147552,mfcc
NEU,mfcc_19_mean,0.029195604845881462,mfcc
NEU,mfcc_19_std,0.030566904693841934,mfcc
NEU,mfcc_19_min,0.05698847398161888,mfcc
NEU,mfcc_19_max,0.04747201129794121,mfcc
NEU,mfcc_19_median,0.056570496410131454,mfcc
NEU,mfcc_19_iqr,0.06202155351638794,mfcc
NEU,mfcc_19_skew,0.034045856446027756,mfcc
NEU,mfcc_19_kurt,0.023609427735209465,mfcc
NEU,mfcc_d1_00_mean,0.03235909715294838,mfcc
NEU,mfcc_d1_00_std,0.13696984946727753,mfcc
NEU,mfcc_d2_00_mean,0.10022149980068207,mfcc
NEU,mfcc_d2_00_std,0.18450790643692017,mfcc
NEU,mfcc_d1_01_mean,0.10510431975126266,mfcc
NEU,mfcc_d1_01_std,0.27327078580856323,mfcc
NEU,mfcc_d2_01_mean,0.04748356342315674,mfcc
NEU,mfcc_d2_01_std,0.1774388700723648,mfcc
NEU,mfcc_d1_02_mean,0.04755495488643646,mfcc
NEU,mfcc_d1_02_std,0.2550314962863922,mfcc
NEU,mfcc_d2_02_mean,0.042470164597034454,mfcc
NEU,mfcc_d2_02_std,0.03682120144367218,mfcc
NEU,mfcc_d1_03_mean,0.04578780755400658,mfcc
NEU,mfcc_d1_03_std,0.2504723072052002,mfcc
NEU,mfcc_d2_03_mean,0.11977634578943253,mfcc
NEU,mfcc_d2_03_std,0.11997080594301224,mfcc
NEU,mfcc_d1_04_mean,0.043343402445316315,mfcc
NEU,mfcc_d1_04_std,0.19390064477920532,mfcc
NEU,mfcc_d2_04_mean,0.08815333992242813,mfcc
NEU,mfcc_d2_04_std,0.08350159227848053,mfcc
NEU,mfcc_d1_05_mean,0.07149538397789001,mfcc
NEU,mfcc_d1_05_std,0.09582699090242386,mfcc
NEU,mfcc_d2_05_mean,0.06069496273994446,mfcc
NEU,mfcc_d2_05_std,0.03725970536470413,mfcc
NEU,mfcc_d1_06_mean,0.03939618915319443,mfcc
NEU,mfcc_d1_06_std,0.08736959099769592,mfcc
NEU,mfcc_d2_06_mean,0.03726212680339813,mfcc
NEU,mfcc_d2_06_std,0.036315981298685074,mfcc
NEU,mfcc_d1_07_mean,0.036112818866968155,mfcc
NEU,mfcc_d1_07_std,0.036742568016052246,mfcc
NEU,mfcc_d2_07_mean,0.044744253158569336,mfcc
NEU,mfcc_d2_07_std,0.057988688349723816,mfcc
NEU,mfcc_d1_08_mean,0.04579194635152817,mfcc
NEU,mfcc_d1_08_std,0.03813217952847481,mfcc
NEU,mfcc_d2_08_mean,0.049487657845020294,mfcc
NEU,mfcc_d2_08_std,0.05631348118185997,mfcc
NEU,mfcc_d1_09_mean,0.04014209657907486,mfcc
NEU,mfcc_d1_09_std,0.10269247740507126,mfcc
NEU,mfcc_d2_09_mean,0.04807339608669281,mfcc
NEU,mfcc_d2_09_std,0.04455269128084183,mfcc
NEU,mfcc_d1_10_mean,0.05277031660079956,mfcc
NEU,mfcc_d1_10_std,0.06736143678426743,mfcc
NEU,mfcc_d2_10_mean,0.06565248221158981,mfcc
NEU,mfcc_d2_10_std,0.060821883380413055,mfcc
NEU,mfcc_d1_11_mean,0.042799416929483414,mfcc
NEU,mfcc_d1_11_std,0.033853620290756226,mfcc
NEU,mfcc_d2_11_mean,0.06049060821533203,mfcc
NEU,mfcc_d2_11_std,0.07016483694314957,mfcc
NEU,mfcc_d1_12_mean,0.051441725343465805,mfcc
NEU,mfcc_d1_12_std,0.08367889374494553,mfcc
NEU,mfcc_d2_12_mean,0.04555252566933632,mfcc
NEU,mfcc_d2_12_std,0.056494660675525665,mfcc
NEU,mfcc_d1_13_mean,0.05742416903376579,mfcc
NEU,mfcc_d1_13_std,0.05191392824053764,mfcc
NEU,mfcc_d2_13_mean,0.0542314276099205,mfcc
NEU,mfcc_d2_13_std,0.053413424640893936,mfcc
NEU,mfcc_d1_14_mean,0.058518651872873306,mfcc
NEU,mfcc_d1_14_std,0.02631510980427265,mfcc
NEU,mfcc_d2_14_mean,0.034086015075445175,mfcc
NEU,mfcc_d2_14_std,0.024928566068410873,mfcc
NEU,mfcc_d1_15_mean,0.05158853530883789,mfcc
NEU,mfcc_d1_15_std,0.09756546467542648,mfcc
NEU,mfcc_d2_15_mean,0.08620945364236832,mfcc
NEU,mfcc_d2_15_std,0.07561172544956207,mfcc
NEU,mfcc_d1_16_mean,0.04857707768678665,mfcc
NEU,mfcc_d1_16_std,0.04117855429649353,mfcc
NEU,mfcc_d2_16_mean,0.04740064591169357,mfcc
NEU,mfcc_d2_16_std,0.03639838099479675,mfcc
NEU,mfcc_d1_17_mean,0.054476216435432434,mfcc
NEU,mfcc_d1_17_std,0.09472845494747162,mfcc
NEU,mfcc_d2_17_mean,0.0352369099855423,mfcc
NEU,mfcc_d2_17_std,0.045469019562006,mfcc
NEU,mfcc_d1_18_mean,0.03704755753278732,mfcc
NEU,mfcc_d1_18_std,0.040735967457294464,mfcc
NEU,mfcc_d2_18_mean,0.04148641973733902,mfcc
NEU,mfcc_d2_18_std,0.04630088806152344,mfcc
NEU,mfcc_d1_19_mean,0.04750864952802658,mfcc
NEU,mfcc_d1_19_std,0.06843829900026321,mfcc
NEU,mfcc_d2_19_mean,0.04598846286535263,mfcc
NEU,mfcc_d2_19_std,0.03413154557347298,mfcc
NEU,chroma_00_mean,0.05130469799041748,chroma
NEU,chroma_00_std,0.17857936024665833,chroma
NEU,chroma_01_mean,0.04132068529725075,chroma
NEU,chroma_01_std,0.044735852628946304,chroma
NEU,chroma_02_mean,0.05397428572177887,chroma
NEU,chroma_02_std,0.05113493278622627,chroma
NEU,chroma_03_mean,0.029911283403635025,chroma
NEU,chroma_03_std,0.08908029645681381,chroma
NEU,chroma_04_mean,0.0635707750916481,chroma
NEU,chroma_04_std,0.060469817370176315,chroma
NEU,chroma_05_mean,0.03596874698996544,chroma
NEU,chroma_05_std,0.028046395629644394,chroma
NEU,chroma_06_mean,0.05044854059815407,chroma
NEU,chroma_06_std,0.08428333699703217,chroma
NEU,chroma_07_mean,0.03143814951181412,chroma
NEU,chroma_07_std,0.03199373185634613,chroma
NEU,chroma_08_mean,0.03894897177815437,chroma
NEU,chroma_08_std,0.03320746123790741,chroma
NEU,chroma_09_mean,0.02847960777580738,chroma
NEU,chroma_09_std,0.08473360538482666,chroma
NEU,chroma_10_mean,0.11320814490318298,chroma
NEU,chroma_10_std,0.1155797690153122,chroma
NEU,chroma_11_mean,0.06253056228160858,chroma
NEU,chroma_11_std,0.05931219831109047,chroma
NEU,prosody_f0_mean,0.1043977290391922,prosody
NEU,prosody_f0_std,0.03512505069375038,prosody
NEU,prosody_f0_min,0.06736188381910324,prosody
NEU,prosody_f0_max,0.05468348041176796,prosody
NEU,prosody_f0_median,0.04809019714593887,prosody
NEU,prosody_f0_iqr,0.10326054692268372,prosody
NEU,prosody_f0_skew,0.149194598197937,prosody
NEU,prosody_f0_kurt,0.029670050367712975,prosody
NEU,prosody_voiced_fraction,0.0407516248524189,prosody
NEU,prosody_f0_slope_abs_mean,0.09349916875362396,prosody
NEU,prosody_n_voiced_segments,0.03351806476712227,prosody
NEU,prosody_voiced_rate_per_s,0.19769950211048126,prosody
NEU,prosody_mean_voiced_seg_s,0.06716148555278778,prosody
NEU,prosody_pause_fraction,0.0397750586271286,prosody
NEU,prosody_jitter_local,0.06544821709394455,prosody
NEU,prosody_jitter_rap,0.03453654423356056,prosody
NEU,prosody_jitter_ppq5,0.04370151832699776,prosody
NEU,prosody_jitter_ddp,0.05401802808046341,prosody
NEU,prosody_shimmer_local,0.05607754364609718,prosody
NEU,prosody_shimmer_localdb,0.05086533725261688,prosody
NEU,prosody_shimmer_apq3,0.026177354156970978,prosody
NEU,prosody_shimmer_apq5,0.0801105871796608,prosody
NEU,prosody_shimmer_apq11,0.03612441197037697,prosody
NEU,prosody_shimmer_dda,0.027957376092672348,prosody
NEU,prosody_hnr_mean,0.05317292734980583,prosody
NEU,prosody_hnr_std,0.03352529928088188,prosody
NEU,prosody_hnr_min,0.030205830931663513,prosody
NEU,prosody_hnr_max,0.05016745999455452,prosody
NEU,prosody_hnr_median,0.12780852615833282,prosody
NEU,prosody_f1_mean,0.03308934345841408,prosody
NEU,prosody_f1_std,0.09883188456296921,prosody
NEU,prosody_f1_median,0.03171071782708168,prosody
NEU,prosody_f1_bw_median,0.05035273730754852,prosody
NEU,prosody_f2_mean,0.17356914281845093,prosody
NEU,prosody_f2_std,0.13504986464977264,prosody
NEU,prosody_f2_median,0.03511832281947136,prosody
NEU,prosody_f2_bw_median,0.030437704175710678,prosody
NEU,prosody_f3_mean,0.03300921991467476,prosody
NEU,prosody_f3_std,0.07252203673124313,prosody
NEU,prosody_f3_median,0.02201429381966591,prosody
NEU,prosody_f3_bw_median,0.1442061811685562,prosody
NEU,prosody_f4_mean,0.03506481647491455,prosody
NEU,prosody_f4_std,0.07069310545921326,prosody
NEU,prosody_f4_median,0.10461170971393585,prosody
NEU,prosody_f5_mean,0.044279590249061584,prosody
NEU,prosody_f5_std,0.047936949878931046,prosody
NEU,prosody_f5_median,0.08335818350315094,prosody
NEU,prosody_intensity_mean,0.032866980880498886,prosody
NEU,prosody_intensity_std,0.03625400364398956,prosody
NEU,prosody_intensity_min,0.04389682039618492,prosody
NEU,prosody_intensity_max,0.025419509038329124,prosody
NEU,prosody_intensity_median,0.057514484971761703,prosody
NEU,prosody_intensity_iqr,0.03617600351572037,prosody
NEU,prosody_intensity_skew,0.029431447386741638,prosody
NEU,prosody_intensity_kurt,0.04023776203393936,prosody
NEU,prosody_cpps,0.3268404006958008,prosody
SAD,duration_s,0.08908749371767044,other
SAD,peak_amplitude,0.06048845127224922,other
SAD,spectral_centroid_mean,0.017041459679603577,spectral
SAD,spectral_centroid_std,0.020821454003453255,spectral
SAD,spectral_centroid_min,0.032580938190221786,spectral
SAD,spectral_centroid_max,0.020858995616436005,spectral
SAD,spectral_centroid_median,0.01974514313042164,spectral
SAD,spectral_centroid_iqr,0.03164264187216759,spectral
SAD,spectral_centroid_skew,0.023269226774573326,spectral
SAD,spectral_centroid_kurt,0.04075268283486366,spectral
SAD,spectral_bandwidth_mean,0.015550610609352589,spectral
SAD,spectral_bandwidth_std,0.01848842017352581,spectral
SAD,spectral_bandwidth_min,0.024328630417585373,spectral
SAD,spectral_bandwidth_max,0.020703941583633423,spectral
SAD,spectral_bandwidth_median,0.024563521146774292,spectral
SAD,spectral_bandwidth_iqr,0.023660728707909584,spectral
SAD,spectral_bandwidth_skew,0.021161770448088646,spectral
SAD,spectral_bandwidth_kurt,0.021661048755049706,spectral
SAD,spectral_rolloff85_mean,0.011567451991140842,spectral
SAD,spectral_rolloff85_std,0.030375484377145767,spectral
SAD,spectral_rolloff85_min,0.028135165572166443,spectral
SAD,spectral_rolloff85_max,0.023575760424137115,spectral
SAD,spectral_rolloff85_median,0.04351796209812164,spectral
SAD,spectral_rolloff85_iqr,0.02157662995159626,spectral
SAD,spectral_rolloff85_skew,0.01856343448162079,spectral
SAD,spectral_rolloff85_kurt,0.04053506627678871,spectral
SAD,spectral_rolloff95_mean,0.016653846949338913,spectral
SAD,spectral_rolloff95_std,0.02133719064295292,spectral
SAD,spectral_rolloff95_min,0.05021157115697861,spectral
SAD,spectral_rolloff95_max,0.07921283692121506,spectral
SAD,spectral_rolloff95_median,0.05528070405125618,spectral
SAD,spectral_rolloff95_iqr,0.02267942577600479,spectral
SAD,spectral_rolloff95_skew,0.02768980897963047,spectral
SAD,spectral_rolloff95_kurt,0.019790709018707275,spectral
SAD,spectral_flatness_mean,0.056115373969078064,spectral
SAD,spectral_flatness_std,0.054257653653621674,spectral
SAD,spectral_flatness_min,0.057800401002168655,spectral
SAD,spectral_flatness_max,0.040500227361917496,spectral
SAD,spectral_flatness_median,0.06520317494869232,spectral
SAD,spectral_flatness_iqr,0.02891649305820465,spectral
SAD,spectral_flatness_skew,0.027840226888656616,spectral
SAD,spectral_flatness_kurt,0.05479155108332634,spectral
SAD,spectral_zcr_mean,0.013665466569364071,spectral
SAD,spectral_zcr_std,0.01380989421159029,spectral
SAD,spectral_zcr_min,0.022091740742325783,spectral
SAD,spectral_zcr_max,0.028910888358950615,spectral
SAD,spectral_zcr_median,0.09099342674016953,spectral
SAD,spectral_zcr_iqr,0.02045055851340294,spectral
SAD,spectral_zcr_skew,0.02042401023209095,spectral
SAD,spectral_zcr_kurt,0.021901175379753113,spectral
SAD,spectral_rms_mean,0.0606435127556324,spectral
SAD,spectral_rms_std,0.03326770290732384,spectral
SAD,spectral_rms_min,0.03231755271553993,spectral
SAD,spectral_rms_max,0.028301576152443886,spectral
SAD,spectral_rms_median,0.08677133917808533,spectral
SAD,spectral_rms_iqr,0.036152299493551254,spectral
SAD,spectral_rms_skew,0.017151938751339912,spectral
SAD,spectral_rms_kurt,0.024987518787384033,spectral
SAD,spectral_flux_mean,0.04027107357978821,spectral
SAD,spectral_flux_std,0.07133062928915024,spectral
SAD,spectral_flux_min,0.05555213242769241,spectral
SAD,spectral_flux_max,0.04198428615927696,spectral
SAD,spectral_flux_median,0.02489238977432251,spectral
SAD,spectral_flux_iqr,0.039814747869968414,spectral
SAD,spectral_flux_skew,0.02485491707921028,spectral
SAD,spectral_flux_kurt,0.02313455566763878,spectral
SAD,spectral_entropy_mean,0.0455494150519371,spectral
SAD,spectral_entropy_std,0.1205986887216568,spectral
SAD,spectral_entropy_min,0.022104110568761826,spectral
SAD,spectral_entropy_max,0.04616807773709297,spectral
SAD,spectral_entropy_median,0.04008663445711136,spectral
SAD,spectral_entropy_iqr,0.09332780539989471,spectral
SAD,spectral_entropy_skew,0.04152033478021622,spectral
SAD,spectral_entropy_kurt,0.02707386575639248,spectral
SAD,spectral_slope_mean,0.03269076719880104,spectral
SAD,spectral_slope_std,0.03892190754413605,spectral
SAD,spectral_slope_min,0.037178896367549896,spectral
SAD,spectral_slope_max,0.03150864690542221,spectral
SAD,spectral_slope_median,0.018029138445854187,spectral
SAD,spectral_slope_iqr,0.08507009595632553,spectral
SAD,spectral_slope_skew,0.02078971453011036,spectral
SAD,spectral_slope_kurt,0.029436524957418442,spectral
SAD,spectral_band_0_500_mean,0.03447255864739418,spectral
SAD,spectral_band_0_500_std,0.025893812999129295,spectral
SAD,spectral_band_500_1000_mean,0.04887868091464043,spectral
SAD,spectral_band_500_1000_std,0.0405818447470665,spectral
SAD,spectral_band_1000_2000_mean,0.04097389429807663,spectral
SAD,spectral_band_1000_2000_std,0.03658095747232437,spectral
SAD,spectral_band_2000_3000_mean,0.012624039314687252,spectral
SAD,spectral_band_2000_3000_std,0.043794598430395126,spectral
SAD,spectral_band_3000_4000_mean,0.01814921200275421,spectral
SAD,spectral_band_3000_4000_std,0.09641680866479874,spectral
SAD,spectral_band_4000_5000_mean,0.02939656935632229,spectral
SAD,spectral_band_4000_5000_std,0.042953331023454666,spectral
SAD,spectral_band_5000_6000_mean,0.01596115343272686,spectral
SAD,spectral_band_5000_6000_std,0.019198423251509666,spectral
SAD,spectral_band_6000_8000_mean,0.016971657052636147,spectral
SAD,spectral_band_6000_8000_std,0.014566895551979542,spectral
SAD,spectral_hf_ratio_4000_mean,0.014819261617958546,spectral
SAD,spectral_hf_ratio_4000_std,0.015686463564634323,spectral
SAD,spectral_hf_ratio_6000_mean,0.03400313854217529,spectral
SAD,spectral_hf_ratio_6000_std,0.025947626680135727,spectral
SAD,spectral_contrast_0_mean,0.03481816500425339,spectral
SAD,spectral_contrast_0_std,0.02534942701458931,spectral
SAD,spectral_contrast_1_mean,0.03791189566254616,spectral
SAD,spectral_contrast_1_std,0.0732845664024353,spectral
SAD,spectral_contrast_2_mean,0.03929659351706505,spectral
SAD,spectral_contrast_2_std,0.07485318183898926,spectral
SAD,spectral_contrast_3_mean,0.04053514823317528,spectral
SAD,spectral_contrast_3_std,0.05892954394221306,spectral
SAD,spectral_contrast_4_mean,0.038537316024303436,spectral
SAD,spectral_contrast_4_std,0.06095500290393829,spectral
SAD,spectral_contrast_5_mean,0.046393636614084244,spectral
SAD,spectral_contrast_5_std,0.025759153068065643,spectral
SAD,spectral_contrast_6_mean,0.134344682097435,spectral
SAD,spectral_contrast_6_std,0.03044188767671585,spectral
SAD,mfcc_00_mean,0.02717643789947033,mfcc
SAD,mfcc_00_std,0.08032752573490143,mfcc
SAD,mfcc_00_min,0.038063015788793564,mfcc
SAD,mfcc_00_max,0.04436127841472626,mfcc
SAD,mfcc_00_median,0.1209220364689827,mfcc
SAD,mfcc_00_iqr,0.07025144249200821,mfcc
SAD,mfcc_00_skew,0.06939894706010818,mfcc
SAD,mfcc_00_kurt,0.059672653675079346,mfcc
SAD,mfcc_01_mean,0.012420975603163242,mfcc
SAD,mfcc_01_std,0.024964652955532074,mfcc
SAD,mfcc_01_min,0.04700251296162605,mfcc
SAD,mfcc_01_max,0.041216298937797546,mfcc
SAD,mfcc_01_median,0.01706787571310997,mfcc
SAD,mfcc_01_iqr,0.12280043214559555,mfcc
SAD,mfcc_01_skew,0.052120961248874664,mfcc
SAD,mfcc_01_kurt,0.05181606113910675,mfcc
SAD,mfcc_02_mean,0.021384596824645996,mfcc
SAD,mfcc_02_std,0.043109796941280365,mfcc
SAD,mfcc_02_min,0.03408219665288925,mfcc
SAD,mfcc_02_max,0.02550644986331463,mfcc
SAD,mfcc_02_median,0.04221143573522568,mfcc
SAD,mfcc_02_iqr,0.03349902108311653,mfcc
SAD,mfcc_02_skew,0.041755255311727524,mfcc
SAD,mfcc_02_kurt,0.02978997305035591,mfcc
SAD,mfcc_03_mean,0.032187871634960175,mfcc
SAD,mfcc_03_std,0.14561687409877777,mfcc
SAD,mfcc_03_min,0.04115327447652817,mfcc
SAD,mfcc_03_max,0.05167331174015999,mfcc
SAD,mfcc_03_median,0.043515872210264206,mfcc
SAD,mfcc_03_iqr,0.04676864668726921,mfcc
SAD,mfcc_03_skew,0.023311438038945198,mfcc
SAD,mfcc_03_kurt,0.026289965957403183,mfcc
SAD,mfcc_04_mean,0.047863688319921494,mfcc
SAD,mfcc_04_std,0.04522554576396942,mfcc
SAD,mfcc_04_min,0.03433515876531601,mfcc
SAD,mfcc_04_max,0.057237301021814346,mfcc
SAD,mfcc_04_median,0.033016134053468704,mfcc
SAD,mfcc_04_iqr,0.02442181669175625,mfcc
SAD,mfcc_04_skew,0.029966944828629494,mfcc
SAD,mfcc_04_kurt,0.04209166392683983,mfcc
SAD,mfcc_05_mean,0.040605757385492325,mfcc
SAD,mfcc_05_std,0.029591988772153854,mfcc
SAD,mfcc_05_min,0.06339877843856812,mfcc
SAD,mfcc_05_max,0.0401260145008564,mfcc
SAD,mfcc_05_median,0.10546955466270447,mfcc
SAD,mfcc_05_iqr,0.031824905425310135,mfcc
SAD,mfcc_05_skew,0.041575755923986435,mfcc
SAD,mfcc_05_kurt,0.029786158353090286,mfcc
SAD,mfcc_06_mean,0.03621508181095123,mfcc
SAD,mfcc_06_std,0.03706834092736244,mfcc
SAD,mfcc_06_min,0.05826423689723015,mfcc
SAD,mfcc_06_max,0.029334818944334984,mfcc
SAD,mfcc_06_median,0.05700141191482544,mfcc
SAD,mfcc_06_iqr,0.04670189693570137,mfcc
SAD,mfcc_06_skew,0.024101397022604942,mfcc
SAD,mfcc_06_kurt,0.06519870460033417,mfcc
SAD,mfcc_07_mean,0.04225718975067139,mfcc
SAD,mfcc_07_std,0.03746325895190239,mfcc
SAD,mfcc_07_min,0.0383315309882164,mfcc
SAD,mfcc_07_max,0.03479297459125519,mfcc
SAD,mfcc_07_median,0.03350482136011124,mfcc
SAD,mfcc_07_iqr,0.020581290125846863,mfcc
SAD,mfcc_07_skew,0.028722582384943962,mfcc
SAD,mfcc_07_kurt,0.027019290253520012,mfcc
SAD,mfcc_08_mean,0.052467573434114456,mfcc
SAD,mfcc_08_std,0.03307659551501274,mfcc
SAD,mfcc_08_min,0.050985731184482574,mfcc
SAD,mfcc_08_max,0.04238861799240112,mfcc
SAD,mfcc_08_median,0.03418700024485588,mfcc
SAD,mfcc_08_iqr,0.04345667362213135,mfcc
SAD,mfcc_08_skew,0.040695998817682266,mfcc
SAD,mfcc_08_kurt,0.04627503454685211,mfcc
SAD,mfcc_09_mean,0.04995108023285866,mfcc
SAD,mfcc_09_std,0.030001230537891388,mfcc
SAD,mfcc_09_min,0.025417402386665344,mfcc
SAD,mfcc_09_max,0.03159990534186363,mfcc
SAD,mfcc_09_median,0.02903655730187893,mfcc
SAD,mfcc_09_iqr,0.05678977444767952,mfcc
SAD,mfcc_09_skew,0.026194704696536064,mfcc
SAD,mfcc_09_kurt,0.022414129227399826,mfcc
SAD,mfcc_10_mean,0.05126878619194031,mfcc
SAD,mfcc_10_std,0.02346455492079258,mfcc
SAD,mfcc_10_min,0.02839086763560772,mfcc
SAD,mfcc_10_max,0.021225085482001305,mfcc
SAD,mfcc_10_median,0.06955187022686005,mfcc
SAD,mfcc_10_iqr,0.017806924879550934,mfcc
SAD,mfcc_10_skew,0.0256812646985054,mfcc
SAD,mfcc_10_kurt,0.019279878586530685,mfcc
SAD,mfcc_11_mean,0.021681206300854683,mfcc
SAD,mfcc_11_std,0.04186099022626877,mfcc
SAD,mfcc_11_min,0.03604184091091156,mfcc
SAD,mfcc_11_max,0.028537241742014885,mfcc
SAD,mfcc_11_median,0.023123208433389664,mfcc
SAD,mfcc_11_iqr,0.037879470735788345,mfcc
SAD,mfcc_11_skew,0.02222401648759842,mfcc
SAD,mfcc_11_kurt,0.036251116544008255,mfcc
SAD,mfcc_12_mean,0.018989553675055504,mfcc
SAD,mfcc_12_std,0.02167568914592266,mfcc
SAD,mfcc_12_min,0.051188528537750244,mfcc
SAD,mfcc_12_max,0.040583401918411255,mfcc
SAD,mfcc_12_median,0.048957742750644684,mfcc
SAD,mfcc_12_iqr,0.021180173382163048,mfcc
SAD,mfcc_12_skew,0.01902851089835167,mfcc
SAD,mfcc_12_kurt,0.02184881456196308,mfcc
SAD,mfcc_13_mean,0.029718948528170586,mfcc
SAD,mfcc_13_std,0.061540380120277405,mfcc
SAD,mfcc_13_min,0.06277597695589066,mfcc
SAD,mfcc_13_max,0.05498988926410675,mfcc
SAD,mfcc_13_median,0.02404830791056156,mfcc
SAD,mfcc_13_iqr,0.03224349766969681,mfcc
SAD,mfcc_13_skew,0.02660929225385189,mfcc
SAD,mfcc_13_kurt,0.016766510903835297,mfcc
SAD,mfcc_14_mean,0.033766403794288635,mfcc
SAD,mfcc_14_std,0.026324432343244553,mfcc
SAD,mfcc_14_min,0.04981531575322151,mfcc
SAD,mfcc_14_max,0.0157023798674345,mfcc
SAD,mfcc_14_median,0.020022422075271606,mfcc
SAD,mfcc_14_iqr,0.031155159696936607,mfcc
SAD,mfcc_14_skew,0.019973136484622955,mfcc
SAD,mfcc_14_kurt,0.022729000076651573,mfcc
SAD,mfcc_15_mean,0.022941894829273224,mfcc
SAD,mfcc_15_std,0.021284760907292366,mfcc
SAD,mfcc_15_min,0.027161451056599617,mfcc
SAD,mfcc_15_max,0.023165762424468994,mfcc
SAD,mfcc_15_median,0.03465915843844414,mfcc
SAD,mfcc_15_iqr,0.024753689765930176,mfcc
SAD,mfcc_15_skew,0.054881755262613297,mfcc
SAD,mfcc_15_kurt,0.030276034027338028,mfcc
SAD,mfcc_16_mean,0.03258737921714783,mfcc
SAD,mfcc_16_std,0.026051711291074753,mfcc
SAD,mfcc_16_min,0.02222522534430027,mfcc
SAD,mfcc_16_max,0.026747608557343483,mfcc
SAD,mfcc_16_median,0.03279167041182518,mfcc
SAD,mfcc_16_iqr,0.025688957422971725,mfcc
SAD,mfcc_16_skew,0.018654849380254745,mfcc
SAD,mfcc_16_kurt,0.02407066896557808,mfcc
SAD,mfcc_17_mean,0.05314192548394203,mfcc
SAD,mfcc_17_std,0.023143207654356956,mfcc
SAD,mfcc_17_min,0.020176991820335388,mfcc
SAD,mfcc_17_max,0.034573234617710114,mfcc
SAD,mfcc_17_median,0.03227796405553818,mfcc
SAD,mfcc_17_iqr,0.013727613724768162,mfcc
SAD,mfcc_17_skew,0.03239521011710167,mfcc
SAD,mfcc_17_kurt,0.03514867648482323,mfcc
SAD,mfcc_18_mean,0.048134516924619675,mfcc
SAD,mfcc_18_std,0.025731666013598442,mfcc
SAD,mfcc_18_min,0.026110440492630005,mfcc
SAD,mfcc_18_max,0.025988304987549782,mfcc
SAD,mfcc_18_median,0.03859535977244377,mfcc
SAD,mfcc_18_iqr,0.07787781208753586,mfcc
SAD,mfcc_18_skew,0.019291913136839867,mfcc
SAD,mfcc_18_kurt,0.03393428772687912,mfcc
SAD,mfcc_19_mean,0.020374584943056107,mfcc
SAD,mfcc_19_std,0.060340628027915955,mfcc
SAD,mfcc_19_min,0.05470729246735573,mfcc
SAD,mfcc_19_max,0.022368360310792923,mfcc
SAD,mfcc_19_median,0.021475832909345627,mfcc
SAD,mfcc_19_iqr,0.027999306097626686,mfcc
SAD,mfcc_19_skew,0.02994401939213276,mfcc
SAD,mfcc_19_kurt,0.021794326603412628,mfcc
SAD,mfcc_d1_00_mean,0.030408093705773354,mfcc
SAD,mfcc_d1_00_std,0.09715110063552856,mfcc
SAD,mfcc_d2_00_mean,0.03253508731722832,mfcc
SAD,mfcc_d2_00_std,0.14942006766796112,mfcc
SAD,mfcc_d1_01_mean,0.024815445765852928,mfcc
SAD,mfcc_d1_01_std,0.14283977448940277,mfcc
SAD,mfcc_d2_01_mean,0.02906815893948078,mfcc
SAD,mfcc_d2_01_std,0.037200432270765305,mfcc
SAD,mfcc_d1_02_mean,0.043948765844106674,mfcc
SAD,mfcc_d1_02_std,0.051830731332302094,mfcc
SAD,mfcc_d2_02_mean,0.03621993213891983,mfcc
SAD,mfcc_d2_02_std,0.05701655149459839,mfcc
SAD,mfcc_d1_03_mean,0.0314820222556591,mfcc
SAD,mfcc_d1_03_std,0.042701605707407,mfcc
SAD,mfcc_d2_03_mean,0.024585090577602386,mfcc
SAD,mfcc_d2_03_std,0.05096864700317383,mfcc
SAD,mfcc_d1_04_mean,0.050052810460329056,mfcc
SAD,mfcc_d1_04_std,0.05409247800707817,mfcc
SAD,mfcc_d2_04_mean,0.02826913818717003,mfcc
SAD,mfcc_d2_04_std,0.02717769891023636,mfcc
SAD,mfcc_d1_05_mean,0.02840338461101055,mfcc
SAD,mfcc_d1_05_std,0.03405342251062393,mfcc
SAD,mfcc_d2_05_mean,0.03682243824005127,mfcc
SAD,mfcc_d2_05_std,0.02829081192612648,mfcc
SAD,mfcc_d1_06_mean,0.030902422964572906,mfcc
SAD,mfcc_d1_06_std,0.03926525637507439,mfcc
SAD,mfcc_d2_06_mean,0.033793047070503235,mfcc
SAD,mfcc_d2_06_std,0.08876369148492813,mfcc
SAD,mfcc_d1_07_mean,0.030888693407177925,mfcc
SAD,mfcc_d1_07_std,0.08175413310527802,mfcc
SAD,mfcc_d2_07_mean,0.06655898690223694,mfcc
SAD,mfcc_d2_07_std,0.03225065395236015,mfcc
SAD,mfcc_d1_08_mean,0.05497613176703453,mfcc
SAD,mfcc_d1_08_std,0.031680040061473846,mfcc
SAD,mfcc_d2_08_mean,0.044549115002155304,mfcc
SAD,mfcc_d2_08_std,0.09718135744333267,mfcc
SAD,mfcc_d1_09_mean,0.034555550664663315,mfcc
SAD,mfcc_d1_09_std,0.07416320592164993,mfcc
SAD,mfcc_d2_09_mean,0.04770408570766449,mfcc
SAD,mfcc_d2_09_std,0.04958794265985489,mfcc
SAD,mfcc_d1_10_mean,0.07181442528963089,mfcc
SAD,mfcc_d1_10_std,0.03911461681127548,mfcc
SAD,mfcc_d2_10_mean,0.034602973610162735,mfcc
SAD,mfcc_d2_10_std,0.0772501528263092,mfcc
SAD,mfcc_d1_11_mean,0.031567394733428955,mfcc
SAD,mfcc_d1_11_std,0.031901247799396515,mfcc
SAD,mfcc_d2_11_mean,0.027770645916461945,mfcc
SAD,mfcc_d2_11_std,0.034803662449121475,mfcc
SAD,mfcc_d1_12_mean,0.031137654557824135,mfcc
SAD,mfcc_d1_12_std,0.0387013740837574,mfcc
SAD,mfcc_d2_12_mean,0.039330627769231796,mfcc
SAD,mfcc_d2_12_std,0.02844867669045925,mfcc
SAD,mfcc_d1_13_mean,0.0340413860976696,mfcc
SAD,mfcc_d1_13_std,0.032696302980184555,mfcc
SAD,mfcc_d2_13_mean,0.03554162383079529,mfcc
SAD,mfcc_d2_13_std,0.033997565507888794,mfcc
SAD,mfcc_d1_14_mean,0.029882827773690224,mfcc
SAD,mfcc_d1_14_std,0.04137622192502022,mfcc
SAD,mfcc_d2_14_mean,0.027856776490807533,mfcc
SAD,mfcc_d2_14_std,0.0243026502430439,mfcc
SAD,mfcc_d1_15_mean,0.03395058587193489,mfcc
SAD,mfcc_d1_15_std,0.024212732911109924,mfcc
SAD,mfcc_d2_15_mean,0.037472762167453766,mfcc
SAD,mfcc_d2_15_std,0.03968577831983566,mfcc
SAD,mfcc_d1_16_mean,0.03078172728419304,mfcc
SAD,mfcc_d1_16_std,0.05102197825908661,mfcc
SAD,mfcc_d2_16_mean,0.04672352969646454,mfcc
SAD,mfcc_d2_16_std,0.039668481796979904,mfcc
SAD,mfcc_d1_17_mean,0.03453640639781952,mfcc
SAD,mfcc_d1_17_std,0.03280814737081528,mfcc
SAD,mfcc_d2_17_mean,0.026273487135767937,mfcc
SAD,mfcc_d2_17_std,0.02691025100648403,mfcc
SAD,mfcc_d1_18_mean,0.0323394313454628,mfcc
SAD,mfcc_d1_18_std,0.05124814808368683,mfcc
SAD,mfcc_d2_18_mean,0.04434451833367348,mfcc
SAD,mfcc_d2_18_std,0.042611218988895416,mfcc
SAD,mfcc_d1_19_mean,0.04693610966205597,mfcc
SAD,mfcc_d1_19_std,0.02525717206299305,mfcc
SAD,mfcc_d2_19_mean,0.031687334179878235,mfcc
SAD,mfcc_d2_19_std,0.034406568855047226,mfcc
SAD,chroma_00_mean,0.03439833223819733,chroma
SAD,chroma_00_std,0.07034105807542801,chroma
SAD,chroma_01_mean,0.058817945420742035,chroma
SAD,chroma_01_std,0.0483519472181797,chroma
SAD,chroma_02_mean,0.07922787219285965,chroma
SAD,chroma_02_std,0.07776366919279099,chroma
SAD,chroma_03_mean,0.029959259554743767,chroma
SAD,chroma_03_std,0.027402471750974655,chroma
SAD,chroma_04_mean,0.06841856986284256,chroma
SAD,chroma_04_std,0.02445322275161743,chroma
SAD,chroma_05_mean,0.020886532962322235,chroma
SAD,chroma_05_std,0.028439639136195183,chroma
SAD,chroma_06_mean,0.05437512695789337,chroma
SAD,chroma_06_std,0.08839908987283707,chroma
SAD,chroma_07_mean,0.024144407361745834,chroma
SAD,chroma_07_std,0.028005635365843773,chroma
SAD,chroma_08_mean,0.047993551939725876,chroma
SAD,chroma_08_std,0.05564563721418381,chroma
SAD,chroma_09_mean,0.027941960841417313,chroma
SAD,chroma_09_std,0.07284913212060928,chroma
SAD,chroma_10_mean,0.07008585333824158,chroma
SAD,chroma_10_std,0.025324981659650803,chroma
SAD,chroma_11_mean,0.1009148433804512,chroma
SAD,chroma_11_std,0.028531856834888458,chroma
SAD,prosody_f0_mean,0.03508954867720604,prosody
SAD,prosody_f0_std,0.02338622696697712,prosody
SAD,prosody_f0_min,0.024042343720793724,prosody
SAD,prosody_f0_max,0.019623152911663055,prosody
SAD,prosody_f0_median,0.07455211132764816,prosody
SAD,prosody_f0_iqr,0.04710724577307701,prosody
SAD,prosody_f0_skew,0.06089600920677185,prosody
SAD,prosody_f0_kurt,0.030993610620498657,prosody
SAD,prosody_voiced_fraction,0.04901079460978508,prosody
SAD,prosody_f0_slope_abs_mean,0.060369823127985,prosody
SAD,prosody_n_voiced_segments,0.029296500608325005,prosody
SAD,prosody_voiced_rate_per_s,0.03343173861503601,prosody
SAD,prosody_mean_voiced_seg_s,0.03792886435985565,prosody
SAD,prosody_pause_fraction,0.03550444170832634,prosody
SAD,prosody_jitter_local,0.0626174807548523,prosody
SAD,prosody_jitter_rap,0.07301696389913559,prosody
SAD,prosody_jitter_ppq5,0.045840002596378326,prosody
SAD,prosody_jitter_ddp,0.07639309763908386,prosody
SAD,prosody_shimmer_local,0.048037827014923096,prosody
SAD,prosody_shimmer_localdb,0.047535646706819534,prosody
SAD,prosody_shimmer_apq3,0.04506668075919151,prosody
SAD,prosody_shimmer_apq5,0.02855786681175232,prosody
SAD,prosody_shimmer_apq11,0.024602355435490608,prosody
SAD,prosody_shimmer_dda,0.03442847728729248,prosody
SAD,prosody_hnr_mean,0.03091254271566868,prosody
SAD,prosody_hnr_std,0.03443417325615883,prosody
SAD,prosody_hnr_min,0.02489316835999489,prosody
SAD,prosody_hnr_max,0.031232114881277084,prosody
SAD,prosody_hnr_median,0.05931755527853966,prosody
SAD,prosody_f1_mean,0.02310989610850811,prosody
SAD,prosody_f1_std,0.03894801810383797,prosody
SAD,prosody_f1_median,0.030623620375990868,prosody
SAD,prosody_f1_bw_median,0.09546946734189987,prosody
SAD,prosody_f2_mean,0.06022632494568825,prosody
SAD,prosody_f2_std,0.05778060108423233,prosody
SAD,prosody_f2_median,0.0229871217161417,prosody
SAD,prosody_f2_bw_median,0.022884076461195946,prosody
SAD,prosody_f3_mean,0.04836660996079445,prosody
SAD,prosody_f3_std,0.03803301975131035,prosody
SAD,prosody_f3_median,0.016412893310189247,prosody
SAD,prosody_f3_bw_median,0.08726702630519867,prosody
SAD,prosody_f4_mean,0.04752618074417114,prosody
SAD,prosody_f4_std,0.03733443096280098,prosody
SAD,prosody_f4_median,0.06491399556398392,prosody
SAD,prosody_f5_mean,0.040575869381427765,prosody
SAD,prosody_f5_std,0.03365381807088852,prosody
SAD,prosody_f5_median,0.05457988753914833,prosody
SAD,prosody_intensity_mean,0.044256675988435745,prosody
SAD,prosody_intensity_std,0.054578639566898346,prosody
SAD,prosody_intensity_min,0.021999001502990723,prosody
SAD,prosody_intensity_max,0.016572969034314156,prosody
SAD,prosody_intensity_median,0.03695746511220932,prosody
SAD,prosody_intensity_iqr,0.02564656175673008,prosody
SAD,prosody_intensity_skew,0.039734069257974625,prosody
SAD,prosody_intensity_kurt,0.05439717695116997,prosody
SAD,prosody_cpps,0.15413689613342285,prosody
