emotion,feature,importance,family
ANG,duration_s,0.014992157194440674,other
ANG,peak_amplitude,0.0,other
ANG,spectral_centroid_mean,0.0,spectral
ANG,spectral_centroid_std,0.0,spectral
ANG,spectral_centroid_min,0.0,spectral
ANG,spectral_centroid_max,0.0,spectral
ANG,spectral_centroid_median,0.0010214347615679947,spectral
ANG,spectral_centroid_iqr,0.004422048446523933,spectral
ANG,spectral_centroid_skew,0.000130737529663951,spectral
ANG,spectral_centroid_kurt,0.0007458163230798485,spectral
ANG,spectral_bandwidth_mean,0.002619764698132361,spectral
ANG,spectral_bandwidth_std,0.0,spectral
ANG,spectral_bandwidth_min,0.0,spectral
ANG,spectral_bandwidth_max,0.0,spectral
ANG,spectral_bandwidth_median,0.0,spectral
ANG,spectral_bandwidth_iqr,0.00021670223583742412,spectral
ANG,spectral_bandwidth_skew,0.00038859101784475197,spectral
ANG,spectral_bandwidth_kurt,0.00011778062712686816,spectral
ANG,spectral_rolloff85_mean,0.0,spectral
ANG,spectral_rolloff85_std,0.0001632764530801956,spectral
ANG,spectral_rolloff85_min,0.0,spectral
ANG,spectral_rolloff85_max,0.0021671631110732462,spectral
ANG,spectral_rolloff85_median,0.0,spectral
ANG,spectral_rolloff85_iqr,0.0,spectral
ANG,spectral_rolloff85_skew,0.0002222945119674638,spectral
ANG,spectral_rolloff85_kurt,0.0,spectral
ANG,spectral_rolloff95_mean,0.0,spectral
ANG,spectral_rolloff95_std,0.0,spectral
ANG,spectral_rolloff95_min,0.0,spectral
ANG,spectral_rolloff95_max,0.0,spectral
ANG,spectral_rolloff95_median,0.0,spectral
ANG,spectral_rolloff95_iqr,0.0,spectral
ANG,spectral_rolloff95_skew,0.0,spectral
ANG,spectral_rolloff95_kurt,0.0,spectral
ANG,spectral_flatness_mean,0.0,spectral
ANG,spectral_flatness_std,0.0,spectral
ANG,spectral_flatness_min,0.00019163159548509412,spectral
ANG,spectral_flatness_max,0.0004036585479689609,spectral
ANG,spectral_flatness_median,0.0,spectral
ANG,spectral_flatness_iqr,0.0,spectral
ANG,spectral_flatness_skew,0.0,spectral
ANG,spectral_flatness_kurt,0.0,spectral
ANG,spectral_zcr_mean,0.0,spectral
ANG,spectral_zcr_std,0.002243425063042016,spectral
ANG,spectral_zcr_min,0.0,spectral
ANG,spectral_zcr_max,0.0,spectral
ANG,spectral_zcr_median,0.0,spectral
ANG,spectral_zcr_iqr,0.002651477797509302,spectral
ANG,spectral_zcr_skew,0.0,spectral
ANG,spectral_zcr_kurt,0.0,spectral
ANG,spectral_rms_mean,0.0,spectral
ANG,spectral_rms_std,0.00061024931503966,spectral
ANG,spectral_rms_min,0.0026648946041559866,spectral
ANG,spectral_rms_max,0.0,spectral
ANG,spectral_rms_median,0.0,spectral
ANG,spectral_rms_iqr,0.0002889411532464687,spectral
ANG,spectral_rms_skew,0.0,spectral
ANG,spectral_rms_kurt,0.0,spectral
ANG,spectral_flux_mean,0.0,spectral
ANG,spectral_flux_std,0.00446539455571484,spectral
ANG,spectral_flux_min,0.0029814062023104204,spectral
ANG,spectral_flux_max,0.0,spectral
ANG,spectral_flux_median,0.00013728278801791258,spectral
ANG,spectral_flux_iqr,0.0,spectral
ANG,spectral_flux_skew,0.0,spectral
ANG,spectral_flux_kurt,0.0,spectral
ANG,spectral_entropy_mean,0.0,spectral
ANG,spectral_entropy_std,0.0003163128696971832,spectral
ANG,spectral_entropy_min,0.0,spectral
ANG,spectral_entropy_max,4.856240321079097e-05,spectral
ANG,spectral_entropy_median,0.0,spectral
ANG,spectral_entropy_iqr,0.0,spectral
ANG,spectral_entropy_skew,0.0,spectral
ANG,spectral_entropy_kurt,0.00041561881191316444,spectral
ANG,spectral_slope_mean,0.0,spectral
ANG,spectral_slope_std,0.0,spectral
ANG,spectral_slope_min,0.0012820879563841476,spectral
ANG,spectral_slope_max,0.0,spectral
ANG,spectral_slope_median,0.0,spectral
ANG,spectral_slope_iqr,6.566159580592808e-05,spectral
ANG,spectral_slope_skew,0.0,spectral
ANG,spectral_slope_kurt,0.0,spectral
ANG,spectral_band_0_500_mean,0.006111296818025133,spectral
ANG,spectral_band_0_500_std,0.0029165366382488387,spectral
ANG,spectral_band_500_1000_mean,0.0,spectral
ANG,spectral_band_500_1000_std,8.397312967119714e-05,spectral
ANG,spectral_band_1000_2000_mean,0.001620776745561034,spectral
ANG,spectral_band_1000_2000_std,0.0,spectral
ANG,spectral_band_2000_3000_mean,0.0002516096788216023,spectral
ANG,spectral_band_2000_3000_std,0.0,spectral
ANG,spectral_band_3000_4000_mean,0.02513490670371722,spectral
ANG,spectral_band_3000_4000_std,0.00026410902689701695,spectral
ANG,spectral_band_4000_5000_mean,0.001336921656732511,spectral
ANG,spectral_band_4000_5000_std,0.0,spectral
ANG,spectral_band_5000_6000_mean,0.0,spectral
ANG,spectral_band_5000_6000_std,0.0023023147594217357,spectral
ANG,spectral_band_6000_8000_mean,0.0006823097440787473,spectral
ANG,spectral_band_6000_8000_std,0.0,spectral
ANG,spectral_hf_ratio_4000_mean,0.0,spectral
ANG,spectral_hf_ratio_4000_std,0.0007162703781936997,spectral
ANG,spectral_hf_ratio_6000_mean,0.0,spectral
ANG,spectral_hf_ratio_6000_std,0.0,spectral
ANG,spectral_contrast_0_mean,0.0,spectral
ANG,spectral_contrast_0_std,4.526683037938195e-05,spectral
ANG,spectral_contrast_1_mean,0.002202353866641987,spectral
ANG,spectral_contrast_1_std,0.00021678649926678526,spectral
ANG,spectral_contrast_2_mean,0.0011266149774168592,spectral
ANG,spectral_contrast_2_std,0.0,spectral
ANG,spectral_contrast_3_mean,0.0,spectral
ANG,spectral_contrast_3_std,0.0,spectral
ANG,spectral_contrast_4_mean,0.0,spectral
ANG,spectral_contrast_4_std,0.0,spectral
ANG,spectral_contrast_5_mean,0.0,spectral
ANG,spectral_contrast_5_std,0.0,spectral
ANG,spectral_contrast_6_mean,0.0,spectral
ANG,spectral_contrast_6_std,0.00033903917516636824,spectral
ANG,mfcc_00_mean,0.0003797423035554748,mfcc
ANG,mfcc_00_std,0.0009213498621600981,mfcc
ANG,mfcc_00_min,0.0,mfcc
ANG,mfcc_00_max,0.0004262888093838151,mfcc
ANG,mfcc_00_median,0.0,mfcc
ANG,mfcc_00_iqr,0.0025375809086160116,mfcc
ANG,mfcc_00_skew,0.0002293034421845976,mfcc
ANG,mfcc_00_kurt,0.0,mfcc
ANG,mfcc_01_mean,0.0,mfcc
ANG,mfcc_01_std,0.00032795928091348725,mfcc
ANG,mfcc_01_min,0.0,mfcc
ANG,mfcc_01_max,0.00016236057521588568,mfcc
ANG,mfcc_01_median,0.0,mfcc
ANG,mfcc_01_iqr,0.0,mfcc
ANG,mfcc_01_skew,0.0,mfcc
ANG,mfcc_01_kurt,0.0,mfcc
ANG,mfcc_02_mean,0.0,mfcc
ANG,mfcc_02_std,0.005215748715209097,mfcc
ANG,mfcc_02_min,0.0,mfcc
ANG,mfcc_02_max,0.0038623037405485627,mfcc
ANG,mfcc_02_median,0.0,mfcc
ANG,mfcc_02_iqr,0.0,mfcc
ANG,mfcc_02_skew,0.000945411854406217,mfcc
ANG,mfcc_02_kurt,0.00044759314852506636,mfcc
ANG,mfcc_03_mean,0.00018232661204001008,mfcc
ANG,mfcc_03_std,0.014299949098263041,mfcc
ANG,mfcc_03_min,0.0004379714439846172,mfcc
ANG,mfcc_03_max,0.0,mfcc
ANG,mfcc_03_median,0.0005402207621104894,mfcc
ANG,mfcc_03_iqr,0.00019026356473275378,mfcc
ANG,mfcc_03_skew,0.001752899619890287,mfcc
ANG,mfcc_03_kurt,0.0,mfcc
ANG,mfcc_04_mean,0.006496955244419212,mfcc
ANG,mfcc_04_std,0.0,mfcc
ANG,mfcc_04_min,0.0,mfcc
ANG,mfcc_04_max,0.0051870532356161235,mfcc
ANG,mfcc_04_median,0.0,mfcc
ANG,mfcc_04_iqr,0.00017186538216347455,mfcc
ANG,mfcc_04_skew,0.0027117021017675647,mfcc
ANG,mfcc_04_kurt,0.0,mfcc
ANG,mfcc_05_mean,0.0004624354526203949,mfcc
ANG,mfcc_05_std,0.0006195090721733936,mfcc
ANG,mfcc_05_min,0.00044897036742992934,mfcc
ANG,mfcc_05_max,0.0,mfcc
ANG,mfcc_05_median,0.0,mfcc
ANG,mfcc_05_iqr,0.0,mfcc
ANG,mfcc_05_skew,0.0,mfcc
ANG,mfcc_05_kurt,0.0,mfcc
ANG,mfcc_06_mean,0.0,mfcc
ANG,mfcc_06_std,0.0,mfcc
ANG,mfcc_06_min,0.0,mfcc
ANG,mfcc_06_max,0.0,mfcc
ANG,mfcc_06_median,0.0,mfcc
ANG,mfcc_06_iqr,0.0,mfcc
ANG,mfcc_06_skew,0.00023413820762015116,mfcc
ANG,mfcc_06_kurt,0.0,mfcc
ANG,mfcc_07_mean,0.0,mfcc
ANG,mfcc_07_std,0.004979696801366529,mfcc
ANG,mfcc_07_min,0.0,mfcc
ANG,mfcc_07_max,0.0,mfcc
ANG,mfcc_07_median,0.0,mfcc
ANG,mfcc_07_iqr,0.0,mfcc
ANG,mfcc_07_skew,0.0,mfcc
ANG,mfcc_07_kurt,0.0,mfcc
ANG,mfcc_08_mean,0.0,mfcc
ANG,mfcc_08_std,0.0018181737370390253,mfcc
ANG,mfcc_08_min,0.0,mfcc
ANG,mfcc_08_max,0.0,mfcc
ANG,mfcc_08_median,0.0,mfcc
ANG,mfcc_08_iqr,0.0,mfcc
ANG,mfcc_08_skew,0.0,mfcc
ANG,mfcc_08_kurt,0.0005283053968587063,mfcc
ANG,mfcc_09_mean,7.885361350948947e-05,mfcc
ANG,mfcc_09_std,0.0020083042965859223,mfcc
ANG,mfcc_09_min,0.0,mfcc
ANG,mfcc_09_max,0.0010341886139047676,mfcc
ANG,mfcc_09_median,0.004981678272318653,mfcc
ANG,mfcc_09_iqr,0.0,mfcc
ANG,mfcc_09_skew,0.0,mfcc
ANG,mfcc_09_kurt,0.0024304575970114264,mfcc
ANG,mfcc_10_mean,0.0020503548144735653,mfcc
ANG,mfcc_10_std,0.001052662535985393,mfcc
ANG,mfcc_10_min,0.0,mfcc
ANG,mfcc_10_max,0.0,mfcc
ANG,mfcc_10_median,0.00034086652248320503,mfcc
ANG,mfcc_10_iqr,0.0005622039465958801,mfcc
ANG,mfcc_10_skew,0.0,mfcc
ANG,mfcc_10_kurt,0.00026771293492658453,mfcc
ANG,mfcc_11_mean,0.0,mfcc
ANG,mfcc_11_std,0.0007365476868640258,mfcc
ANG,mfcc_11_min,0.00029442733357024705,mfcc
ANG,mfcc_11_max,0.0,mfcc
ANG,mfcc_11_median,0.0,mfcc
ANG,mfcc_11_iqr,0.0,mfcc
ANG,mfcc_11_skew,0.0,mfcc
ANG,mfcc_11_kurt,0.0,mfcc
ANG,mfcc_12_mean,0.0,mfcc
ANG,mfcc_12_std,0.0,mfcc
ANG,mfcc_12_min,0.000836138157686771,mfcc
ANG,mfcc_12_max,0.002509538467994943,mfcc
ANG,mfcc_12_median,0.0,mfcc
ANG,mfcc_12_iqr,0.0,mfcc
ANG,mfcc_12_skew,0.0,mfcc
ANG,mfcc_12_kurt,0.0,mfcc
ANG,mfcc_13_mean,0.0001568774483961947,mfcc
ANG,mfcc_13_std,0.0,mfcc
ANG,mfcc_13_min,0.0,mfcc
ANG,mfcc_13_max,0.008107808956188275,mfcc
ANG,mfcc_13_median,0.0,mfcc
ANG,mfcc_13_iqr,0.0,mfcc
ANG,mfcc_13_skew,0.0,mfcc
ANG,mfcc_13_kurt,0.0028186998360020814,mfcc
ANG,mfcc_14_mean,0.0001413710519322455,mfcc
ANG,mfcc_14_std,0.0,mfcc
ANG,mfcc_14_min,0.0,mfcc
ANG,mfcc_14_max,0.0002630151026745454,mfcc
ANG,mfcc_14_median,0.0008314414787603726,mfcc
ANG,mfcc_14_iqr,0.0,mfcc
ANG,mfcc_14_skew,0.0,mfcc
ANG,mfcc_14_kurt,0.0,mfcc
ANG,mfcc_15_mean,0.0,mfcc
ANG,mfcc_15_std,0.0,mfcc
ANG,mfcc_15_min,0.0,mfcc
ANG,mfcc_15_max,0.0,mfcc
ANG,mfcc_15_median,0.0,mfcc
ANG,mfcc_15_iqr,0.0,mfcc
ANG,mfcc_15_skew,0.0,mfcc
ANG,mfcc_15_kurt,0.0,mfcc
ANG,mfcc_16_mean,0.001530666845757453,mfcc
ANG,mfcc_16_std,0.0001503477919598241,mfcc
ANG,mfcc_16_min,0.0,mfcc
ANG,mfcc_16_max,0.0024125533864748903,mfcc
ANG,mfcc_16_median,0.0,mfcc
ANG,mfcc_16_iqr,0.0,mfcc
ANG,mfcc_16_skew,0.00038909717175253426,mfcc
ANG,mfcc_16_kurt,0.002249697492781456,mfcc
ANG,mfcc_17_mean,0.0,mfcc
ANG,mfcc_17_std,0.0,mfcc
ANG,mfcc_17_min,0.002361966490133784,mfcc
ANG,mfcc_17_max,0.0,mfcc
ANG,mfcc_17_median,0.0,mfcc
ANG,mfcc_17_iqr,0.0,mfcc
ANG,mfcc_17_skew,0.0,mfcc
ANG,mfcc_17_kurt,0.0,mfcc
ANG,mfcc_18_mean,0.0,mfcc
ANG,mfcc_18_std,0.0,mfcc
ANG,mfcc_18_min,0.0,mfcc
ANG,mfcc_18_max,0.0,mfcc
ANG,mfcc_18_median,0.0,mfcc
ANG,mfcc_18_iqr,0.0,mfcc
ANG,mfcc_18_skew,0.0,mfcc
ANG,mfcc_18_kurt,0.0023583507971982557,mfcc
ANG,mfcc_19_mean,0.000422190290644991,mfcc
ANG,mfcc_19_std,0.0,mfcc
ANG,mfcc_19_min,0.0,mfcc
ANG,mfcc_19_max,0.0005501227691759324,mfcc
ANG,mfcc_19_median,0.0,mfcc
ANG,mfcc_19_iqr,0.0011073751136387762,mfcc
ANG,mfcc_19_skew,7.837599462856069e-05,mfcc
ANG,mfcc_19_kurt,0.0,mfcc
ANG,mfcc_d1_00_mean,0.0,mfcc
ANG,mfcc_d1_00_std,0.07067258837983983,mfcc
ANG,mfcc_d2_00_mean,0.0,mfcc
ANG,mfcc_d2_00_std,0.004829322246496603,mfcc
ANG,mfcc_d1_01_mean,0.0,mfcc
ANG,mfcc_d1_01_std,0.0,mfcc
ANG,mfcc_d2_01_mean,0.00022004772898373862,mfcc
ANG,mfcc_d2_01_std,0.0010966756037017523,mfcc
ANG,mfcc_d1_02_mean,0.0017268891004823025,mfcc
ANG,mfcc_d1_02_std,0.0035354642967372844,mfcc
ANG,mfcc_d2_02_mean,0.0,mfcc
ANG,mfcc_d2_02_std,0.0013224134303421486,mfcc
ANG,mfcc_d1_03_mean,0.0,mfcc
ANG,mfcc_d1_03_std,0.008993965039753153,mfcc
ANG,mfcc_d2_03_mean,0.0,mfcc
ANG,mfcc_d2_03_std,0.0,mfcc
ANG,mfcc_d1_04_mean,0.0,mfcc
ANG,mfcc_d1_04_std,0.0005258000211340964,mfcc
ANG,mfcc_d2_04_mean,0.0005563198910336533,mfcc
ANG,mfcc_d2_04_std,0.0008459765905072066,mfcc
ANG,mfcc_d1_05_mean,0.0,mfcc
ANG,mfcc_d1_05_std,0.0004908588024497894,mfcc
ANG,mfcc_d2_05_mean,0.0,mfcc
ANG,mfcc_d2_05_std,0.0,mfcc
ANG,mfcc_d1_06_mean,0.0,mfcc
ANG,mfcc_d1_06_std,0.0,mfcc
ANG,mfcc_d2_06_mean,0.0,mfcc
ANG,mfcc_d2_06_std,0.0,mfcc
ANG,mfcc_d1_07_mean,0.0,mfcc
ANG,mfcc_d1_07_std,0.0,mfcc
ANG,mfcc_d2_07_mean,0.0,mfcc
ANG,mfcc_d2_07_std,0.0,mfcc
ANG,mfcc_d1_08_mean,0.0,mfcc
ANG,mfcc_d1_08_std,0.0,mfcc
ANG,mfcc_d2_08_mean,0.0,mfcc
ANG,mfcc_d2_08_std,0.001361152452547132,mfcc
ANG,mfcc_d1_09_mean,0.0,mfcc
ANG,mfcc_d1_09_std,0.0,mfcc
ANG,mfcc_d2_09_mean,0.0,mfcc
ANG,mfcc_d2_09_std,0.0,mfcc
ANG,mfcc_d1_10_mean,0.0,mfcc
ANG,mfcc_d1_10_std,0.0,mfcc
ANG,mfcc_d2_10_mean,0.0,mfcc
ANG,mfcc_d2_10_std,0.00038850028712112414,mfcc
ANG,mfcc_d1_11_mean,0.002284551906387838,mfcc
ANG,mfcc_d1_11_std,0.0,mfcc
ANG,mfcc_d2_11_mean,0.0,mfcc
ANG,mfcc_d2_11_std,0.0,mfcc
ANG,mfcc_d1_12_mean,0.0,mfcc
ANG,mfcc_d1_12_std,0.0005989942570700908,mfcc
ANG,mfcc_d2_12_mean,0.002209368892517348,mfcc
ANG,mfcc_d2_12_std,0.0,mfcc
ANG,mfcc_d1_13_mean,0.0,mfcc
ANG,mfcc_d1_13_std,0.0,mfcc
ANG,mfcc_d2_13_mean,0.0,mfcc
ANG,mfcc_d2_13_std,0.0,mfcc
ANG,mfcc_d1_14_mean,0.0,mfcc
ANG,mfcc_d1_14_std,0.0,mfcc
ANG,mfcc_d2_14_mean,0.0,mfcc
ANG,mfcc_d2_14_std,0.0,mfcc
ANG,mfcc_d1_15_mean,0.0,mfcc
ANG,mfcc_d1_15_std,0.0007218973779348332,mfcc
ANG,mfcc_d2_15_mean,0.0016175378711780063,mfcc
ANG,mfcc_d2_15_std,1.6359707280995858e-18,mfcc
ANG,mfcc_d1_16_mean,0.00022367357976944054,mfcc
ANG,mfcc_d1_16_std,0.0,mfcc
ANG,mfcc_d2_16_mean,0.0,mfcc
ANG,mfcc_d2_16_std,0.002055237042043843,mfcc
ANG,mfcc_d1_17_mean,0.0002881354886158408,mfcc
ANG,mfcc_d1_17_std,0.0,mfcc
ANG,mfcc_d2_17_mean,0.0,mfcc
ANG,mfcc_d2_17_std,0.0,mfcc
ANG,mfcc_d1_18_mean,0.0,mfcc
ANG,mfcc_d1_18_std,0.0,mfcc
ANG,mfcc_d2_18_mean,0.00010023781610498011,mfcc
ANG,mfcc_d2_18_std,0.00011642905095882758,mfcc
ANG,mfcc_d1_19_mean,0.00026270389624929823,mfcc
ANG,mfcc_d1_19_std,0.0,mfcc
ANG,mfcc_d2_19_mean,0.00025943153033643624,mfcc
ANG,mfcc_d2_19_std,5.2603525572724906e-05,mfcc
ANG,chroma_00_mean,0.0006884073022155737,chroma
ANG,chroma_00_std,0.0,chroma
ANG,chroma_01_mean,0.001681567115937442,chroma
ANG,chroma_01_std,0.0,chroma
ANG,chroma_02_mean,0.000193375116221729,chroma
ANG,chroma_02_std,0.0,chroma
ANG,chroma_03_mean,0.0005060027296836084,chroma
ANG,chroma_03_std,0.0,chroma
ANG,chroma_04_mean,0.0,chroma
ANG,chroma_04_std,0.0,chroma
ANG,chroma_05_mean,0.0,chroma
ANG,chroma_05_std,0.00022264348516276954,chroma
ANG,chroma_06_mean,0.0005325252087378218,chroma
ANG,chroma_06_std,0.0,chroma
ANG,chroma_07_mean,0.0,chroma
ANG,chroma_07_std,0.0,chroma
ANG,chroma_08_mean,0.0,chroma
ANG,chroma_08_std,0.00166098910211118,chroma
ANG,chroma_09_mean,0.0016248107794012165,chroma
ANG,chroma_09_std,0.0005508957209847092,chroma
ANG,chroma_10_mean,0.0,chroma
ANG,chroma_10_std,0.003379555245552081,chroma
ANG,chroma_11_mean,0.0,chroma
ANG,chroma_11_std,0.0,chroma
ANG,prosody_f0_mean,0.005863396722626088,prosody
ANG,prosody_f0_std,0.0,prosody
ANG,prosody_f0_min,0.011104296308224822,prosody
ANG,prosody_f0_max,0.0028857163567376034,prosody
ANG,prosody_f0_median,0.0001535870393820955,prosody
ANG,prosody_f0_iqr,0.006092738427123475,prosody
ANG,prosody_f0_skew,0.0008451784455994917,prosody
ANG,prosody_f0_kurt,0.0,prosody
ANG,prosody_voiced_fraction,0.0,prosody
ANG,prosody_f0_slope_abs_mean,0.0,prosody
ANG,prosody_n_voiced_segments,0.0,prosody
ANG,prosody_voiced_rate_per_s,0.0,prosody
ANG,prosody_mean_voiced_seg_s,0.0,prosody
ANG,prosody_pause_fraction,0.0003188522626551288,prosody
ANG,prosody_jitter_local,0.0,prosody
ANG,prosody_jitter_rap,0.0,prosody
ANG,prosody_jitter_ppq5,0.0,prosody
ANG,prosody_jitter_ddp,0.0,prosody
ANG,prosody_shimmer_local,0.0013360008475845299,prosody
ANG,prosody_shimmer_localdb,0.0,prosody
ANG,prosody_shimmer_apq3,0.0,prosody
ANG,prosody_shimmer_apq5,0.0,prosody
ANG,prosody_shimmer_apq11,0.0,prosody
ANG,prosody_shimmer_dda,0.0,prosody
ANG,prosody_hnr_mean,0.00020365600836472358,prosody
ANG,prosody_hnr_std,0.0,prosody
ANG,prosody_hnr_min,0.0,prosody
ANG,prosody_hnr_max,0.0,prosody
ANG,prosody_hnr_median,0.0020766466722121823,prosody
ANG,prosody_f1_mean,0.0,prosody
ANG,prosody_f1_std,0.0,prosody
ANG,prosody_f1_median,0.002367431186411756,prosody
ANG,prosody_f1_bw_median,0.0,prosody
ANG,prosody_f2_mean,0.0,prosody
ANG,prosody_f2_std,0.0003872772372531342,prosody
ANG,prosody_f2_median,0.0,prosody
ANG,prosody_f2_bw_median,0.0,prosody
ANG,prosody_f3_mean,0.00020828312346365103,prosody
ANG,prosody_f3_std,0.0005166737977105836,prosody
ANG,prosody_f3_median,0.0,prosody
ANG,prosody_f3_bw_median,0.0,prosody
ANG,prosody_f4_mean,0.003329293644553506,prosody
ANG,prosody_f4_std,0.0004198721068668987,prosody
ANG,prosody_f4_median,0.0,prosody
ANG,prosody_f5_mean,0.0,prosody
ANG,prosody_f5_std,0.0,prosody
ANG,prosody_f5_median,0.0008850158135428512,prosody
ANG,prosody_intensity_mean,0.0,prosody
ANG,prosody_intensity_std,0.13107371786503652,prosody
ANG,prosody_intensity_min,0.0027786813156059557,prosody
ANG,prosody_intensity_max,0.0,prosody
ANG,prosody_intensity_median,0.0,prosody
ANG,prosody_intensity_iqr,4.5906995323917675e-06,prosody
ANG,prosody_intensity_skew,0.0,prosody
ANG,prosody_intensity_kurt,0.0006243207529511615,prosody
ANG,prosody_cpps,0.0,prosody
DIS,duration_s,0.03645213335743326,other
DIS,peak_amplitude,0.0,other
DIS,spectral_centroid_mean,0.0,spectral
DIS,spectral_centroid_std,0.0,spectral
DIS,spectral_centroid_min,0.0,spectral
DIS,spectral_centroid_max,0.0,spectral
DIS,spectral_centroid_median,0.002493825862328379,spectral
DIS,spectral_centroid_iqr,0.01328631860955455,spectral
DIS,spectral_centroid_skew,0.0006317523640608831,spectral
DIS,spectral_centroid_kurt,0.0002619439453847431,spectral
DIS,spectral_bandwidth_mean,0.0013815004535378717,spectral
DIS,spectral_bandwidth_std,0.0,spectral
DIS,spectral_bandwidth_min,0.0,spectral
DIS,spectral_bandwidth_max,0.0,spectral
DIS,spectral_bandwidth_median,0.0,spectral
DIS,spectral_bandwidth_iqr,0.001999437332331877,spectral
DIS,spectral_bandwidth_skew,5.419910757376475e-05,spectral
DIS,spectral_bandwidth_kurt,0.0007433928571703073,spectral
DIS,spectral_rolloff85_mean,0.0,spectral
DIS,spectral_rolloff85_std,0.0004214883437456372,spectral
DIS,spectral_rolloff85_min,0.0,spectral
DIS,spectral_rolloff85_max,0.0002691468349244287,spectral
DIS,spectral_rolloff85_median,0.0,spectral
DIS,spectral_rolloff85_iqr,0.0,spectral
DIS,spectral_rolloff85_skew,0.001982909519181159,spectral
DIS,spectral_rolloff85_kurt,0.0010797959409418539,spectral
DIS,spectral_rolloff95_mean,0.0,spectral
DIS,spectral_rolloff95_std,0.0,spectral
DIS,spectral_rolloff95_min,0.0,spectral
DIS,spectral_rolloff95_max,0.0,spectral
DIS,spectral_rolloff95_median,0.0,spectral
DIS,spectral_rolloff95_iqr,0.0,spectral
DIS,spectral_rolloff95_skew,0.0,spectral
DIS,spectral_rolloff95_kurt,0.0002930726941963615,spectral
DIS,spectral_flatness_mean,0.0,spectral
DIS,spectral_flatness_std,0.0,spectral
DIS,spectral_flatness_min,0.007343757220851272,spectral
DIS,spectral_flatness_max,8.658592929241975e-05,spectral
DIS,spectral_flatness_median,0.002714385184716618,spectral
DIS,spectral_flatness_iqr,0.0,spectral
DIS,spectral_flatness_skew,0.0,spectral
DIS,spectral_flatness_kurt,0.0,spectral
DIS,spectral_zcr_mean,0.0,spectral
DIS,spectral_zcr_std,0.002309286728427946,spectral
DIS,spectral_zcr_min,0.0,spectral
DIS,spectral_zcr_max,0.0,spectral
DIS,spectral_zcr_median,0.0,spectral
DIS,spectral_zcr_iqr,0.002599067711680637,spectral
DIS,spectral_zcr_skew,0.0,spectral
DIS,spectral_zcr_kurt,0.0,spectral
DIS,spectral_rms_mean,0.0,spectral
DIS,spectral_rms_std,0.00020341643834655281,spectral
DIS,spectral_rms_min,0.00012160861101038316,spectral
DIS,spectral_rms_max,0.0,spectral
DIS,spectral_rms_median,0.0,spectral
DIS,spectral_rms_iqr,0.00322306851505675,spectral
DIS,spectral_rms_skew,0.0,spectral
DIS,spectral_rms_kurt,0.0,spectral
DIS,spectral_flux_mean,0.0,spectral
DIS,spectral_flux_std,0.0008570762033632325,spectral
DIS,spectral_flux_min,0.0014410871497156858,spectral
DIS,spectral_flux_max,0.0,spectral
DIS,spectral_flux_median,0.00018877886225470962,spectral
DIS,spectral_flux_iqr,0.003193280873188697,spectral
DIS,spectral_flux_skew,0.0,spectral
DIS,spectral_flux_kurt,0.0,spectral
DIS,spectral_entropy_mean,0.0,spectral
DIS,spectral_entropy_std,0.003920687760776266,spectral
DIS,spectral_entropy_min,0.0,spectral
DIS,spectral_entropy_max,0.00041333902168857236,spectral
DIS,spectral_entropy_median,0.011457615355368793,spectral
DIS,spectral_entropy_iqr,0.0,spectral
DIS,spectral_entropy_skew,0.0,spectral
DIS,spectral_entropy_kurt,0.0034857950362475105,spectral
DIS,spectral_slope_mean,0.0002697988775773598,spectral
DIS,spectral_slope_std,0.0,spectral
DIS,spectral_slope_min,0.0,spectral
DIS,spectral_slope_max,0.0,spectral
DIS,spectral_slope_median,0.0017354419444307872,spectral
DIS,spectral_slope_iqr,0.0014905643332687563,spectral
DIS,spectral_slope_skew,0.0001777289351252627,spectral
DIS,spectral_slope_kurt,0.0,spectral
DIS,spectral_band_0_500_mean,0.007935589468303594,spectral
DIS,spectral_band_0_500_std,0.0013191349972506144,spectral
DIS,spectral_band_500_1000_mean,0.002850911388021957,spectral
DIS,spectral_band_500_1000_std,0.0007818866266133912,spectral
DIS,spectral_band_1000_2000_mean,0.003218856400033419,spectral
DIS,spectral_band_1000_2000_std,0.0,spectral
DIS,spectral_band_2000_3000_mean,0.00153646028706815,spectral
DIS,spectral_band_2000_3000_std,0.0008753276984939573,spectral
DIS,spectral_band_3000_4000_mean,0.004565155351510147,spectral
DIS,spectral_band_3000_4000_std,0.00026410902689701695,spectral
DIS,spectral_band_4000_5000_mean,0.0,spectral
DIS,spectral_band_4000_5000_std,0.0,spectral
DIS,spectral_band_5000_6000_mean,0.0,spectral
DIS,spectral_band_5000_6000_std,0.0010060113652914828,spectral
DIS,spectral_band_6000_8000_mean,0.000341165062154731,spectral
DIS,spectral_band_6000_8000_std,0.0,spectral
DIS,spectral_hf_ratio_4000_mean,0.0,spectral
DIS,spectral_hf_ratio_4000_std,0.0022573976189587458,spectral
DIS,spectral_hf_ratio_6000_mean,0.0,spectral
DIS,spectral_hf_ratio_6000_std,0.0,spectral
DIS,spectral_contrast_0_mean,0.0,spectral
DIS,spectral_contrast_0_std,0.0004928138876135476,spectral
DIS,spectral_contrast_1_mean,0.005241927225164753,spectral
DIS,spectral_contrast_1_std,0.002317075625878286,spectral
DIS,spectral_contrast_2_mean,0.0005453635149728533,spectral
DIS,spectral_contrast_2_std,0.0,spectral
DIS,spectral_contrast_3_mean,0.0,spectral
DIS,spectral_contrast_3_std,0.0,spectral
DIS,spectral_contrast_4_mean,0.0,spectral
DIS,spectral_contrast_4_std,0.0,spectral
DIS,spectral_contrast_5_mean,0.0,spectral
DIS,spectral_contrast_5_std,0.0002735231232172597,spectral
DIS,spectral_contrast_6_mean,0.0,spectral
DIS,spectral_contrast_6_std,0.0018903162150644534,spectral
DIS,mfcc_00_mean,0.00197389253127043,mfcc
DIS,mfcc_00_std,0.01089680098452455,mfcc
DIS,mfcc_00_min,0.0,mfcc
DIS,mfcc_00_max,0.0008527473873097994,mfcc
DIS,mfcc_00_median,0.0,mfcc
DIS,mfcc_00_iqr,0.004839059263728262,mfcc
DIS,mfcc_00_skew,5.4879974224962605e-05,mfcc
DIS,mfcc_00_kurt,0.0,mfcc
DIS,mfcc_01_mean,0.0,mfcc
DIS,mfcc_01_std,0.0017907990761473344,mfcc
DIS,mfcc_01_min,0.0,mfcc
DIS,mfcc_01_max,6.109589455094518e-05,mfcc
DIS,mfcc_01_median,0.0,mfcc
DIS,mfcc_01_iqr,0.0,mfcc
DIS,mfcc_01_skew,0.0,mfcc
DIS,mfcc_01_kurt,0.0,mfcc
DIS,mfcc_02_mean,0.0,mfcc
DIS,mfcc_02_std,0.016928511249818565,mfcc
DIS,mfcc_02_min,0.0014861666064820585,mfcc
DIS,mfcc_02_max,0.0018651818444817276,mfcc
DIS,mfcc_02_median,0.0,mfcc
DIS,mfcc_02_iqr,0.0010494707410783303,mfcc
DIS,mfcc_02_skew,0.0,mfcc
DIS,mfcc_02_kurt,0.0002641352438827844,mfcc
DIS,mfcc_03_mean,0.001870775278826825,mfcc
DIS,mfcc_03_std,0.004223186178814381,mfcc
DIS,mfcc_03_min,0.0035375782108179295,mfcc
DIS,mfcc_03_max,0.0,mfcc
DIS,mfcc_03_median,0.00021254387576150456,mfcc
DIS,mfcc_03_iqr,0.003999972127946466,mfcc
DIS,mfcc_03_skew,0.003026934753760682,mfcc
DIS,mfcc_03_kurt,0.0,mfcc
DIS,mfcc_04_mean,0.0007951694814131958,mfcc
DIS,mfcc_04_std,0.00037248525275273534,mfcc
DIS,mfcc_04_min,0.0,mfcc
DIS,mfcc_04_max,0.0006402039484758085,mfcc
DIS,mfcc_04_median,0.0,mfcc
DIS,mfcc_04_iqr,0.001286362211026501,mfcc
DIS,mfcc_04_skew,0.0014653342310274114,mfcc
DIS,mfcc_04_kurt,0.0,mfcc
DIS,mfcc_05_mean,0.0,mfcc
DIS,mfcc_05_std,0.0008205978417963928,mfcc
DIS,mfcc_05_min,0.0005999405742095517,mfcc
DIS,mfcc_05_max,0.0,mfcc
DIS,mfcc_05_median,0.0,mfcc
DIS,mfcc_05_iqr,0.0,mfcc
DIS,mfcc_05_skew,0.0,mfcc
DIS,mfcc_05_kurt,0.0,mfcc
DIS,mfcc_06_mean,0.0,mfcc
DIS,mfcc_06_std,0.0,mfcc
DIS,mfcc_06_min,0.0,mfcc
DIS,mfcc_06_max,0.0,mfcc
DIS,mfcc_06_median,0.0,mfcc
DIS,mfcc_06_iqr,0.0,mfcc
DIS,mfcc_06_skew,0.0,mfcc
DIS,mfcc_06_kurt,0.0,mfcc
DIS,mfcc_07_mean,0.0,mfcc
DIS,mfcc_07_std,0.003437141701880974,mfcc
DIS,mfcc_07_min,0.0,mfcc
DIS,mfcc_07_max,0.0,mfcc
DIS,mfcc_07_median,0.0,mfcc
DIS,mfcc_07_iqr,0.0007194736943421357,mfcc
DIS,mfcc_07_skew,0.0,mfcc
DIS,mfcc_07_kurt,0.0,mfcc
DIS,mfcc_08_mean,0.0,mfcc
DIS,mfcc_08_std,0.0010100965205772326,mfcc
DIS,mfcc_08_min,0.0013058585505792686,mfcc
DIS,mfcc_08_max,0.00043930352389990343,mfcc
DIS,mfcc_08_median,0.0,mfcc
DIS,mfcc_08_iqr,0.0,mfcc
DIS,mfcc_08_skew,0.0,mfcc
DIS,mfcc_08_kurt,0.0,mfcc
DIS,mfcc_09_mean,0.0028648306627005677,mfcc
DIS,mfcc_09_std,0.0013421143675241345,mfcc
DIS,mfcc_09_min,0.0,mfcc
DIS,mfcc_09_max,0.002404601440915216,mfcc
DIS,mfcc_09_median,0.0013054671987342763,mfcc
DIS,mfcc_09_iqr,0.001561553610937755,mfcc
DIS,mfcc_09_skew,0.0,mfcc
DIS,mfcc_09_kurt,0.001157762818860754,mfcc
DIS,mfcc_10_mean,0.0004769805529589166,mfcc
DIS,mfcc_10_std,0.0005773793355746401,mfcc
DIS,mfcc_10_min,0.0,mfcc
DIS,mfcc_10_max,0.0,mfcc
DIS,mfcc_10_median,0.004046533497226988,mfcc
DIS,mfcc_10_iqr,4.9277151262100416e-05,mfcc
DIS,mfcc_10_skew,0.0,mfcc
DIS,mfcc_10_kurt,0.000197560612109977,mfcc
DIS,mfcc_11_mean,0.0,mfcc
DIS,mfcc_11_std,0.006573802950677435,mfcc
DIS,mfcc_11_min,0.000869111375863801,mfcc
DIS,mfcc_11_max,0.0,mfcc
DIS,mfcc_11_median,0.0,mfcc
DIS,mfcc_11_iqr,0.0,mfcc
DIS,mfcc_11_skew,0.0,mfcc
DIS,mfcc_11_kurt,0.0,mfcc
DIS,mfcc_12_mean,0.0,mfcc
DIS,mfcc_12_std,0.0,mfcc
DIS,mfcc_12_min,0.0002040395573865363,mfcc
DIS,mfcc_12_max,0.00026791404116827204,mfcc
DIS,mfcc_12_median,0.0,mfcc
DIS,mfcc_12_iqr,0.0,mfcc
DIS,mfcc_12_skew,0.0005471243011784566,mfcc
DIS,mfcc_12_kurt,0.00034877195089670144,mfcc
DIS,mfcc_13_mean,0.0014685348611467657,mfcc
DIS,mfcc_13_std,0.0,mfcc
DIS,mfcc_13_min,0.001080391464337602,mfcc
DIS,mfcc_13_max,0.000952327294113637,mfcc
DIS,mfcc_13_median,0.0,mfcc
DIS,mfcc_13_iqr,0.0008195398730467195,mfcc
DIS,mfcc_13_skew,0.0,mfcc
DIS,mfcc_13_kurt,0.0007753318179650038,mfcc
DIS,mfcc_14_mean,0.0003682352884570533,mfcc
DIS,mfcc_14_std,0.0,mfcc
DIS,mfcc_14_min,0.0,mfcc
DIS,mfcc_14_max,0.0004320073207486293,mfcc
DIS,mfcc_14_median,0.0018313826031061016,mfcc
DIS,mfcc_14_iqr,0.0,mfcc
DIS,mfcc_14_skew,0.0,mfcc
DIS,mfcc_14_kurt,0.0,mfcc
DIS,mfcc_15_mean,0.0,mfcc
DIS,mfcc_15_std,0.0,mfcc
DIS,mfcc_15_min,0.0,mfcc
DIS,mfcc_15_max,0.0,mfcc
DIS,mfcc_15_median,0.0,mfcc
DIS,mfcc_15_iqr,0.0,mfcc
DIS,mfcc_15_skew,0.00018524707234610432,mfcc
DIS,mfcc_15_kurt,0.0012987208576772898,mfcc
DIS,mfcc_16_mean,0.0,mfcc
DIS,mfcc_16_std,0.001439850958359317,mfcc
DIS,mfcc_16_min,0.0,mfcc
DIS,mfcc_16_max,0.0003811858118086271,mfcc
DIS,mfcc_16_median,0.0022989218789498172,mfcc
DIS,mfcc_16_iqr,0.0,mfcc
DIS,mfcc_16_skew,0.0012043233550680218,mfcc
DIS,mfcc_16_kurt,0.0015127226284222584,mfcc
DIS,mfcc_17_mean,0.0,mfcc
DIS,mfcc_17_std,0.0,mfcc
DIS,mfcc_17_min,0.002393303654545504,mfcc
DIS,mfcc_17_max,0.0,mfcc
DIS,mfcc_17_median,0.0,mfcc
DIS,mfcc_17_iqr,0.0,mfcc
DIS,mfcc_17_skew,0.0,mfcc
DIS,mfcc_17_kurt,0.0012207347608320712,mfcc
DIS,mfcc_18_mean,0.0011277324382695864,mfcc
DIS,mfcc_18_std,0.0,mfcc
DIS,mfcc_18_min,1.3480247011236439e-18,mfcc
DIS,mfcc_18_max,0.0,mfcc
DIS,mfcc_18_median,0.0,mfcc
DIS,mfcc_18_iqr,0.0,mfcc
DIS,mfcc_18_skew,0.0,mfcc
DIS,mfcc_18_kurt,0.0006223350291121108,mfcc
DIS,mfcc_19_mean,0.002471019161001747,mfcc
DIS,mfcc_19_std,0.0,mfcc
DIS,mfcc_19_min,0.0,mfcc
DIS,mfcc_19_max,0.00015599103045758152,mfcc
DIS,mfcc_19_median,0.0011530115189626576,mfcc
DIS,mfcc_19_iqr,0.0014410941085231193,mfcc
DIS,mfcc_19_skew,0.0007999416163184377,mfcc
DIS,mfcc_19_kurt,0.0,mfcc
DIS,mfcc_d1_00_mean,0.0,mfcc
DIS,mfcc_d1_00_std,0.03405305031529296,mfcc
DIS,mfcc_d2_00_mean,0.0,mfcc
DIS,mfcc_d2_00_std,0.0027143872639454635,mfcc
DIS,mfcc_d1_01_mean,0.001559305413724373,mfcc
DIS,mfcc_d1_01_std,0.0,mfcc
DIS,mfcc_d2_01_mean,0.0016102640183153184,mfcc
DIS,mfcc_d2_01_std,5.817913663843378e-05,mfcc
DIS,mfcc_d1_02_mean,0.0006763969449975658,mfcc
DIS,mfcc_d1_02_std,0.005753980634622947,mfcc
DIS,mfcc_d2_02_mean,0.0,mfcc
DIS,mfcc_d2_02_std,0.0021196414095066237,mfcc
DIS,mfcc_d1_03_mean,0.0,mfcc
DIS,mfcc_d1_03_std,0.006998630260189699,mfcc
DIS,mfcc_d2_03_mean,0.0,mfcc
DIS,mfcc_d2_03_std,0.00030949533795916046,mfcc
DIS,mfcc_d1_04_mean,0.0,mfcc
DIS,mfcc_d1_04_std,0.0012803809328372439,mfcc
DIS,mfcc_d2_04_mean,0.0010214524204730027,mfcc
DIS,mfcc_d2_04_std,0.0023287533182113924,mfcc
DIS,mfcc_d1_05_mean,0.0,mfcc
DIS,mfcc_d1_05_std,0.0018879984847354544,mfcc
DIS,mfcc_d2_05_mean,0.0,mfcc
DIS,mfcc_d2_05_std,0.0,mfcc
DIS,mfcc_d1_06_mean,0.0,mfcc
DIS,mfcc_d1_06_std,0.0,mfcc
DIS,mfcc_d2_06_mean,0.0,mfcc
DIS,mfcc_d2_06_std,0.0,mfcc
DIS,mfcc_d1_07_mean,0.00014887826951699625,mfcc
DIS,mfcc_d1_07_std,0.0,mfcc
DIS,mfcc_d2_07_mean,0.0,mfcc
DIS,mfcc_d2_07_std,0.0,mfcc
DIS,mfcc_d1_08_mean,0.0,mfcc
DIS,mfcc_d1_08_std,0.0004674529671159074,mfcc
DIS,mfcc_d2_08_mean,0.0,mfcc
DIS,mfcc_d2_08_std,0.003270460575291623,mfcc
DIS,mfcc_d1_09_mean,0.0,mfcc
DIS,mfcc_d1_09_std,0.00016329148359807408,mfcc
DIS,mfcc_d2_09_mean,0.0,mfcc
DIS,mfcc_d2_09_std,0.0005171253669430339,mfcc
DIS,mfcc_d1_10_mean,0.0,mfcc
DIS,mfcc_d1_10_std,0.0,mfcc
DIS,mfcc_d2_10_mean,0.0,mfcc
DIS,mfcc_d2_10_std,0.0026108652300623194,mfcc
DIS,mfcc_d1_11_mean,0.000703490266569873,mfcc
DIS,mfcc_d1_11_std,0.0,mfcc
DIS,mfcc_d2_11_mean,0.0,mfcc
DIS,mfcc_d2_11_std,0.0,mfcc
DIS,mfcc_d1_12_mean,0.0,mfcc
DIS,mfcc_d1_12_std,0.0,mfcc
DIS,mfcc_d2_12_mean,0.0002521985151520896,mfcc
DIS,mfcc_d2_12_std,0.0,mfcc
DIS,mfcc_d1_13_mean,0.0,mfcc
DIS,mfcc_d1_13_std,0.0,mfcc
DIS,mfcc_d2_13_mean,0.0,mfcc
DIS,mfcc_d2_13_std,0.0,mfcc
DIS,mfcc_d1_14_mean,0.0,mfcc
DIS,mfcc_d1_14_std,0.0,mfcc
DIS,mfcc_d2_14_mean,0.0,mfcc
DIS,mfcc_d2_14_std,0.0,mfcc
DIS,mfcc_d1_15_mean,0.0011665861265976606,mfcc
DIS,mfcc_d1_15_std,0.001476131734664391,mfcc
DIS,mfcc_d2_15_mean,0.002890407771715829,mfcc
DIS,mfcc_d2_15_std,0.0008823655743886561,mfcc
DIS,mfcc_d1_16_mean,0.0026533103879569377,mfcc
DIS,mfcc_d1_16_std,0.0,mfcc
DIS,mfcc_d2_16_mean,0.0,mfcc
DIS,mfcc_d2_16_std,0.0006624749121192965,mfcc
DIS,mfcc_d1_17_mean,0.002217428450787505,mfcc
DIS,mfcc_d1_17_std,0.0009840134553353072,mfcc
DIS,mfcc_d2_17_mean,0.0,mfcc
DIS,mfcc_d2_17_std,0.0,mfcc
DIS,mfcc_d1_18_mean,0.0,mfcc
DIS,mfcc_d1_18_std,0.0,mfcc
DIS,mfcc_d2_18_mean,0.00020047563220996023,mfcc
DIS,mfcc_d2_18_std,0.0,mfcc
DIS,mfcc_d1_19_mean,0.00157622337749579,mfcc
DIS,mfcc_d1_19_std,0.0,mfcc
DIS,mfcc_d2_19_mean,0.001417079519463064,mfcc
DIS,mfcc_d2_19_std,0.0004105170475320662,mfcc
DIS,chroma_00_mean,0.0005388845423273755,chroma
DIS,chroma_00_std,0.0,chroma
DIS,chroma_01_mean,0.00015891852831467648,chroma
DIS,chroma_01_std,0.0029957236502856344,chroma
DIS,chroma_02_mean,0.002658615848531432,chroma
DIS,chroma_02_std,0.0,chroma
DIS,chroma_03_mean,0.0011734871031999375,chroma
DIS,chroma_03_std,0.0003945198524335599,chroma
DIS,chroma_04_mean,0.0,chroma
DIS,chroma_04_std,0.0,chroma
DIS,chroma_05_mean,0.0,chroma
DIS,chroma_05_std,0.0007490298813288734,chroma
DIS,chroma_06_mean,0.003564546770659968,chroma
DIS,chroma_06_std,0.0,chroma
DIS,chroma_07_mean,0.0,chroma
DIS,chroma_07_std,0.0,chroma
DIS,chroma_08_mean,0.0005367417391595765,chroma
DIS,chroma_08_std,0.003345884247442444,chroma
DIS,chroma_09_mean,0.000250454074121248,chroma
DIS,chroma_09_std,0.0003856270046892956,chroma
DIS,chroma_10_mean,0.0,chroma
DIS,chroma_10_std,0.0014387402868772648,chroma
DIS,chroma_11_mean,0.0,chroma
DIS,chroma_11_std,0.0,chroma
DIS,prosody_f0_mean,0.019519955814576485,prosody
DIS,prosody_f0_std,0.0,prosody
DIS,prosody_f0_min,0.005792030803188451,prosody
DIS,prosody_f0_max,0.004899881531365562,prosody
DIS,prosody_f0_median,0.001877199607526402,prosody
DIS,prosody_f0_iqr,0.004637725452819852,prosody
DIS,prosody_f0_skew,0.0016823254705189768,prosody
DIS,prosody_f0_kurt,0.0,prosody
DIS,prosody_voiced_fraction,0.0010291829402081603,prosody
DIS,prosody_f0_slope_abs_mean,0.0,prosody
DIS,prosody_n_voiced_segments,0.0,prosody
DIS,prosody_voiced_rate_per_s,0.00020422626682289628,prosody
DIS,prosody_mean_voiced_seg_s,0.0,prosody
DIS,prosody_pause_fraction,0.003451592883697854,prosody
DIS,prosody_jitter_local,0.0,prosody
DIS,prosody_jitter_rap,0.0,prosody
DIS,prosody_jitter_ppq5,0.0,prosody
DIS,prosody_jitter_ddp,0.0,prosody
DIS,prosody_shimmer_local,0.001202508055534999,prosody
DIS,prosody_shimmer_localdb,0.002273061607993265,prosody
DIS,prosody_shimmer_apq3,0.0,prosody
DIS,prosody_shimmer_apq5,0.0,prosody
DIS,prosody_shimmer_apq11,0.0,prosody
DIS,prosody_shimmer_dda,0.0,prosody
DIS,prosody_hnr_mean,0.001864933326437451,prosody
DIS,prosody_hnr_std,0.0,prosody
DIS,prosody_hnr_min,0.0,prosody
DIS,prosody_hnr_max,0.0,prosody
DIS,prosody_hnr_median,0.01016843553894058,prosody
DIS,prosody_f1_mean,0.0004157201608200039,prosody
DIS,prosody_f1_std,0.0,prosody
DIS,prosody_f1_median,0.00036074051867132607,prosody
DIS,prosody_f1_bw_median,0.0,prosody
DIS,prosody_f2_mean,0.0,prosody
DIS,prosody_f2_std,0.0017433743833338183,prosody
DIS,prosody_f2_median,0.00019805803718487986,prosody
DIS,prosody_f2_bw_median,0.00027724644395658816,prosody
DIS,prosody_f3_mean,0.0015275330848404905,prosody
DIS,prosody_f3_std,0.0009449490540280899,prosody
DIS,prosody_f3_median,0.0,prosody
DIS,prosody_f3_bw_median,0.0,prosody
DIS,prosody_f4_mean,0.0026891965665956944,prosody
DIS,prosody_f4_std,0.002303673565086417,prosody
DIS,prosody_f4_median,0.0004374301504980839,prosody
DIS,prosody_f5_mean,0.0002049411072734876,prosody
DIS,prosody_f5_std,0.0,prosody
DIS,prosody_f5_median,0.006750998479948217,prosody
DIS,prosody_intensity_mean,0.0,prosody
DIS,prosody_intensity_std,0.04955971289852687,prosody
DIS,prosody_intensity_min,0.001863351994391295,prosody
DIS,prosody_intensity_max,0.0,prosody
DIS,prosody_intensity_median,0.0,prosody
DIS,prosody_intensity_iqr,0.0008070377257042276,prosody
DIS,prosody_intensity_skew,0.0002070445709703472,prosody
DIS,prosody_intensity_kurt,0.0011227638485888387,prosody
DIS,prosody_cpps,0.0,prosody
FEA,duration_s,0.012122213503352212,other
FEA,peak_amplitude,0.0,other
FEA,spectral_centroid_mean,0.0,spectral
FEA,spectral_centroid_std,0.0,spectral
FEA,spectral_centroid_min,0.0,spectral
FEA,spectral_centroid_max,0.0,spectral
FEA,spectral_centroid_median,0.008367214629159413,spectral
FEA,spectral_centroid_iqr,0.011493292335798683,spectral
FEA,spectral_centroid_skew,0.0008173281043720121,spectral
FEA,spectral_centroid_kurt,0.0012945812888070305,spectral
FEA,spectral_bandwidth_mean,0.0010742895006249265,spectral
FEA,spectral_bandwidth_std,0.0,spectral
FEA,spectral_bandwidth_min,0.0,spectral
FEA,spectral_bandwidth_max,0.0,spectral
FEA,spectral_bandwidth_median,0.0,spectral
FEA,spectral_bandwidth_iqr,0.005361140620910418,spectral
FEA,spectral_bandwidth_skew,0.0,spectral
FEA,spectral_bandwidth_kurt,0.00028564009381877136,spectral
FEA,spectral_rolloff85_mean,0.0,spectral
FEA,spectral_rolloff85_std,0.0004214883437456372,spectral
FEA,spectral_rolloff85_min,0.0,spectral
FEA,spectral_rolloff85_max,0.0011597013265624602,spectral
FEA,spectral_rolloff85_median,0.0,spectral
FEA,spectral_rolloff85_iqr,0.0,spectral
FEA,spectral_rolloff85_skew,0.0003147605344596517,spectral
FEA,spectral_rolloff85_kurt,1.8976411886101604e-05,spectral
FEA,spectral_rolloff95_mean,0.0,spectral
FEA,spectral_rolloff95_std,0.0,spectral
FEA,spectral_rolloff95_min,0.0,spectral
FEA,spectral_rolloff95_max,0.0006008435902713203,spectral
FEA,spectral_rolloff95_median,0.0,spectral
FEA,spectral_rolloff95_iqr,1.0748057536572968e-18,spectral
FEA,spectral_rolloff95_skew,0.0,spectral
FEA,spectral_rolloff95_kurt,0.003152648578231848,spectral
FEA,spectral_flatness_mean,0.0,spectral
FEA,spectral_flatness_std,0.0,spectral
FEA,spectral_flatness_min,0.0013240486895271296,spectral
FEA,spectral_flatness_max,0.0004902444772613812,spectral
FEA,spectral_flatness_median,0.0024485609979099077,spectral
FEA,spectral_flatness_iqr,0.0,spectral
FEA,spectral_flatness_skew,0.0,spectral
FEA,spectral_flatness_kurt,0.0,spectral
FEA,spectral_zcr_mean,0.0,spectral
FEA,spectral_zcr_std,0.0008357133563783052,spectral
FEA,spectral_zcr_min,0.0,spectral
FEA,spectral_zcr_max,0.0,spectral
FEA,spectral_zcr_median,0.0,spectral
FEA,spectral_zcr_iqr,0.0004614862878267379,spectral
FEA,spectral_zcr_skew,0.0,spectral
FEA,spectral_zcr_kurt,0.0,spectral
FEA,spectral_rms_mean,0.0,spectral
FEA,spectral_rms_std,0.00020341643834655281,spectral
FEA,spectral_rms_min,0.002381025307222509,spectral
FEA,spectral_rms_max,0.0,spectral
FEA,spectral_rms_median,0.0,spectral
FEA,spectral_rms_iqr,0.00018860095883658687,spectral
FEA,spectral_rms_skew,0.0,spectral
FEA,spectral_rms_kurt,0.0,spectral
FEA,spectral_flux_mean,0.0,spectral
FEA,spectral_flux_std,0.0009921934043800689,spectral
FEA,spectral_flux_min,0.0002124091293902239,spectral
FEA,spectral_flux_max,0.0,spectral
FEA,spectral_flux_median,0.0035669393880762962,spectral
FEA,spectral_flux_iqr,0.0022988306263276885,spectral
FEA,spectral_flux_skew,0.0,spectral
FEA,spectral_flux_kurt,0.0,spectral
FEA,spectral_entropy_mean,0.0,spectral
FEA,spectral_entropy_std,0.0033381729289806996,spectral
FEA,spectral_entropy_min,0.0,spectral
FEA,spectral_entropy_max,0.0006479040140944331,spectral
FEA,spectral_entropy_median,0.006479642377425832,spectral
FEA,spectral_entropy_iqr,0.0,spectral
FEA,spectral_entropy_skew,0.0,spectral
FEA,spectral_entropy_kurt,0.001685303078370302,spectral
FEA,spectral_slope_mean,0.0019003249400473905,spectral
FEA,spectral_slope_std,0.0,spectral
FEA,spectral_slope_min,0.0,spectral
FEA,spectral_slope_max,0.0,spectral
FEA,spectral_slope_median,0.0008422574496469019,spectral
FEA,spectral_slope_iqr,0.0017284416261950926,spectral
FEA,spectral_slope_skew,0.001009778363253588,spectral
FEA,spectral_slope_kurt,0.0,spectral
FEA,spectral_band_0_500_mean,0.01234198496984914,spectral
FEA,spectral_band_0_500_std,0.00298218369899247,spectral
FEA,spectral_band_500_1000_mean,0.002672144359592379,spectral
FEA,spectral_band_500_1000_std,0.002145913806241401,spectral
FEA,spectral_band_1000_2000_mean,0.0004635660064249319,spectral
FEA,spectral_band_1000_2000_std,0.0,spectral
FEA,spectral_band_2000_3000_mean,0.0,spectral
FEA,spectral_band_2000_3000_std,0.00033477283055373896,spectral
FEA,spectral_band_3000_4000_mean,0.0053182462748887225,spectral
FEA,spectral_band_3000_4000_std,0.0010564361075880698,spectral
FEA,spectral_band_4000_5000_mean,0.00013476461469501733,spectral
FEA,spectral_band_4000_5000_std,0.0,spectral
FEA,spectral_band_5000_6000_mean,0.0,spectral
FEA,spectral_band_5000_6000_std,0.002812740779957245,spectral
FEA,spectral_band_6000_8000_mean,4.076046142827841e-08,spectral
FEA,spectral_band_6000_8000_std,0.0,spectral
FEA,spectral_hf_ratio_4000_mean,0.0,spectral
FEA,spectral_hf_ratio_4000_std,0.0001965865504616194,spectral
FEA,spectral_hf_ratio_6000_mean,0.0,spectral
FEA,spectral_hf_ratio_6000_std,0.0,spectral
FEA,spectral_contrast_0_mean,0.0,spectral
FEA,spectral_contrast_0_std,0.0007618542466100117,spectral
FEA,spectral_contrast_1_mean,0.008200502457324007,spectral
FEA,spectral_contrast_1_std,0.006399890823684662,spectral
FEA,spectral_contrast_2_mean,0.00021062106876510792,spectral
FEA,spectral_contrast_2_std,0.0,spectral
FEA,spectral_contrast_3_mean,0.0,spectral
FEA,spectral_contrast_3_std,0.0,spectral
FEA,spectral_contrast_4_mean,0.0,spectral
FEA,spectral_contrast_4_std,0.0,spectral
FEA,spectral_contrast_5_mean,0.0,spectral
FEA,spectral_contrast_5_std,0.0018045577376626406,spectral
FEA,spectral_contrast_6_mean,0.0,spectral
FEA,spectral_contrast_6_std,0.000927506929885618,spectral
FEA,mfcc_00_mean,0.0,mfcc
FEA,mfcc_00_std,0.012617643418190865,mfcc
FEA,mfcc_00_min,0.0,mfcc
FEA,mfcc_00_max,0.00028419253958921056,mfcc
FEA,mfcc_00_median,0.0,mfcc
FEA,mfcc_00_iqr,0.00992907701758339,mfcc
FEA,mfcc_00_skew,0.0008074538202884666,mfcc
FEA,mfcc_00_kurt,0.0,mfcc
FEA,mfcc_01_mean,0.0,mfcc
FEA,mfcc_01_std,0.0010459960096521911,mfcc
FEA,mfcc_01_min,0.0,mfcc
FEA,mfcc_01_max,0.003925664595152478,mfcc
FEA,mfcc_01_median,0.0,mfcc
FEA,mfcc_01_iqr,0.0,mfcc
FEA,mfcc_01_skew,0.0,mfcc
FEA,mfcc_01_kurt,0.0,mfcc
FEA,mfcc_02_mean,0.0,mfcc
FEA,mfcc_02_std,0.017477385013775437,mfcc
FEA,mfcc_02_min,0.0020809883665435735,mfcc
FEA,mfcc_02_max,0.004505015909213179,mfcc
FEA,mfcc_02_median,0.0,mfcc
FEA,mfcc_02_iqr,5.409241560172576e-05,mfcc
FEA,mfcc_02_skew,0.00047270592720311124,mfcc
FEA,mfcc_02_kurt,0.004835111729130623,mfcc
FEA,mfcc_03_mean,0.0005609346080344955,mfcc
FEA,mfcc_03_std,0.007350061937967459,mfcc
FEA,mfcc_03_min,0.0025326926283787366,mfcc
FEA,mfcc_03_max,0.0,mfcc
FEA,mfcc_03_median,0.0015055292757439906,mfcc
FEA,mfcc_03_iqr,0.005353694191355503,mfcc
FEA,mfcc_03_skew,0.00775454240817101,mfcc
FEA,mfcc_03_kurt,0.0,mfcc
FEA,mfcc_04_mean,0.0010167837803622215,mfcc
FEA,mfcc_04_std,0.00015825053596952305,mfcc
FEA,mfcc_04_min,0.0,mfcc
FEA,mfcc_04_max,0.0017529005910702404,mfcc
FEA,mfcc_04_median,0.0,mfcc
FEA,mfcc_04_iqr,0.0002508922189573881,mfcc
FEA,mfcc_04_skew,0.0030346425345750975,mfcc
FEA,mfcc_04_kurt,0.0,mfcc
FEA,mfcc_05_mean,0.00046243545262039166,mfcc
FEA,mfcc_05_std,0.0004275048860322551,mfcc
FEA,mfcc_05_min,0.004373181902364273,mfcc
FEA,mfcc_05_max,0.0,mfcc
FEA,mfcc_05_median,0.0,mfcc
FEA,mfcc_05_iqr,0.0,mfcc
FEA,mfcc_05_skew,0.0,mfcc
FEA,mfcc_05_kurt,0.0,mfcc
FEA,mfcc_06_mean,0.0,mfcc
FEA,mfcc_06_std,0.0,mfcc
FEA,mfcc_06_min,0.0,mfcc
FEA,mfcc_06_max,0.0,mfcc
FEA,mfcc_06_median,0.0,mfcc
FEA,mfcc_06_iqr,0.0,mfcc
FEA,mfcc_06_skew,0.0004682764152403026,mfcc
FEA,mfcc_06_kurt,0.0,mfcc
FEA,mfcc_07_mean,0.0,mfcc
FEA,mfcc_07_std,0.00935008996104146,mfcc
FEA,mfcc_07_min,0.0,mfcc
FEA,mfcc_07_max,0.0,mfcc
FEA,mfcc_07_median,0.0,mfcc
FEA,mfcc_07_iqr,0.002358510772948828,mfcc
FEA,mfcc_07_skew,0.0,mfcc
FEA,mfcc_07_kurt,0.0,mfcc
FEA,mfcc_08_mean,0.0,mfcc
FEA,mfcc_08_std,0.0006060579123463401,mfcc
FEA,mfcc_08_min,9.918242847448532e-05,mfcc
FEA,mfcc_08_max,0.0022721694753896314,mfcc
FEA,mfcc_08_median,0.0,mfcc
FEA,mfcc_08_iqr,0.0,mfcc
FEA,mfcc_08_skew,0.0,mfcc
FEA,mfcc_08_kurt,0.0,mfcc
FEA,mfcc_09_mean,0.00047524951555242526,mfcc
FEA,mfcc_09_std,0.005086082371859698,mfcc
FEA,mfcc_09_min,0.0,mfcc
FEA,mfcc_09_max,0.002348244412112018,mfcc
FEA,mfcc_09_median,0.0008511695894072514,mfcc
FEA,mfcc_09_iqr,0.0005257327276261011,mfcc
FEA,mfcc_09_skew,0.0,mfcc
FEA,mfcc_09_kurt,0.0011210430150687405,mfcc
FEA,mfcc_10_mean,0.0014773165876730886,mfcc
FEA,mfcc_10_std,0.001303417206024886,mfcc
FEA,mfcc_10_min,0.0,mfcc
FEA,mfcc_10_max,0.0,mfcc
FEA,mfcc_10_median,0.012403067095024756,mfcc
FEA,mfcc_10_iqr,0.0016978148208569629,mfcc
FEA,mfcc_10_skew,0.0,mfcc
FEA,mfcc_10_kurt,0.0006055781926697765,mfcc
FEA,mfcc_11_mean,0.0,mfcc
FEA,mfcc_11_std,0.005255296843810537,mfcc
FEA,mfcc_11_min,0.000869111375863801,mfcc
FEA,mfcc_11_max,0.0,mfcc
FEA,mfcc_11_median,0.0,mfcc
FEA,mfcc_11_iqr,0.0,mfcc
FEA,mfcc_11_skew,0.0,mfcc
FEA,mfcc_11_kurt,0.0,mfcc
FEA,mfcc_12_mean,0.0,mfcc
FEA,mfcc_12_std,0.0,mfcc
FEA,mfcc_12_min,0.0012299580852828344,mfcc
FEA,mfcc_12_max,0.0015766925722824462,mfcc
FEA,mfcc_12_median,0.0,mfcc
FEA,mfcc_12_iqr,0.0,mfcc
FEA,mfcc_12_skew,0.0033421604002570357,mfcc
FEA,mfcc_12_kurt,0.0008194889644813494,mfcc
FEA,mfcc_13_mean,0.0,mfcc
FEA,mfcc_13_std,0.0,mfcc
FEA,mfcc_13_min,0.0002993032225818365,mfcc
FEA,mfcc_13_max,0.0018890111155620943,mfcc
FEA,mfcc_13_median,0.0,mfcc
FEA,mfcc_13_iqr,0.0028578400995480304,mfcc
FEA,mfcc_13_skew,0.0,mfcc
FEA,mfcc_13_kurt,0.004410961861428019,mfcc
FEA,mfcc_14_mean,0.0003682352884570533,mfcc
FEA,mfcc_14_std,0.0,mfcc
FEA,mfcc_14_min,0.0,mfcc
FEA,mfcc_14_max,0.0019303852691943256,mfcc
FEA,mfcc_14_median,0.0009887682438917747,mfcc
FEA,mfcc_14_iqr,0.0,mfcc
FEA,mfcc_14_skew,0.0,mfcc
FEA,mfcc_14_kurt,0.0,mfcc
FEA,mfcc_15_mean,0.0,mfcc
FEA,mfcc_15_std,0.0,mfcc
FEA,mfcc_15_min,0.0,mfcc
FEA,mfcc_15_max,0.0,mfcc
FEA,mfcc_15_median,0.0,mfcc
FEA,mfcc_15_iqr,0.0,mfcc
FEA,mfcc_15_skew,0.0026161159861749824,mfcc
FEA,mfcc_15_kurt,0.002614308502769789,mfcc
FEA,mfcc_16_mean,0.0003670319697127724,mfcc
FEA,mfcc_16_std,0.002627266315705171,mfcc
FEA,mfcc_16_min,0.0,mfcc
FEA,mfcc_16_max,0.0009979678019044914,mfcc
FEA,mfcc_16_median,0.0026274920077842177,mfcc
FEA,mfcc_16_iqr,0.0,mfcc
FEA,mfcc_16_skew,9.395500119602542e-05,mfcc
FEA,mfcc_16_kurt,0.0014796702728127175,mfcc
FEA,mfcc_17_mean,0.0,mfcc
FEA,mfcc_17_std,0.0,mfcc
FEA,mfcc_17_min,0.0008406433018876129,mfcc
FEA,mfcc_17_max,0.0,mfcc
FEA,mfcc_17_median,0.0,mfcc
FEA,mfcc_17_iqr,0.0,mfcc
FEA,mfcc_17_skew,0.0,mfcc
FEA,mfcc_17_kurt,0.0004678531816389886,mfcc
FEA,mfcc_18_mean,0.00037449054019265634,mfcc
FEA,mfcc_18_std,0.0,mfcc
FEA,mfcc_18_min,0.0,mfcc
FEA,mfcc_18_max,0.0004980143631923263,mfcc
FEA,mfcc_18_median,0.0,mfcc
FEA,mfcc_18_iqr,0.0,mfcc
FEA,mfcc_18_skew,0.0,mfcc
FEA,mfcc_18_kurt,0.0006499339655920861,mfcc
FEA,mfcc_19_mean,0.0007259985769555715,mfcc
FEA,mfcc_19_std,0.0,mfcc
FEA,mfcc_19_min,0.0,mfcc
FEA,mfcc_19_max,0.0004762814165215391,mfcc
FEA,mfcc_19_median,2.040985824063095e-05,mfcc
FEA,mfcc_19_iqr,0.0004096273441468557,mfcc
FEA,mfcc_19_skew,0.0023047479805246578,mfcc
FEA,mfcc_19_kurt,0.0,mfcc
FEA,mfcc_d1_00_mean,0.0,mfcc
FEA,mfcc_d1_00_std,0.04324083103802521,mfcc
FEA,mfcc_d2_00_mean,0.0,mfcc
FEA,mfcc_d2_00_std,0.002024314516527512,mfcc
FEA,mfcc_d1_01_mean,0.0007541701743459485,mfcc
FEA,mfcc_d1_01_std,0.0,mfcc
FEA,mfcc_d2_01_mean,0.0010186164475108153,mfcc
FEA,mfcc_d2_01_std,0.00018277926728362583,mfcc
FEA,mfcc_d1_02_mean,0.00020519968515799716,mfcc
FEA,mfcc_d1_02_std,0.008845875090083201,mfcc
FEA,mfcc_d2_02_mean,0.0,mfcc
FEA,mfcc_d2_02_std,0.00521120301051003,mfcc
FEA,mfcc_d1_03_mean,0.0,mfcc
FEA,mfcc_d1_03_std,0.0053680710783509025,mfcc
FEA,mfcc_d2_03_mean,0.0,mfcc
FEA,mfcc_d2_03_std,0.0,mfcc
FEA,mfcc_d1_04_mean,0.0,mfcc
FEA,mfcc_d1_04_std,0.00040416694988500027,mfcc
FEA,mfcc_d2_04_mean,0.00037087992735576917,mfcc
FEA,mfcc_d2_04_std,0.00022913915163680812,mfcc
FEA,mfcc_d1_05_mean,0.0,mfcc
FEA,mfcc_d1_05_std,0.0008546827416553265,mfcc
FEA,mfcc_d2_05_mean,0.0,mfcc
FEA,mfcc_d2_05_std,0.0,mfcc
FEA,mfcc_d1_06_mean,0.0,mfcc
FEA,mfcc_d1_06_std,0.0,mfcc
FEA,mfcc_d2_06_mean,0.0,mfcc
FEA,mfcc_d2_06_std,0.0,mfcc
FEA,mfcc_d1_07_mean,0.0014395116419496476,mfcc
FEA,mfcc_d1_07_std,0.0,mfcc
FEA,mfcc_d2_07_mean,0.00021472987143621693,mfcc
FEA,mfcc_d2_07_std,0.0,mfcc
FEA,mfcc_d1_08_mean,0.0,mfcc
FEA,mfcc_d1_08_std,0.0010797829223959487,mfcc
FEA,mfcc_d2_08_mean,0.0,mfcc
FEA,mfcc_d2_08_std,0.001988163436477792,mfcc
FEA,mfcc_d1_09_mean,0.0,mfcc
FEA,mfcc_d1_09_std,0.0,mfcc
FEA,mfcc_d2_09_mean,0.0,mfcc
FEA,mfcc_d2_09_std,0.0005171253669430339,mfcc
FEA,mfcc_d1_10_mean,0.0,mfcc
FEA,mfcc_d1_10_std,0.0,mfcc
FEA,mfcc_d2_10_mean,0.0,mfcc
FEA,mfcc_d2_10_std,0.0007893975250462198,mfcc
FEA,mfcc_d1_11_mean,0.0007429301670990947,mfcc
FEA,mfcc_d1_11_std,0.0,mfcc
FEA,mfcc_d2_11_mean,0.0,mfcc
FEA,mfcc_d2_11_std,0.0,mfcc
FEA,mfcc_d1_12_mean,0.0,mfcc
FEA,mfcc_d1_12_std,0.0,mfcc
FEA,mfcc_d2_12_mean,0.0003316946533890749,mfcc
FEA,mfcc_d2_12_std,0.0,mfcc
FEA,mfcc_d1_13_mean,0.0,mfcc
FEA,mfcc_d1_13_std,0.0,mfcc
FEA,mfcc_d2_13_mean,0.0,mfcc
FEA,mfcc_d2_13_std,0.0,mfcc
FEA,mfcc_d1_14_mean,0.0,mfcc
FEA,mfcc_d1_14_std,0.0,mfcc
FEA,mfcc_d2_14_mean,0.0,mfcc
FEA,mfcc_d2_14_std,0.0,mfcc
FEA,mfcc_d1_15_mean,0.0005518402942363443,mfcc
FEA,mfcc_d1_15_std,0.0019138027767320216,mfcc
FEA,mfcc_d2_15_mean,0.00020306077757405443,mfcc
FEA,mfcc_d2_15_std,0.0,mfcc
FEA,mfcc_d1_16_mean,0.0004451176202214185,mfcc
FEA,mfcc_d1_16_std,0.0,mfcc
FEA,mfcc_d2_16_mean,0.0,mfcc
FEA,mfcc_d2_16_std,0.002062310633036143,mfcc
FEA,mfcc_d1_17_mean,0.0012951744207042514,mfcc
FEA,mfcc_d1_17_std,0.0009842092321558327,mfcc
FEA,mfcc_d2_17_mean,0.0,mfcc
FEA,mfcc_d2_17_std,0.0,mfcc
FEA,mfcc_d1_18_mean,0.0,mfcc
FEA,mfcc_d1_18_std,0.0,mfcc
FEA,mfcc_d2_18_mean,0.0007317762641332749,mfcc
FEA,mfcc_d2_18_std,0.0005911013356371242,mfcc
FEA,mfcc_d1_19_mean,0.0008614483546426062,mfcc
FEA,mfcc_d1_19_std,0.0,mfcc
FEA,mfcc_d2_19_mean,0.0,mfcc
FEA,mfcc_d2_19_std,0.0005368702829390116,mfcc
FEA,chroma_00_mean,0.0001495227598881984,chroma
FEA,chroma_00_std,0.0,chroma
FEA,chroma_01_mean,0.00025488343623933265,chroma
FEA,chroma_01_std,0.0002442799425221281,chroma
FEA,chroma_02_mean,0.00367615778602668,chroma
FEA,chroma_02_std,0.0,chroma
FEA,chroma_03_mean,0.002452962587280744,chroma
FEA,chroma_03_std,0.0,chroma
FEA,chroma_04_mean,0.0,chroma
FEA,chroma_04_std,0.0,chroma
FEA,chroma_05_mean,0.0,chroma
FEA,chroma_05_std,0.000655893194221213,chroma
FEA,chroma_06_mean,0.00045658862570692135,chroma
FEA,chroma_06_std,0.0,chroma
FEA,chroma_07_mean,0.0,chroma
FEA,chroma_07_std,0.0,chroma
FEA,chroma_08_mean,0.000805112608739367,chroma
FEA,chroma_08_std,0.009098910227035786,chroma
FEA,chroma_09_mean,0.0002708017965668687,chroma
FEA,chroma_09_std,0.0010134860171399434,chroma
FEA,chroma_10_mean,0.0,chroma
FEA,chroma_10_std,0.0008907794654217893,chroma
FEA,chroma_11_mean,0.0,chroma
FEA,chroma_11_std,0.0,chroma
FEA,prosody_f0_mean,0.02043862800870201,prosody
FEA,prosody_f0_std,0.0,prosody
FEA,prosody_f0_min,0.018706737562191322,prosody
FEA,prosody_f0_max,0.007382446234380696,prosody
FEA,prosody_f0_median,0.002473847363666755,prosody
FEA,prosody_f0_iqr,0.007535922550971472,prosody
FEA,prosody_f0_skew,0.00725415267890521,prosody
FEA,prosody_f0_kurt,0.0,prosody
FEA,prosody_voiced_fraction,0.0008720506910603454,prosody
FEA,prosody_f0_slope_abs_mean,0.0,prosody
FEA,prosody_n_voiced_segments,0.0,prosody
FEA,prosody_voiced_rate_per_s,0.00040845253364579255,prosody
FEA,prosody_mean_voiced_seg_s,0.0,prosody
FEA,prosody_pause_fraction,0.0003853134588016164,prosody
FEA,prosody_jitter_local,0.0,prosody
FEA,prosody_jitter_rap,0.0,prosody
FEA,prosody_jitter_ppq5,0.0,prosody
FEA,prosody_jitter_ddp,0.0,prosody
FEA,prosody_shimmer_local,0.0016042520236133873,prosody
FEA,prosody_shimmer_localdb,0.0005099291413093321,prosody
FEA,prosody_shimmer_apq3,0.0,prosody
FEA,prosody_shimmer_apq5,0.0,prosody
FEA,prosody_shimmer_apq11,0.0,prosody
FEA,prosody_shimmer_dda,0.0,prosody
FEA,prosody_hnr_mean,0.0012219360501883388,prosody
FEA,prosody_hnr_std,0.0,prosody
FEA,prosody_hnr_min,0.0,prosody
FEA,prosody_hnr_max,0.0,prosody
FEA,prosody_hnr_median,0.008671056844431186,prosody
FEA,prosody_f1_mean,0.0002138111453165411,prosody
FEA,prosody_f1_std,0.0,prosody
FEA,prosody_f1_median,0.000431033694871887,prosody
FEA,prosody_f1_bw_median,0.0,prosody
FEA,prosody_f2_mean,0.0,prosody
FEA,prosody_f2_std,0.0006910466537466311,prosody
FEA,prosody_f2_median,0.00019805803718487986,prosody
FEA,prosody_f2_bw_median,0.00013862322197829408,prosody
FEA,prosody_f3_mean,0.0007125427822443063,prosody
FEA,prosody_f3_std,0.004339019267607178,prosody
FEA,prosody_f3_median,0.0,prosody
FEA,prosody_f3_bw_median,0.0,prosody
FEA,prosody_f4_mean,0.0019285596582128196,prosody
FEA,prosody_f4_std,0.0006916419132616818,prosody
FEA,prosody_f4_median,0.0023586097172074412,prosody
FEA,prosody_f5_mean,0.0009847445274862874,prosody
FEA,prosody_f5_std,0.0,prosody
FEA,prosody_f5_median,0.0010737478401927742,prosody
FEA,prosody_intensity_mean,0.0,prosody
FEA,prosody_intensity_std,0.03532756742468838,prosody
FEA,prosody_intensity_min,0.0006564450158029228,prosody
FEA,prosody_intensity_max,0.00024184274649177893,prosody
FEA,prosody_intensity_median,0.0,prosody
FEA,prosody_intensity_iqr,0.0,prosody
FEA,prosody_intensity_skew,2.9289782063248716e-06,prosody
FEA,prosody_intensity_kurt,0.0008896266883609242,prosody
FEA,prosody_cpps,0.0,prosody
HAP,duration_s,0.02257662023286837,other
HAP,peak_amplitude,0.0,other
HAP,spectral_centroid_mean,0.0,spectral
HAP,spectral_centroid_std,0.0,spectral
HAP,spectral_centroid_min,0.0,spectral
HAP,spectral_centroid_max,0.0,spectral
HAP,spectral_centroid_median,0.0008829898635281559,spectral
HAP,spectral_centroid_iqr,0.002299115239710593,spectral
HAP,spectral_centroid_skew,0.002920970397013939,spectral
HAP,spectral_centroid_kurt,0.0019230039465652808,spectral
HAP,spectral_bandwidth_mean,0.0033845527191900342,spectral
HAP,spectral_bandwidth_std,0.0,spectral
HAP,spectral_bandwidth_min,0.0,spectral
HAP,spectral_bandwidth_max,0.0,spectral
HAP,spectral_bandwidth_median,0.0,spectral
HAP,spectral_bandwidth_iqr,0.0005332079473075568,spectral
HAP,spectral_bandwidth_skew,0.00019429550892237598,spectral
HAP,spectral_bandwidth_kurt,0.0029380470249895695,spectral
HAP,spectral_rolloff85_mean,0.0,spectral
HAP,spectral_rolloff85_std,0.0013483452434730385,spectral
HAP,spectral_rolloff85_min,0.0,spectral
HAP,spectral_rolloff85_max,0.0012890377672586902,spectral
HAP,spectral_rolloff85_median,0.0,spectral
HAP,spectral_rolloff85_iqr,0.0,spectral
HAP,spectral_rolloff85_skew,0.0003147605344596517,spectral
HAP,spectral_rolloff85_kurt,0.0,spectral
HAP,spectral_rolloff95_mean,0.0,spectral
HAP,spectral_rolloff95_std,0.0,spectral
HAP,spectral_rolloff95_min,0.0,spectral
HAP,spectral_rolloff95_max,0.0001798511750143252,spectral
HAP,spectral_rolloff95_median,0.0,spectral
HAP,spectral_rolloff95_iqr,0.0,spectral
HAP,spectral_rolloff95_skew,0.0,spectral
HAP,spectral_rolloff95_kurt,0.00017594809507019026,spectral
HAP,spectral_flatness_mean,0.0,spectral
HAP,spectral_flatness_std,0.0,spectral
HAP,spectral_flatness_min,0.0007951517603986219,spectral
HAP,spectral_flatness_max,0.00016341482575379354,spectral
HAP,spectral_flatness_median,0.00013633531710444957,spectral
HAP,spectral_flatness_iqr,0.0,spectral
HAP,spectral_flatness_skew,0.0,spectral
HAP,spectral_flatness_kurt,0.0,spectral
HAP,spectral_zcr_mean,0.0,spectral
HAP,spectral_zcr_std,0.00540974786486171,spectral
HAP,spectral_zcr_min,0.0,spectral
HAP,spectral_zcr_max,0.0,spectral
HAP,spectral_zcr_median,0.0,spectral
HAP,spectral_zcr_iqr,0.0014190699167822179,spectral
HAP,spectral_zcr_skew,0.0,spectral
HAP,spectral_zcr_kurt,0.0,spectral
HAP,spectral_rms_mean,0.0,spectral
HAP,spectral_rms_std,0.0010170821917327652,spectral
HAP,spectral_rms_min,0.0005346549485113402,spectral
HAP,spectral_rms_max,0.0,spectral
HAP,spectral_rms_median,0.0,spectral
HAP,spectral_rms_iqr,0.0002511870888395226,spectral
HAP,spectral_rms_skew,0.0,spectral
HAP,spectral_rms_kurt,0.0,spectral
HAP,spectral_flux_mean,0.0,spectral
HAP,spectral_flux_std,0.0017058578340020524,spectral
HAP,spectral_flux_min,0.0007461710513032984,spectral
HAP,spectral_flux_max,0.0,spectral
HAP,spectral_flux_median,0.0005805650134772578,spectral
HAP,spectral_flux_iqr,0.0004230351303772876,spectral
HAP,spectral_flux_skew,0.0,spectral
HAP,spectral_flux_kurt,0.0,spectral
HAP,spectral_entropy_mean,0.0,spectral
HAP,spectral_entropy_std,0.0006528400980966467,spectral
HAP,spectral_entropy_min,0.0,spectral
HAP,spectral_entropy_max,0.001425412273531677,spectral
HAP,spectral_entropy_median,0.0006387258162795508,spectral
HAP,spectral_entropy_iqr,0.0,spectral
HAP,spectral_entropy_skew,0.0,spectral
HAP,spectral_entropy_kurt,0.0006987050052187127,spectral
HAP,spectral_slope_mean,0.0003972693933809113,spectral
HAP,spectral_slope_std,0.0,spectral
HAP,spectral_slope_min,0.001282087956384149,spectral
HAP,spectral_slope_max,0.0,spectral
HAP,spectral_slope_median,4.224998213555793e-05,spectral
HAP,spectral_slope_iqr,0.003014729988620101,spectral
HAP,spectral_slope_skew,0.0,spectral
HAP,spectral_slope_kurt,0.0,spectral
HAP,spectral_band_0_500_mean,0.006834515426628762,spectral
HAP,spectral_band_0_500_std,0.0008482786236529531,spectral
HAP,spectral_band_500_1000_mean,0.0003729757789962825,spectral
HAP,spectral_band_500_1000_std,0.0026834006238108995,spectral
HAP,spectral_band_1000_2000_mean,0.001428093473356018,spectral
HAP,spectral_band_1000_2000_std,0.0,spectral
HAP,spectral_band_2000_3000_mean,0.0005166204647124724,spectral
HAP,spectral_band_2000_3000_std,7.042216714512162e-05,spectral
HAP,spectral_band_3000_4000_mean,0.016888326547315643,spectral
HAP,spectral_band_3000_4000_std,0.0005282180537940339,spectral
HAP,spectral_band_4000_5000_mean,0.000980733606038886,spectral
HAP,spectral_band_4000_5000_std,0.0,spectral
HAP,spectral_band_5000_6000_mean,0.0,spectral
HAP,spectral_band_5000_6000_std,0.003684178404452387,spectral
HAP,spectral_band_6000_8000_mean,0.0013339768462705317,spectral
HAP,spectral_band_6000_8000_std,0.0,spectral
HAP,spectral_hf_ratio_4000_mean,0.0,spectral
HAP,spectral_hf_ratio_4000_std,0.002072702513140046,spectral
HAP,spectral_hf_ratio_6000_mean,0.0,spectral
HAP,spectral_hf_ratio_6000_std,0.0,spectral
HAP,spectral_contrast_0_mean,0.0,spectral
HAP,spectral_contrast_0_std,0.00026904035899646505,spectral
HAP,spectral_contrast_1_mean,0.005850485563941544,spectral
HAP,spectral_contrast_1_std,0.00045740593303497705,spectral
HAP,spectral_contrast_2_mean,0.0001246710247116733,spectral
HAP,spectral_contrast_2_std,0.0,spectral
HAP,spectral_contrast_3_mean,0.0,spectral
HAP,spectral_contrast_3_std,0.0,spectral
HAP,spectral_contrast_4_mean,0.0,spectral
HAP,spectral_contrast_4_std,0.0,spectral
HAP,spectral_contrast_5_mean,0.0,spectral
HAP,spectral_contrast_5_std,0.000628755745614061,spectral
HAP,spectral_contrast_6_mean,0.0,spectral
HAP,spectral_contrast_6_std,0.0006686187567007596,spectral
HAP,mfcc_00_mean,0.0003797423035554748,mfcc
HAP,mfcc_00_std,0.004871980269149831,mfcc
HAP,mfcc_00_min,0.0,mfcc
HAP,mfcc_00_max,0.0,mfcc
HAP,mfcc_00_median,0.0,mfcc
HAP,mfcc_00_iqr,0.010472573529907735,mfcc
HAP,mfcc_00_skew,0.0004037269101442333,mfcc
HAP,mfcc_00_kurt,0.0,mfcc
HAP,mfcc_01_mean,0.0,mfcc
HAP,mfcc_01_std,0.0029285341396166355,mfcc
HAP,mfcc_01_min,0.0,mfcc
HAP,mfcc_01_max,0.0002546988589666052,mfcc
HAP,mfcc_01_median,0.0,mfcc
HAP,mfcc_01_iqr,0.0,mfcc
HAP,mfcc_01_skew,0.0,mfcc
HAP,mfcc_01_kurt,0.0,mfcc
HAP,mfcc_02_mean,0.0,mfcc
HAP,mfcc_02_std,0.006854947458191851,mfcc
HAP,mfcc_02_min,0.0002972333212964116,mfcc
HAP,mfcc_02_max,0.0017738440483743422,mfcc
HAP,mfcc_02_median,0.0,mfcc
HAP,mfcc_02_iqr,0.0006058739939417543,mfcc
HAP,mfcc_02_skew,0.00047270592720311124,mfcc
HAP,mfcc_02_kurt,0.0017096952548597618,mfcc
HAP,mfcc_03_mean,0.0006675728906060326,mfcc
HAP,mfcc_03_std,0.005862252550205207,mfcc
HAP,mfcc_03_min,0.0006990142219012377,mfcc
HAP,mfcc_03_max,0.0,mfcc
HAP,mfcc_03_median,0.0007527646378719948,mfcc
HAP,mfcc_03_iqr,0.00040631837814371797,mfcc
HAP,mfcc_03_skew,0.0012384384405697594,mfcc
HAP,mfcc_03_kurt,0.0,mfcc
HAP,mfcc_04_mean,0.006980140567319818,mfcc
HAP,mfcc_04_std,0.0002885089815322016,mfcc
HAP,mfcc_04_min,0.0,mfcc
HAP,mfcc_04_max,0.0022076128009061217,mfcc
HAP,mfcc_04_median,0.0,mfcc
HAP,mfcc_04_iqr,0.00025549612181593686,mfcc
HAP,mfcc_04_skew,0.0036176923481952864,mfcc
HAP,mfcc_04_kurt,0.0,mfcc
HAP,mfcc_05_mean,0.0,mfcc
HAP,mfcc_05_std,0.0003782210601161368,mfcc
HAP,mfcc_05_min,0.005379741827963641,mfcc
HAP,mfcc_05_max,0.0,mfcc
HAP,mfcc_05_median,0.0,mfcc
HAP,mfcc_05_iqr,0.0,mfcc
HAP,mfcc_05_skew,0.0,mfcc
HAP,mfcc_05_kurt,0.0,mfcc
HAP,mfcc_06_mean,0.0,mfcc
HAP,mfcc_06_std,0.0,mfcc
HAP,mfcc_06_min,0.0,mfcc
HAP,mfcc_06_max,0.0,mfcc
HAP,mfcc_06_median,0.0,mfcc
HAP,mfcc_06_iqr,0.0,mfcc
HAP,mfcc_06_skew,0.00023413820762015116,mfcc
HAP,mfcc_06_kurt,0.0,mfcc
HAP,mfcc_07_mean,0.0,mfcc
HAP,mfcc_07_std,0.005339478437285267,mfcc
HAP,mfcc_07_min,0.0,mfcc
HAP,mfcc_07_max,0.0,mfcc
HAP,mfcc_07_median,0.0,mfcc
HAP,mfcc_07_iqr,0.0003597368471710679,mfcc
HAP,mfcc_07_skew,0.0,mfcc
HAP,mfcc_07_kurt,0.0,mfcc
HAP,mfcc_08_mean,0.0,mfcc
HAP,mfcc_08_std,0.00020201930411544672,mfcc
HAP,mfcc_08_min,0.0002258470216630642,mfcc
HAP,mfcc_08_max,0.00022771393988524452,mfcc
HAP,mfcc_08_median,0.0,mfcc
HAP,mfcc_08_iqr,0.0,mfcc
HAP,mfcc_08_skew,0.0,mfcc
HAP,mfcc_08_kurt,0.0007927736899098442,mfcc
HAP,mfcc_09_mean,0.0017438960067067872,mfcc
HAP,mfcc_09_std,0.0018455674974619766,mfcc
HAP,mfcc_09_min,0.0,mfcc
HAP,mfcc_09_max,0.0020958693032576033,mfcc
HAP,mfcc_09_median,0.002077817718069394,mfcc
HAP,mfcc_09_iqr,0.0,mfcc
HAP,mfcc_09_skew,0.0,mfcc
HAP,mfcc_09_kurt,0.003710042266273908,mfcc
HAP,mfcc_10_mean,0.0008030133327382355,mfcc
HAP,mfcc_10_std,0.0013959077301352759,mfcc
HAP,mfcc_10_min,0.0,mfcc
HAP,mfcc_10_max,0.0,mfcc
HAP,mfcc_10_median,0.00047235374695552446,mfcc
HAP,mfcc_10_iqr,0.001972189047629655,mfcc
HAP,mfcc_10_skew,0.0,mfcc
HAP,mfcc_10_kurt,0.0008031388047797547,mfcc
HAP,mfcc_11_mean,0.0,mfcc
HAP,mfcc_11_std,0.0006733624493592553,mfcc
HAP,mfcc_11_min,0.0,mfcc
HAP,mfcc_11_max,0.0,mfcc
HAP,mfcc_11_median,0.0,mfcc
HAP,mfcc_11_iqr,0.0,mfcc
HAP,mfcc_11_skew,0.0,mfcc
HAP,mfcc_11_kurt,0.0,mfcc
HAP,mfcc_12_mean,0.0,mfcc
HAP,mfcc_12_std,0.0,mfcc
HAP,mfcc_12_min,0.0022560820585286463,mfcc
HAP,mfcc_12_max,0.0021588010929726445,mfcc
HAP,mfcc_12_median,0.0,mfcc
HAP,mfcc_12_iqr,0.0,mfcc
HAP,mfcc_12_skew,0.0004989423153173958,mfcc
HAP,mfcc_12_kurt,0.00011625731696556718,mfcc
HAP,mfcc_13_mean,9.637752223350114e-05,mfcc
HAP,mfcc_13_std,0.0,mfcc
HAP,mfcc_13_min,0.00015096481870296524,mfcc
HAP,mfcc_13_max,0.007446406762095497,mfcc
HAP,mfcc_13_median,0.0,mfcc
HAP,mfcc_13_iqr,0.0001658376105460049,mfcc
HAP,mfcc_13_skew,0.0,mfcc
HAP,mfcc_13_kurt,0.0026277558615352085,mfcc
HAP,mfcc_14_mean,0.001533400977752043,mfcc
HAP,mfcc_14_std,0.0,mfcc
HAP,mfcc_14_min,0.0,mfcc
HAP,mfcc_14_max,0.0003380543916194106,mfcc
HAP,mfcc_14_median,0.000599122986894393,mfcc
HAP,mfcc_14_iqr,0.0,mfcc
HAP,mfcc_14_skew,0.0,mfcc
HAP,mfcc_14_kurt,0.0,mfcc
HAP,mfcc_15_mean,0.0,mfcc
HAP,mfcc_15_std,0.0,mfcc
HAP,mfcc_15_min,0.0,mfcc
HAP,mfcc_15_max,0.0,mfcc
HAP,mfcc_15_median,0.0,mfcc
HAP,mfcc_15_iqr,0.0,mfcc
HAP,mfcc_15_skew,0.00018524707234610432,mfcc
HAP,mfcc_15_kurt,0.00016379147068747892,mfcc
HAP,mfcc_16_mean,0.0007340639394255448,mfcc
HAP,mfcc_16_std,0.0015628895631298583,mfcc
HAP,mfcc_16_min,0.0,mfcc
HAP,mfcc_16_max,0.003316621123885584,mfcc
HAP,mfcc_16_median,0.00020836239963081016,mfcc
HAP,mfcc_16_iqr,0.0,mfcc
HAP,mfcc_16_skew,0.00019454858587626713,mfcc
HAP,mfcc_16_kurt,0.0007803132817721857,mfcc
HAP,mfcc_17_mean,0.0,mfcc
HAP,mfcc_17_std,0.0,mfcc
HAP,mfcc_17_min,0.0010537422006129424,mfcc
HAP,mfcc_17_max,0.0,mfcc
HAP,mfcc_17_median,0.0,mfcc
HAP,mfcc_17_iqr,0.0,mfcc
HAP,mfcc_17_skew,0.0,mfcc
HAP,mfcc_17_kurt,5.110180673460068e-05,mfcc
HAP,mfcc_18_mean,0.00011366767619923318,mfcc
HAP,mfcc_18_std,0.0,mfcc
HAP,mfcc_18_min,0.0,mfcc
HAP,mfcc_18_max,0.0,mfcc
HAP,mfcc_18_median,0.0,mfcc
HAP,mfcc_18_iqr,0.0,mfcc
HAP,mfcc_18_skew,0.0,mfcc
HAP,mfcc_18_kurt,0.0009774136733707228,mfcc
HAP,mfcc_19_mean,0.001267044536502082,mfcc
HAP,mfcc_19_std,0.0,mfcc
HAP,mfcc_19_min,0.0,mfcc
HAP,mfcc_19_max,0.0011823952161550545,mfcc
HAP,mfcc_19_median,0.0013162903848877028,mfcc
HAP,mfcc_19_iqr,0.0004929340974184929,mfcc
HAP,mfcc_19_skew,0.0015661647357755775,mfcc
HAP,mfcc_19_kurt,0.0,mfcc
HAP,mfcc_d1_00_mean,0.0,mfcc
HAP,mfcc_d1_00_std,0.04174231801479107,mfcc
HAP,mfcc_d2_00_mean,0.0,mfcc
HAP,mfcc_d2_00_std,0.0018198670387759523,mfcc
HAP,mfcc_d1_01_mean,0.00015221005086096568,mfcc
HAP,mfcc_d1_01_std,0.0,mfcc
HAP,mfcc_d2_01_mean,0.002091818246816076,mfcc
HAP,mfcc_d2_01_std,0.00036555853456725167,mfcc
HAP,mfcc_d1_02_mean,0.0008452924703267452,mfcc
HAP,mfcc_d1_02_std,0.006079075706814002,mfcc
HAP,mfcc_d2_02_mean,0.0,mfcc
HAP,mfcc_d2_02_std,0.005044988629466372,mfcc
HAP,mfcc_d1_03_mean,0.0,mfcc
HAP,mfcc_d1_03_std,0.005024789691108782,mfcc
HAP,mfcc_d2_03_mean,0.0,mfcc
HAP,mfcc_d2_03_std,0.0,mfcc
HAP,mfcc_d1_04_mean,0.0,mfcc
HAP,mfcc_d1_04_std,0.0012653032413708508,mfcc
HAP,mfcc_d2_04_mean,0.0,mfcc
HAP,mfcc_d2_04_std,0.0003050918103317535,mfcc
HAP,mfcc_d1_05_mean,0.0,mfcc
HAP,mfcc_d1_05_std,0.00032062651330882016,mfcc
HAP,mfcc_d2_05_mean,0.0,mfcc
HAP,mfcc_d2_05_std,0.0,mfcc
HAP,mfcc_d1_06_mean,0.0,mfcc
HAP,mfcc_d1_06_std,0.0,mfcc
HAP,mfcc_d2_06_mean,0.0,mfcc
HAP,mfcc_d2_06_std,0.0,mfcc
HAP,mfcc_d1_07_mean,0.0002754521349149453,mfcc
HAP,mfcc_d1_07_std,0.0,mfcc
HAP,mfcc_d2_07_mean,0.00021472987143621633,mfcc
HAP,mfcc_d2_07_std,0.0,mfcc
HAP,mfcc_d1_08_mean,0.0,mfcc
HAP,mfcc_d1_08_std,0.0,mfcc
HAP,mfcc_d2_08_mean,0.0,mfcc
HAP,mfcc_d2_08_std,0.002032683212232738,mfcc
HAP,mfcc_d1_09_mean,0.0,mfcc
HAP,mfcc_d1_09_std,0.0010720918741103501,mfcc
HAP,mfcc_d2_09_mean,0.0,mfcc
HAP,mfcc_d2_09_std,0.0,mfcc
HAP,mfcc_d1_10_mean,0.0,mfcc
HAP,mfcc_d1_10_std,0.0,mfcc
HAP,mfcc_d2_10_mean,0.0,mfcc
HAP,mfcc_d2_10_std,0.0018613684643683163,mfcc
HAP,mfcc_d1_11_mean,0.0010200184606775058,mfcc
HAP,mfcc_d1_11_std,0.0,mfcc
HAP,mfcc_d2_11_mean,0.0,mfcc
HAP,mfcc_d2_11_std,0.0,mfcc
HAP,mfcc_d1_12_mean,0.0,mfcc
HAP,mfcc_d1_12_std,0.0005989942570700925,mfcc
HAP,mfcc_d2_12_mean,0.002082587527319457,mfcc
HAP,mfcc_d2_12_std,0.0,mfcc
HAP,mfcc_d1_13_mean,0.0,mfcc
HAP,mfcc_d1_13_std,0.0,mfcc
HAP,mfcc_d2_13_mean,0.0,mfcc
HAP,mfcc_d2_13_std,0.0,mfcc
HAP,mfcc_d1_14_mean,0.0,mfcc
HAP,mfcc_d1_14_std,0.0,mfcc
HAP,mfcc_d2_14_mean,0.0,mfcc
HAP,mfcc_d2_14_std,0.0,mfcc
HAP,mfcc_d1_15_mean,0.0,mfcc
HAP,mfcc_d1_15_std,0.00039360355140738174,mfcc
HAP,mfcc_d2_15_mean,0.0023505835011171415,mfcc
HAP,mfcc_d2_15_std,0.0,mfcc
HAP,mfcc_d1_16_mean,0.0004668666872500043,mfcc
HAP,mfcc_d1_16_std,0.0,mfcc
HAP,mfcc_d2_16_mean,0.0,mfcc
HAP,mfcc_d2_16_std,0.0026690338219921396,mfcc
HAP,mfcc_d1_17_mean,0.0007612958944751455,mfcc
HAP,mfcc_d1_17_std,0.00032761293147071433,mfcc
HAP,mfcc_d2_17_mean,0.0,mfcc
HAP,mfcc_d2_17_std,0.0,mfcc
HAP,mfcc_d1_18_mean,0.0,mfcc
HAP,mfcc_d1_18_std,0.0,mfcc
HAP,mfcc_d2_18_mean,0.0018831297729978488,mfcc
HAP,mfcc_d2_18_std,0.0007075303865959533,mfcc
HAP,mfcc_d1_19_mean,0.00026270389624929823,mfcc
HAP,mfcc_d1_19_std,0.0,mfcc
HAP,mfcc_d2_19_mean,0.00014588620927298007,mfcc
HAP,mfcc_d2_19_std,0.00023156028655239538,mfcc
HAP,chroma_00_mean,0.0003597585338264691,chroma
HAP,chroma_00_std,0.0,chroma
HAP,chroma_01_mean,0.0013357376263185027,chroma
HAP,chroma_01_std,0.000348498118271789,chroma
HAP,chroma_02_mean,0.0020825617697497706,chroma
HAP,chroma_02_std,0.0,chroma
HAP,chroma_03_mean,0.0002700151160423186,chroma
HAP,chroma_03_std,0.0,chroma
HAP,chroma_04_mean,0.0,chroma
HAP,chroma_04_std,0.0,chroma
HAP,chroma_05_mean,0.0,chroma
HAP,chroma_05_std,0.0009076270151263662,chroma
HAP,chroma_06_mean,0.0014134976026745026,chroma
HAP,chroma_06_std,0.0,chroma
HAP,chroma_07_mean,0.0,chroma
HAP,chroma_07_std,0.0,chroma
HAP,chroma_08_mean,0.0005367417391595765,chroma
HAP,chroma_08_std,0.0025976285045608994,chroma
HAP,chroma_09_mean,0.0012326653004791348,chroma
HAP,chroma_09_std,0.0016576453266810111,chroma
HAP,chroma_10_mean,0.0,chroma
HAP,chroma_10_std,0.0009979265448111269,chroma
HAP,chroma_11_mean,0.0,chroma
HAP,chroma_11_std,0.0,chroma
HAP,prosody_f0_mean,0.03339569278109964,prosody
HAP,prosody_f0_std,0.0,prosody
HAP,prosody_f0_min,0.013086413453553497,prosody
HAP,prosody_f0_max,0.014484801754443449,prosody
HAP,prosody_f0_median,0.0012813343225619473,prosody
HAP,prosody_f0_iqr,0.017889298125241333,prosody
HAP,prosody_f0_skew,0.0043799900319737356,prosody
HAP,prosody_f0_kurt,0.0,prosody
HAP,prosody_voiced_fraction,0.00023551478272015226,prosody
HAP,prosody_f0_slope_abs_mean,0.0,prosody
HAP,prosody_n_voiced_segments,0.0,prosody
HAP,prosody_voiced_rate_per_s,0.0006126788004686882,prosody
HAP,prosody_mean_voiced_seg_s,0.0,prosody
HAP,prosody_pause_fraction,0.0026465440559536426,prosody
HAP,prosody_jitter_local,0.0,prosody
HAP,prosody_jitter_rap,0.0,prosody
HAP,prosody_jitter_ppq5,0.0,prosody
HAP,prosody_jitter_ddp,0.0,prosody
HAP,prosody_shimmer_local,0.0022943533817356633,prosody
HAP,prosody_shimmer_localdb,0.00028105573372673697,prosody
HAP,prosody_shimmer_apq3,0.0,prosody
HAP,prosody_shimmer_apq5,0.0,prosody
HAP,prosody_shimmer_apq11,0.0,prosody
HAP,prosody_shimmer_dda,0.0,prosody
HAP,prosody_hnr_mean,0.0,prosody
HAP,prosody_hnr_std,0.0,prosody
HAP,prosody_hnr_min,0.0,prosody
HAP,prosody_hnr_max,0.0,prosody
HAP,prosody_hnr_median,0.005239361946433583,prosody
HAP,prosody_f1_mean,0.00020488454795673333,prosody
HAP,prosody_f1_std,0.0,prosody
HAP,prosody_f1_median,0.002005850074737197,prosody
HAP,prosody_f1_bw_median,0.0,prosody
HAP,prosody_f2_mean,0.0,prosody
HAP,prosody_f2_std,0.00312552476955666,prosody
HAP,prosody_f2_median,0.00019805803718487986,prosody
HAP,prosody_f2_bw_median,0.00013862322197829408,prosody
HAP,prosody_f3_mean,0.00044925377898219227,prosody
HAP,prosody_f3_std,0.0007142448412291665,prosody
HAP,prosody_f3_median,0.0,prosody
HAP,prosody_f3_bw_median,0.0,prosody
HAP,prosody_f4_mean,0.0043015731814220574,prosody
HAP,prosody_f4_std,0.002529395163815651,prosody
HAP,prosody_f4_median,0.00020514939372381815,prosody
HAP,prosody_f5_mean,6.83137024244958e-05,prosody
HAP,prosody_f5_std,0.0,prosody
HAP,prosody_f5_median,0.0014765963799138616,prosody
HAP,prosody_intensity_mean,0.0,prosody
HAP,prosody_intensity_std,0.08733966706916202,prosody
HAP,prosody_intensity_min,0.001847206800511702,prosody
HAP,prosody_intensity_max,0.0,prosody
HAP,prosody_intensity_median,0.0,prosody
HAP,prosody_intensity_iqr,0.0016140754514084553,prosody
HAP,prosody_intensity_skew,0.0009053397655096371,prosody
HAP,prosody_intensity_kurt,0.0019211139238079786,prosody
HAP,prosody_cpps,0.0,prosody
NEU,duration_s,0.03372083620787112,other
NEU,peak_amplitude,0.0,other
NEU,spectral_centroid_mean,0.0,spectral
NEU,spectral_centroid_std,0.0,spectral
NEU,spectral_centroid_min,0.0,spectral
NEU,spectral_centroid_max,0.0,spectral
NEU,spectral_centroid_median,0.005326262491447926,spectral
NEU,spectral_centroid_iqr,0.004991330116293951,spectral
NEU,spectral_centroid_skew,0.004325971685103315,spectral
NEU,spectral_centroid_kurt,0.004322036093391833,spectral
NEU,spectral_bandwidth_mean,0.0,spectral
NEU,spectral_bandwidth_std,0.0,spectral
NEU,spectral_bandwidth_min,0.0,spectral
NEU,spectral_bandwidth_max,0.0,spectral
NEU,spectral_bandwidth_median,0.0,spectral
NEU,spectral_bandwidth_iqr,0.0017399761832062668,spectral
NEU,spectral_bandwidth_skew,0.0007232150613402612,spectral
NEU,spectral_bandwidth_kurt,0.0019769758217359984,spectral
NEU,spectral_rolloff85_mean,0.0,spectral
NEU,spectral_rolloff85_std,0.0002466530950131595,spectral
NEU,spectral_rolloff85_min,0.0,spectral
NEU,spectral_rolloff85_max,0.00015137421411094896,spectral
NEU,spectral_rolloff85_median,0.0,spectral
NEU,spectral_rolloff85_iqr,0.0,spectral
NEU,spectral_rolloff85_skew,0.0,spectral
NEU,spectral_rolloff85_kurt,0.00172087059118466,spectral
NEU,spectral_rolloff95_mean,0.0,spectral
NEU,spectral_rolloff95_std,0.0,spectral
NEU,spectral_rolloff95_min,0.0,spectral
NEU,spectral_rolloff95_max,0.00042099241525699483,spectral
NEU,spectral_rolloff95_median,0.0,spectral
NEU,spectral_rolloff95_iqr,0.0,spectral
NEU,spectral_rolloff95_skew,0.0,spectral
NEU,spectral_rolloff95_kurt,0.0012432689869475491,spectral
NEU,spectral_flatness_mean,0.0,spectral
NEU,spectral_flatness_std,0.0,spectral
NEU,spectral_flatness_min,0.0030367031035481032,spectral
NEU,spectral_flatness_max,0.0010476526089493393,spectral
NEU,spectral_flatness_median,0.00028805523988025515,spectral
NEU,spectral_flatness_iqr,0.0,spectral
NEU,spectral_flatness_skew,0.0,spectral
NEU,spectral_flatness_kurt,0.0,spectral
NEU,spectral_zcr_mean,0.0,spectral
NEU,spectral_zcr_std,0.00030664872805845106,spectral
NEU,spectral_zcr_min,0.0,spectral
NEU,spectral_zcr_max,0.0,spectral
NEU,spectral_zcr_median,0.0,spectral
NEU,spectral_zcr_iqr,0.0072448335445868955,spectral
NEU,spectral_zcr_skew,0.0,spectral
NEU,spectral_zcr_kurt,0.0,spectral
NEU,spectral_rms_mean,0.0,spectral
NEU,spectral_rms_std,0.0,spectral
NEU,spectral_rms_min,0.0,spectral
NEU,spectral_rms_max,0.0,spectral
NEU,spectral_rms_median,0.0,spectral
NEU,spectral_rms_iqr,0.00242578906565885,spectral
NEU,spectral_rms_skew,0.0,spectral
NEU,spectral_rms_kurt,0.0,spectral
NEU,spectral_flux_mean,0.0,spectral
NEU,spectral_flux_std,0.003446999157506821,spectral
NEU,spectral_flux_min,0.00021775019730755745,spectral
NEU,spectral_flux_max,0.0,spectral
NEU,spectral_flux_median,0.000696017447833847,spectral
NEU,spectral_flux_iqr,0.0008991653307703294,spectral
NEU,spectral_flux_skew,0.0,spectral
NEU,spectral_flux_kurt,0.0,spectral
NEU,spectral_entropy_mean,0.0,spectral
NEU,spectral_entropy_std,0.00436216168850126,spectral
NEU,spectral_entropy_min,0.0,spectral
NEU,spectral_entropy_max,3.264862227458123e-05,spectral
NEU,spectral_entropy_median,0.005714975299870236,spectral
NEU,spectral_entropy_iqr,0.0,spectral
NEU,spectral_entropy_skew,0.0,spectral
NEU,spectral_entropy_kurt,0.002304524741732114,spectral
NEU,spectral_slope_mean,0.0009473105841193894,spectral
NEU,spectral_slope_std,0.0,spectral
NEU,spectral_slope_min,0.0,spectral
NEU,spectral_slope_max,0.0,spectral
NEU,spectral_slope_median,0.000354908871163789,spectral
NEU,spectral_slope_iqr,5.458795714778813e-05,spectral
NEU,spectral_slope_skew,0.0008320494281283249,spectral
NEU,spectral_slope_kurt,0.0,spectral
NEU,spectral_band_0_500_mean,0.001551010664243708,spectral
NEU,spectral_band_0_500_std,0.00053286624265841,spectral
NEU,spectral_band_500_1000_mean,0.0010026969213462224,spectral
NEU,spectral_band_500_1000_std,4.662921248857841e-05,spectral
NEU,spectral_band_1000_2000_mean,0.0027109063242141437,spectral
NEU,spectral_band_1000_2000_std,0.0,spectral
NEU,spectral_band_2000_3000_mean,0.0002944817190677414,spectral
NEU,spectral_band_2000_3000_std,0.00017096017321674726,spectral
NEU,spectral_band_3000_4000_mean,0.00160815738663079,spectral
NEU,spectral_band_3000_4000_std,0.0,spectral
NEU,spectral_band_4000_5000_mean,0.0,spectral
NEU,spectral_band_4000_5000_std,0.0,spectral
NEU,spectral_band_5000_6000_mean,0.0,spectral
NEU,spectral_band_5000_6000_std,0.0006358226706372273,spectral
NEU,spectral_band_6000_8000_mean,0.0,spectral
NEU,spectral_band_6000_8000_std,0.0,spectral
NEU,spectral_hf_ratio_4000_mean,0.0,spectral
NEU,spectral_hf_ratio_4000_std,0.00038548683279653257,spectral
NEU,spectral_hf_ratio_6000_mean,0.0,spectral
NEU,spectral_hf_ratio_6000_std,0.0,spectral
NEU,spectral_contrast_0_mean,0.0,spectral
NEU,spectral_contrast_0_std,0.0013424789249986322,spectral
NEU,spectral_contrast_1_mean,0.014488331188350904,spectral
NEU,spectral_contrast_1_std,0.0020695202610826247,spectral
NEU,spectral_contrast_2_mean,0.00024650901623625773,spectral
NEU,spectral_contrast_2_std,0.0,spectral
NEU,spectral_contrast_3_mean,0.0,spectral
NEU,spectral_contrast_3_std,0.0,spectral
NEU,spectral_contrast_4_mean,0.0,spectral
NEU,spectral_contrast_4_std,0.0,spectral
NEU,spectral_contrast_5_mean,0.0,spectral
NEU,spectral_contrast_5_std,0.0020204725593470315,spectral
NEU,spectral_contrast_6_mean,0.0,spectral
NEU,spectral_contrast_6_std,0.004858212587522995,spectral
NEU,mfcc_00_mean,0.00044444699773671446,mfcc
NEU,mfcc_00_std,0.008567738734018735,mfcc
NEU,mfcc_00_min,0.0,mfcc
NEU,mfcc_00_max,0.0,mfcc
NEU,mfcc_00_median,0.0,mfcc
NEU,mfcc_00_iqr,0.014321437566909363,mfcc
NEU,mfcc_00_skew,0.002543834354409603,mfcc
NEU,mfcc_00_kurt,0.0,mfcc
NEU,mfcc_01_mean,0.0,mfcc
NEU,mfcc_01_std,0.0013304384344347317,mfcc
NEU,mfcc_01_min,0.0,mfcc
NEU,mfcc_01_max,0.007158918886406005,mfcc
NEU,mfcc_01_median,0.0,mfcc
NEU,mfcc_01_iqr,0.0,mfcc
NEU,mfcc_01_skew,0.0,mfcc
NEU,mfcc_01_kurt,0.0,mfcc
NEU,mfcc_02_mean,0.0,mfcc
NEU,mfcc_02_std,0.0051332253637728625,mfcc
NEU,mfcc_02_min,0.0,mfcc
NEU,mfcc_02_max,0.0032079193750566173,mfcc
NEU,mfcc_02_median,0.0,mfcc
NEU,mfcc_02_iqr,6.330927971263433e-05,mfcc
NEU,mfcc_02_skew,0.0,mfcc
NEU,mfcc_02_kurt,0.0023101535725506377,mfcc
NEU,mfcc_03_mean,0.0013550834600012478,mfcc
NEU,mfcc_03_std,0.0027106776121694157,mfcc
NEU,mfcc_03_min,0.00141378463642075,mfcc
NEU,mfcc_03_max,0.0,mfcc
NEU,mfcc_03_median,0.0,mfcc
NEU,mfcc_03_iqr,0.00035289182442014915,mfcc
NEU,mfcc_03_skew,0.003544207432007645,mfcc
NEU,mfcc_03_kurt,0.0,mfcc
NEU,mfcc_04_mean,0.0002285264944824252,mfcc
NEU,mfcc_04_std,0.0012309817045745132,mfcc
NEU,mfcc_04_min,0.0,mfcc
NEU,mfcc_04_max,0.0005466696816687101,mfcc
NEU,mfcc_04_median,0.0,mfcc
NEU,mfcc_04_iqr,0.0015256012505464448,mfcc
NEU,mfcc_04_skew,0.0016273484720437889,mfcc
NEU,mfcc_04_kurt,0.0,mfcc
NEU,mfcc_05_mean,0.0,mfcc
NEU,mfcc_05_std,0.00010006957946788548,mfcc
NEU,mfcc_05_min,0.0004206331595372098,mfcc
NEU,mfcc_05_max,0.0,mfcc
NEU,mfcc_05_median,0.0,mfcc
NEU,mfcc_05_iqr,0.0,mfcc
NEU,mfcc_05_skew,0.0,mfcc
NEU,mfcc_05_kurt,0.0,mfcc
NEU,mfcc_06_mean,0.0,mfcc
NEU,mfcc_06_std,0.0,mfcc
NEU,mfcc_06_min,0.0,mfcc
NEU,mfcc_06_max,0.0,mfcc
NEU,mfcc_06_median,0.0,mfcc
NEU,mfcc_06_iqr,0.0,mfcc
NEU,mfcc_06_skew,0.0,mfcc
NEU,mfcc_06_kurt,0.0,mfcc
NEU,mfcc_07_mean,0.0,mfcc
NEU,mfcc_07_std,0.0009379316926339304,mfcc
NEU,mfcc_07_min,0.0,mfcc
NEU,mfcc_07_max,0.0,mfcc
NEU,mfcc_07_median,0.0,mfcc
NEU,mfcc_07_iqr,0.0,mfcc
NEU,mfcc_07_skew,0.0,mfcc
NEU,mfcc_07_kurt,0.0,mfcc
NEU,mfcc_08_mean,0.0,mfcc
NEU,mfcc_08_std,0.0,mfcc
NEU,mfcc_08_min,0.002327875426155093,mfcc
NEU,mfcc_08_max,0.00012742506669930216,mfcc
NEU,mfcc_08_median,0.0,mfcc
NEU,mfcc_08_iqr,0.0,mfcc
NEU,mfcc_08_skew,0.0,mfcc
NEU,mfcc_08_kurt,0.0,mfcc
NEU,mfcc_09_mean,0.002603718444332723,mfcc
NEU,mfcc_09_std,0.0,mfcc
NEU,mfcc_09_min,0.0,mfcc
NEU,mfcc_09_max,0.0008599525782138455,mfcc
NEU,mfcc_09_median,0.001065313334358365,mfcc
NEU,mfcc_09_iqr,0.0011007424544826107,mfcc
NEU,mfcc_09_skew,0.0,mfcc
NEU,mfcc_09_kurt,0.0003833684224589939,mfcc
NEU,mfcc_10_mean,0.00024700544702115865,mfcc
NEU,mfcc_10_std,0.00126506841909637,mfcc
NEU,mfcc_10_min,0.0,mfcc
NEU,mfcc_10_max,0.0,mfcc
NEU,mfcc_10_median,0.0028970221041243905,mfcc
NEU,mfcc_10_iqr,0.00015991988898624729,mfcc
NEU,mfcc_10_skew,0.0,mfcc
NEU,mfcc_10_kurt,0.0006266576521465853,mfcc
NEU,mfcc_11_mean,0.0,mfcc
NEU,mfcc_11_std,0.00307724999391409,mfcc
NEU,mfcc_11_min,0.00033906672857256183,mfcc
NEU,mfcc_11_max,0.0,mfcc
NEU,mfcc_11_median,0.0,mfcc
NEU,mfcc_11_iqr,0.0,mfcc
NEU,mfcc_11_skew,0.0,mfcc
NEU,mfcc_11_kurt,0.0,mfcc
NEU,mfcc_12_mean,0.0,mfcc
NEU,mfcc_12_std,0.0,mfcc
NEU,mfcc_12_min,0.00037180008478053793,mfcc
NEU,mfcc_12_max,0.0008453075673957768,mfcc
NEU,mfcc_12_median,0.0,mfcc
NEU,mfcc_12_iqr,0.0,mfcc
NEU,mfcc_12_skew,0.0008829659513487857,mfcc
NEU,mfcc_12_kurt,0.00027213304920990284,mfcc
NEU,mfcc_13_mean,0.0011430641128450689,mfcc
NEU,mfcc_13_std,0.0,mfcc
NEU,mfcc_13_min,0.00017668787440374995,mfcc
NEU,mfcc_13_max,0.0010854430338178372,mfcc
NEU,mfcc_13_median,0.0,mfcc
NEU,mfcc_13_iqr,0.0005333004793090934,mfcc
NEU,mfcc_13_skew,0.0,mfcc
NEU,mfcc_13_kurt,0.000491020187883273,mfcc
NEU,mfcc_14_mean,0.0004109671983090744,mfcc
NEU,mfcc_14_std,0.0,mfcc
NEU,mfcc_14_min,0.0,mfcc
NEU,mfcc_14_max,0.0006156610503946057,mfcc
NEU,mfcc_14_median,0.00027792588593705326,mfcc
NEU,mfcc_14_iqr,0.0,mfcc
NEU,mfcc_14_skew,0.0,mfcc
NEU,mfcc_14_kurt,0.0,mfcc
NEU,mfcc_15_mean,0.0,mfcc
NEU,mfcc_15_std,0.0,mfcc
NEU,mfcc_15_min,0.0,mfcc
NEU,mfcc_15_max,0.0,mfcc
NEU,mfcc_15_median,0.0,mfcc
NEU,mfcc_15_iqr,0.0,mfcc
NEU,mfcc_15_skew,0.00021681151763412759,mfcc
NEU,mfcc_15_kurt,0.0003731835808855953,mfcc
NEU,mfcc_16_mean,0.00042957093661913923,mfcc
NEU,mfcc_16_std,0.003216086593020726,mfcc
NEU,mfcc_16_min,0.0,mfcc
NEU,mfcc_16_max,0.0004994406515701824,mfcc
NEU,mfcc_16_median,0.0,mfcc
NEU,mfcc_16_iqr,0.0,mfcc
NEU,mfcc_16_skew,0.00013028816989101475,mfcc
NEU,mfcc_16_kurt,0.0,mfcc
NEU,mfcc_17_mean,0.0,mfcc
NEU,mfcc_17_std,0.0,mfcc
NEU,mfcc_17_min,0.000632668395049563,mfcc
NEU,mfcc_17_max,0.0,mfcc
NEU,mfcc_17_median,0.0,mfcc
NEU,mfcc_17_iqr,0.0,mfcc
NEU,mfcc_17_skew,0.0,mfcc
NEU,mfcc_17_kurt,0.0002737855909311959,mfcc
NEU,mfcc_18_mean,0.0030164369356186402,mfcc
NEU,mfcc_18_std,0.0,mfcc
NEU,mfcc_18_min,0.0,mfcc
NEU,mfcc_18_max,0.0005828715591552641,mfcc
NEU,mfcc_18_median,0.0,mfcc
NEU,mfcc_18_iqr,0.0,mfcc
NEU,mfcc_18_skew,0.0,mfcc
NEU,mfcc_18_kurt,0.00010866812912333763,mfcc
NEU,mfcc_19_mean,0.00650747312825109,mfcc
NEU,mfcc_19_std,0.0,mfcc
NEU,mfcc_19_min,0.0,mfcc
NEU,mfcc_19_max,0.0,mfcc
NEU,mfcc_19_median,0.00039238911177029255,mfcc
NEU,mfcc_19_iqr,0.0005688424466810055,mfcc
NEU,mfcc_19_skew,0.000687462207192476,mfcc
NEU,mfcc_19_kurt,0.0,mfcc
NEU,mfcc_d1_00_mean,0.0,mfcc
NEU,mfcc_d1_00_std,0.051710055285011616,mfcc
NEU,mfcc_d2_00_mean,0.0,mfcc
NEU,mfcc_d2_00_std,0.0006007418198585835,mfcc
NEU,mfcc_d1_01_mean,0.00036250962836239386,mfcc
NEU,mfcc_d1_01_std,0.0,mfcc
NEU,mfcc_d2_01_mean,0.0007431425719975794,mfcc
NEU,mfcc_d2_01_std,0.0017698319104717582,mfcc
NEU,mfcc_d1_02_mean,0.0,mfcc
NEU,mfcc_d1_02_std,0.01617460159152247,mfcc
NEU,mfcc_d2_02_mean,0.0,mfcc
NEU,mfcc_d2_02_std,0.0014088138978995731,mfcc
NEU,mfcc_d1_03_mean,0.0,mfcc
NEU,mfcc_d1_03_std,0.006881725642836554,mfcc
NEU,mfcc_d2_03_mean,0.0,mfcc
NEU,mfcc_d2_03_std,0.00030949533795916143,mfcc
NEU,mfcc_d1_04_mean,0.0,mfcc
NEU,mfcc_d1_04_std,0.0024554578331378984,mfcc
NEU,mfcc_d2_04_mean,9.140891471697151e-05,mfcc
NEU,mfcc_d2_04_std,0.002826209025472289,mfcc
NEU,mfcc_d1_05_mean,0.0,mfcc
NEU,mfcc_d1_05_std,0.00320445609038267,mfcc
NEU,mfcc_d2_05_mean,0.0,mfcc
NEU,mfcc_d2_05_std,0.0,mfcc
NEU,mfcc_d1_06_mean,0.0,mfcc
NEU,mfcc_d1_06_std,0.0,mfcc
NEU,mfcc_d2_06_mean,0.0,mfcc
NEU,mfcc_d2_06_std,0.0,mfcc
NEU,mfcc_d1_07_mean,0.0004441370888972578,mfcc
NEU,mfcc_d1_07_std,0.0,mfcc
NEU,mfcc_d2_07_mean,0.0,mfcc
NEU,mfcc_d2_07_std,0.0,mfcc
NEU,mfcc_d1_08_mean,0.0,mfcc
NEU,mfcc_d1_08_std,0.0014283150544610191,mfcc
NEU,mfcc_d2_08_mean,0.0,mfcc
NEU,mfcc_d2_08_std,0.008169709291469643,mfcc
NEU,mfcc_d1_09_mean,0.0,mfcc
NEU,mfcc_d1_09_std,0.0013988699326847502,mfcc
NEU,mfcc_d2_09_mean,0.0,mfcc
NEU,mfcc_d2_09_std,0.0,mfcc
NEU,mfcc_d1_10_mean,0.0,mfcc
NEU,mfcc_d1_10_std,0.0,mfcc
NEU,mfcc_d2_10_mean,0.0,mfcc
NEU,mfcc_d2_10_std,0.0013835100003131108,mfcc
NEU,mfcc_d1_11_mean,0.001821993073122081,mfcc
NEU,mfcc_d1_11_std,0.0,mfcc
NEU,mfcc_d2_11_mean,0.0,mfcc
NEU,mfcc_d2_11_std,0.0,mfcc
NEU,mfcc_d1_12_mean,0.0,mfcc
NEU,mfcc_d1_12_std,0.0,mfcc
NEU,mfcc_d2_12_mean,7.847751064625624e-05,mfcc
NEU,mfcc_d2_12_std,0.0,mfcc
NEU,mfcc_d1_13_mean,0.0,mfcc
NEU,mfcc_d1_13_std,0.0,mfcc
NEU,mfcc_d2_13_mean,0.0,mfcc
NEU,mfcc_d2_13_std,0.0,mfcc
NEU,mfcc_d1_14_mean,0.0,mfcc
NEU,mfcc_d1_14_std,0.0,mfcc
NEU,mfcc_d2_14_mean,0.0,mfcc
NEU,mfcc_d2_14_std,0.0,mfcc
NEU,mfcc_d1_15_mean,0.0004305792984823617,mfcc
NEU,mfcc_d1_15_std,0.00034335749739408244,mfcc
NEU,mfcc_d2_15_mean,0.001781542634109259,mfcc
NEU,mfcc_d2_15_std,0.0,mfcc
NEU,mfcc_d1_16_mean,0.0020628642703070157,mfcc
NEU,mfcc_d1_16_std,0.0,mfcc
NEU,mfcc_d2_16_mean,0.0,mfcc
NEU,mfcc_d2_16_std,0.0005169069384686858,mfcc
NEU,mfcc_d1_17_mean,0.00031242332749999255,mfcc
NEU,mfcc_d1_17_std,0.0,mfcc
NEU,mfcc_d2_17_mean,0.0,mfcc
NEU,mfcc_d2_17_std,0.0,mfcc
NEU,mfcc_d1_18_mean,0.0,mfcc
NEU,mfcc_d1_18_std,0.0008430515542120953,mfcc
NEU,mfcc_d2_18_mean,0.00046926977595515703,mfcc
NEU,mfcc_d2_18_std,0.0,mfcc
NEU,mfcc_d1_19_mean,0.0017662183352010338,mfcc
NEU,mfcc_d1_19_std,0.0,mfcc
NEU,mfcc_d2_19_mean,0.0025181956724048436,mfcc
NEU,mfcc_d2_19_std,0.0015898922792771156,mfcc
NEU,chroma_00_mean,0.0018263486270031363,chroma
NEU,chroma_00_std,0.0,chroma
NEU,chroma_01_mean,3.682367512765341e-05,chroma
NEU,chroma_01_std,0.00014295153061001642,chroma
NEU,chroma_02_mean,0.0005006066690401893,chroma
NEU,chroma_02_std,0.0,chroma
NEU,chroma_03_mean,0.0002006618505253406,chroma
NEU,chroma_03_std,0.00039451985243355947,chroma
NEU,chroma_04_mean,0.0,chroma
NEU,chroma_04_std,0.0,chroma
NEU,chroma_05_mean,0.0,chroma
NEU,chroma_05_std,0.003695013265836672,chroma
NEU,chroma_06_mean,0.0046609010987639496,chroma
NEU,chroma_06_std,0.0,chroma
NEU,chroma_07_mean,0.0,chroma
NEU,chroma_07_std,0.0,chroma
NEU,chroma_08_mean,0.0020640509108984643,chroma
NEU,chroma_08_std,0.006468455437202486,chroma
NEU,chroma_09_mean,0.003301932953580256,chroma
NEU,chroma_09_std,0.0,chroma
NEU,chroma_10_mean,0.0,chroma
NEU,chroma_10_std,0.0002568287228811998,chroma
NEU,chroma_11_mean,0.0,chroma
NEU,chroma_11_std,0.0,chroma
NEU,prosody_f0_mean,0.029033650598407526,prosody
NEU,prosody_f0_std,0.0,prosody
NEU,prosody_f0_min,0.005263473848317314,prosody
NEU,prosody_f0_max,0.0102488575522459,prosody
NEU,prosody_f0_median,0.001080089624330243,prosody
NEU,prosody_f0_iqr,0.005428130117487525,prosody
NEU,prosody_f0_skew,0.0007849944040450485,prosody
NEU,prosody_f0_kurt,0.0,prosody
NEU,prosody_voiced_fraction,0.00452145518377986,prosody
NEU,prosody_f0_slope_abs_mean,0.0,prosody
NEU,prosody_n_voiced_segments,0.0,prosody
NEU,prosody_voiced_rate_per_s,0.0014646334830378436,prosody
NEU,prosody_mean_voiced_seg_s,0.0,prosody
NEU,prosody_pause_fraction,0.0007015756381042443,prosody
NEU,prosody_jitter_local,0.0,prosody
NEU,prosody_jitter_rap,0.0,prosody
NEU,prosody_jitter_ppq5,0.0,prosody
NEU,prosody_jitter_ddp,0.0,prosody
NEU,prosody_shimmer_local,0.0005525035364386926,prosody
NEU,prosody_shimmer_localdb,0.001063938335490403,prosody
NEU,prosody_shimmer_apq3,0.0,prosody
NEU,prosody_shimmer_apq5,0.0,prosody
NEU,prosody_shimmer_apq11,0.0,prosody
NEU,prosody_shimmer_dda,0.0,prosody
NEU,prosody_hnr_mean,0.00023835717180117002,prosody
NEU,prosody_hnr_std,0.0,prosody
NEU,prosody_hnr_min,0.0,prosody
NEU,prosody_hnr_max,0.0,prosody
NEU,prosody_hnr_median,0.02025308773679915,prosody
NEU,prosody_f1_mean,0.0012163879007233312,prosody
NEU,prosody_f1_std,0.0,prosody
NEU,prosody_f1_median,0.0,prosody
NEU,prosody_f1_bw_median,0.0,prosody
NEU,prosody_f2_mean,0.0,prosody
NEU,prosody_f2_std,0.0002980727121185754,prosody
NEU,prosody_f2_median,0.0004636107127400251,prosody
NEU,prosody_f2_bw_median,0.00016224337991314292,prosody
NEU,prosody_f3_mean,0.0036049590554166054,prosody
NEU,prosody_f3_std,0.0010975482336703546,prosody
NEU,prosody_f3_median,0.0,prosody
NEU,prosody_f3_bw_median,0.0,prosody
NEU,prosody_f4_mean,0.0,prosody
NEU,prosody_f4_std,0.003983104867744247,prosody
NEU,prosody_f4_median,0.0,prosody
NEU,prosody_f5_mean,6.030430901611563e-05,prosody
NEU,prosody_f5_std,0.0,prosody
NEU,prosody_f5_median,0.0044927339894754,prosody
NEU,prosody_intensity_mean,0.0,prosody
NEU,prosody_intensity_std,0.07886590990603283,prosody
NEU,prosody_intensity_min,0.0022990684703443633,prosody
NEU,prosody_intensity_max,0.0,prosody
NEU,prosody_intensity_median,0.0,prosody
NEU,prosody_intensity_iqr,0.002160966084723244,prosody
NEU,prosody_intensity_skew,0.00048807428028380194,prosody
NEU,prosody_intensity_kurt,0.004999585894836221,prosody
NEU,prosody_cpps,0.0,prosody
SAD,duration_s,0.009055461165878288,other
SAD,peak_amplitude,0.0,other
SAD,spectral_centroid_mean,0.0,spectral
SAD,spectral_centroid_std,0.0,spectral
SAD,spectral_centroid_min,0.0,spectral
SAD,spectral_centroid_max,0.0,spectral
SAD,spectral_centroid_median,0.003099413030386799,spectral
SAD,spectral_centroid_iqr,0.009903996041589251,spectral
SAD,spectral_centroid_skew,0.00017481671000747648,spectral
SAD,spectral_centroid_kurt,0.0005099178269872003,spectral
SAD,spectral_bandwidth_mean,0.0,spectral
SAD,spectral_bandwidth_std,0.0,spectral
SAD,spectral_bandwidth_min,0.0,spectral
SAD,spectral_bandwidth_max,0.0,spectral
SAD,spectral_bandwidth_median,0.0,spectral
SAD,spectral_bandwidth_iqr,0.006421063208010475,spectral
SAD,spectral_bandwidth_skew,0.00019452764214689496,spectral
SAD,spectral_bandwidth_kurt,0.00025206856747731957,spectral
SAD,spectral_rolloff85_mean,0.0,spectral
SAD,spectral_rolloff85_std,0.0004219919140487986,spectral
SAD,spectral_rolloff85_min,0.0,spectral
SAD,spectral_rolloff85_max,0.0,spectral
SAD,spectral_rolloff85_median,0.0,spectral
SAD,spectral_rolloff85_iqr,0.0,spectral
SAD,spectral_rolloff85_skew,0.0015756829622293198,spectral
SAD,spectral_rolloff85_kurt,0.0006600510621289095,spectral
SAD,spectral_rolloff95_mean,0.0,spectral
SAD,spectral_rolloff95_std,0.0,spectral
SAD,spectral_rolloff95_min,0.0,spectral
SAD,spectral_rolloff95_max,0.0,spectral
SAD,spectral_rolloff95_median,0.0,spectral
SAD,spectral_rolloff95_iqr,0.0,spectral
SAD,spectral_rolloff95_skew,0.0,spectral
SAD,spectral_rolloff95_kurt,0.001716819780800927,spectral
SAD,spectral_flatness_mean,0.0,spectral
SAD,spectral_flatness_std,0.0,spectral
SAD,spectral_flatness_min,0.0024550410856749843,spectral
SAD,spectral_flatness_max,7.692068725762395e-05,spectral
SAD,spectral_flatness_median,0.00033960344972714724,spectral
SAD,spectral_flatness_iqr,0.0,spectral
SAD,spectral_flatness_skew,0.0,spectral
SAD,spectral_flatness_kurt,0.0,spectral
SAD,spectral_zcr_mean,0.0,spectral
SAD,spectral_zcr_std,0.0003816628016031317,spectral
SAD,spectral_zcr_min,0.0,spectral
SAD,spectral_zcr_max,0.0,spectral
SAD,spectral_zcr_median,0.0,spectral
SAD,spectral_zcr_iqr,0.0010689363431928397,spectral
SAD,spectral_zcr_skew,0.0,spectral
SAD,spectral_zcr_kurt,0.0,spectral
SAD,spectral_rms_mean,0.0,spectral
SAD,spectral_rms_std,0.0,spectral
SAD,spectral_rms_min,0.0,spectral
SAD,spectral_rms_max,0.0,spectral
SAD,spectral_rms_median,0.0,spectral
SAD,spectral_rms_iqr,0.0011893555674313834,spectral
SAD,spectral_rms_skew,0.0,spectral
SAD,spectral_rms_kurt,0.0,spectral
SAD,spectral_flux_mean,0.0,spectral
SAD,spectral_flux_std,0.00024620892064902147,spectral
SAD,spectral_flux_min,0.0004022527141111204,spectral
SAD,spectral_flux_max,0.0,spectral
SAD,spectral_flux_median,0.002207805686453585,spectral
SAD,spectral_flux_iqr,0.005579807483270535,spectral
SAD,spectral_flux_skew,0.0,spectral
SAD,spectral_flux_kurt,0.0,spectral
SAD,spectral_entropy_mean,0.0,spectral
SAD,spectral_entropy_std,0.0025442141600662406,spectral
SAD,spectral_entropy_min,0.0,spectral
SAD,spectral_entropy_max,0.00044538026323405255,spectral
SAD,spectral_entropy_median,0.014669709223570214,spectral
SAD,spectral_entropy_iqr,0.0,spectral
SAD,spectral_entropy_skew,0.0,spectral
SAD,spectral_entropy_kurt,0.0048141282987989795,spectral
SAD,spectral_slope_mean,0.0010804848717315529,spectral
SAD,spectral_slope_std,0.0,spectral
SAD,spectral_slope_min,0.0,spectral
SAD,spectral_slope_max,0.0,spectral
SAD,spectral_slope_median,0.0005233996913422197,spectral
SAD,spectral_slope_iqr,8.402641789002651e-05,spectral
SAD,spectral_slope_skew,0.0,spectral
SAD,spectral_slope_kurt,0.0,spectral
SAD,spectral_band_0_500_mean,0.00043484008013918975,spectral
SAD,spectral_band_0_500_std,0.0005342909350253281,spectral
SAD,spectral_band_500_1000_mean,0.0017729529291595455,spectral
SAD,spectral_band_500_1000_std,0.00011379746688411155,spectral
SAD,spectral_band_1000_2000_mean,0.00031089351977396765,spectral
SAD,spectral_band_1000_2000_std,0.0,spectral
SAD,spectral_band_2000_3000_mean,0.0015069893538912809,spectral
SAD,spectral_band_2000_3000_std,0.001409541431955874,spectral
SAD,spectral_band_3000_4000_mean,0.0008397052269145537,spectral
SAD,spectral_band_3000_4000_std,0.0,spectral
SAD,spectral_band_4000_5000_mean,0.0004909526653886407,spectral
SAD,spectral_band_4000_5000_std,0.0,spectral
SAD,spectral_band_5000_6000_mean,0.0,spectral
SAD,spectral_band_5000_6000_std,0.0009964157318665297,spectral
SAD,spectral_band_6000_8000_mean,0.00032014827296665153,spectral
SAD,spectral_band_6000_8000_std,0.0,spectral
SAD,spectral_hf_ratio_4000_mean,0.0,spectral
SAD,spectral_hf_ratio_4000_std,0.00031846334472325315,spectral
SAD,spectral_hf_ratio_6000_mean,0.0,spectral
SAD,spectral_hf_ratio_6000_std,0.0,spectral
SAD,spectral_contrast_0_mean,0.0,spectral
SAD,spectral_contrast_0_std,0.00013596273784201445,spectral
SAD,spectral_contrast_1_mean,0.0050729053842166775,spectral
SAD,spectral_contrast_1_std,0.005091850326549955,spectral
SAD,spectral_contrast_2_mean,0.0,spectral
SAD,spectral_contrast_2_std,0.0,spectral
SAD,spectral_contrast_3_mean,0.0,spectral
SAD,spectral_contrast_3_std,0.0,spectral
SAD,spectral_contrast_4_mean,0.0,spectral
SAD,spectral_contrast_4_std,0.0,spectral
SAD,spectral_contrast_5_mean,0.0,spectral
SAD,spectral_contrast_5_std,0.0006863640471469271,spectral
SAD,spectral_contrast_6_mean,0.0,spectral
SAD,spectral_contrast_6_std,0.0030988744644983215,spectral
SAD,mfcc_00_mean,0.0007699609264227655,mfcc
SAD,mfcc_00_std,0.029706809060020736,mfcc
SAD,mfcc_00_min,0.0,mfcc
SAD,mfcc_00_max,0.0001422660383367732,mfcc
SAD,mfcc_00_median,0.0,mfcc
SAD,mfcc_00_iqr,0.0059732918077997086,mfcc
SAD,mfcc_00_skew,0.0016168370403864634,mfcc
SAD,mfcc_00_kurt,0.0,mfcc
SAD,mfcc_01_mean,0.0,mfcc
SAD,mfcc_01_std,0.0015666586615311106,mfcc
SAD,mfcc_01_min,0.0,mfcc
SAD,mfcc_01_max,0.0032644966804533148,mfcc
SAD,mfcc_01_median,0.0,mfcc
SAD,mfcc_01_iqr,0.0,mfcc
SAD,mfcc_01_skew,0.0,mfcc
SAD,mfcc_01_kurt,0.0,mfcc
SAD,mfcc_02_mean,0.0,mfcc
SAD,mfcc_02_std,0.009890853901753422,mfcc
SAD,mfcc_02_min,0.0002975884387651046,mfcc
SAD,mfcc_02_max,0.00018681852163474083,mfcc
SAD,mfcc_02_median,0.0,mfcc
SAD,mfcc_02_iqr,0.0015379430397057248,mfcc
SAD,mfcc_02_skew,0.0,mfcc
SAD,mfcc_02_kurt,0.0006318049970779426,mfcc
SAD,mfcc_03_mean,0.00040676633081313624,mfcc
SAD,mfcc_03_std,0.0017537930379980507,mfcc
SAD,mfcc_03_min,0.004820881628462746,mfcc
SAD,mfcc_03_max,0.0,mfcc
SAD,mfcc_03_median,0.0,mfcc
SAD,mfcc_03_iqr,0.002059309374718805,mfcc
SAD,mfcc_03_skew,0.005248939990589338,mfcc
SAD,mfcc_03_kurt,0.0,mfcc
SAD,mfcc_04_mean,0.0,mfcc
SAD,mfcc_04_std,0.0013052559693235,mfcc
SAD,mfcc_04_min,0.0,mfcc
SAD,mfcc_04_max,0.00020192427297674077,mfcc
SAD,mfcc_04_median,0.0,mfcc
SAD,mfcc_04_iqr,0.0009174927624567404,mfcc
SAD,mfcc_04_skew,0.0002604533332301241,mfcc
SAD,mfcc_04_kurt,0.0,mfcc
SAD,mfcc_05_mean,0.0,mfcc
SAD,mfcc_05_std,0.00017120625782319248,mfcc
SAD,mfcc_05_min,0.0010635857381911195,mfcc
SAD,mfcc_05_max,0.0,mfcc
SAD,mfcc_05_median,0.0,mfcc
SAD,mfcc_05_iqr,0.0,mfcc
SAD,mfcc_05_skew,0.0,mfcc
SAD,mfcc_05_kurt,0.0,mfcc
SAD,mfcc_06_mean,0.0,mfcc
SAD,mfcc_06_std,0.0,mfcc
SAD,mfcc_06_min,0.0,mfcc
SAD,mfcc_06_max,0.0,mfcc
SAD,mfcc_06_median,0.0,mfcc
SAD,mfcc_06_iqr,0.0,mfcc
SAD,mfcc_06_skew,0.0,mfcc
SAD,mfcc_06_kurt,0.0,mfcc
SAD,mfcc_07_mean,0.0,mfcc
SAD,mfcc_07_std,0.0012276148004745884,mfcc
SAD,mfcc_07_min,0.0,mfcc
SAD,mfcc_07_max,0.0,mfcc
SAD,mfcc_07_median,0.0,mfcc
SAD,mfcc_07_iqr,0.0012793002314356269,mfcc
SAD,mfcc_07_skew,0.0,mfcc
SAD,mfcc_07_kurt,0.0,mfcc
SAD,mfcc_08_mean,0.0,mfcc
SAD,mfcc_08_std,0.0,mfcc
SAD,mfcc_08_min,0.0007372953731581118,mfcc
SAD,mfcc_08_max,0.002768378532119944,mfcc
SAD,mfcc_08_median,0.0,mfcc
SAD,mfcc_08_iqr,0.0,mfcc
SAD,mfcc_08_skew,0.0,mfcc
SAD,mfcc_08_kurt,0.00026446829305113307,mfcc
SAD,mfcc_09_mean,0.002307396205273681,mfcc
SAD,mfcc_09_std,0.0,mfcc
SAD,mfcc_09_min,0.0,mfcc
SAD,mfcc_09_max,0.0003372712708185826,mfcc
SAD,mfcc_09_median,0.00023130257327461226,mfcc
SAD,mfcc_09_iqr,0.0024131890025462298,mfcc
SAD,mfcc_09_skew,0.0,mfcc
SAD,mfcc_09_kurt,0.0007627410539848837,mfcc
SAD,mfcc_10_mean,0.0,mfcc
SAD,mfcc_10_std,0.002627025095281506,mfcc
SAD,mfcc_10_min,0.0,mfcc
SAD,mfcc_10_max,0.0,mfcc
SAD,mfcc_10_median,0.01072503025634781,mfcc
SAD,mfcc_10_iqr,0.0,mfcc
SAD,mfcc_10_skew,0.0,mfcc
SAD,mfcc_10_kurt,0.002105526972412723,mfcc
SAD,mfcc_11_mean,0.0,mfcc
SAD,mfcc_11_std,0.0057233981851802914,mfcc
SAD,mfcc_11_min,0.0017828621467299137,mfcc
SAD,mfcc_11_max,0.0,mfcc
SAD,mfcc_11_median,0.0,mfcc
SAD,mfcc_11_iqr,0.0,mfcc
SAD,mfcc_11_skew,0.0,mfcc
SAD,mfcc_11_kurt,0.0,mfcc
SAD,mfcc_12_mean,0.0,mfcc
SAD,mfcc_12_std,0.0,mfcc
SAD,mfcc_12_min,0.0,mfcc
SAD,mfcc_12_max,0.002328046854354807,mfcc
SAD,mfcc_12_median,0.0,mfcc
SAD,mfcc_12_iqr,0.0,mfcc
SAD,mfcc_12_skew,0.0021883485174777097,mfcc
SAD,mfcc_12_kurt,8.23266474091777e-05,mfcc
SAD,mfcc_13_mean,0.000385970674464392,mfcc
SAD,mfcc_13_std,0.0,mfcc
SAD,mfcc_13_min,0.0004534355486490501,mfcc
SAD,mfcc_13_max,0.0,mfcc
SAD,mfcc_13_median,0.0,mfcc
SAD,mfcc_13_iqr,0.0034631828193567235,mfcc
SAD,mfcc_13_skew,0.0,mfcc
SAD,mfcc_13_kurt,0.0005497320001629036,mfcc
SAD,mfcc_14_mean,0.0005273342544611067,mfcc
SAD,mfcc_14_std,0.0,mfcc
SAD,mfcc_14_min,0.0,mfcc
SAD,mfcc_14_max,0.0003384582797814407,mfcc
SAD,mfcc_14_median,0.001855556887955507,mfcc
SAD,mfcc_14_iqr,0.0,mfcc
SAD,mfcc_14_skew,0.0,mfcc
SAD,mfcc_14_kurt,0.0,mfcc
SAD,mfcc_15_mean,0.0,mfcc
SAD,mfcc_15_std,0.0,mfcc
SAD,mfcc_15_min,0.0,mfcc
SAD,mfcc_15_max,0.0,mfcc
SAD,mfcc_15_median,0.0,mfcc
SAD,mfcc_15_iqr,0.0,mfcc
SAD,mfcc_15_skew,0.0020288103238486482,mfcc
SAD,mfcc_15_kurt,0.0024997971834756333,mfcc
SAD,mfcc_16_mean,0.0,mfcc
SAD,mfcc_16_std,0.0008548331742172586,mfcc
SAD,mfcc_16_min,0.0,mfcc
SAD,mfcc_16_max,0.0013475245200857526,mfcc
SAD,mfcc_16_median,0.00020861133917636664,mfcc
SAD,mfcc_16_iqr,0.0,mfcc
SAD,mfcc_16_skew,0.000723397485109037,mfcc
SAD,mfcc_16_kurt,7.480686713801705e-05,mfcc
SAD,mfcc_17_mean,0.0,mfcc
SAD,mfcc_17_std,0.0,mfcc
SAD,mfcc_17_min,0.0003705410311805522,mfcc
SAD,mfcc_17_max,0.0,mfcc
SAD,mfcc_17_median,0.0,mfcc
SAD,mfcc_17_iqr,0.0,mfcc
SAD,mfcc_17_skew,0.0,mfcc
SAD,mfcc_17_kurt,0.002013475340136854,mfcc
SAD,mfcc_18_mean,0.00428031787997628,mfcc
SAD,mfcc_18_std,0.0,mfcc
SAD,mfcc_18_min,0.0,mfcc
SAD,mfcc_18_max,0.0010808859223475891,mfcc
SAD,mfcc_18_median,0.0,mfcc
SAD,mfcc_18_iqr,0.0,mfcc
SAD,mfcc_18_skew,0.0,mfcc
SAD,mfcc_18_kurt,0.0,mfcc
SAD,mfcc_19_mean,0.0028345625769939198,mfcc
SAD,mfcc_19_std,0.0,mfcc
SAD,mfcc_19_min,0.0,mfcc
SAD,mfcc_19_max,0.0,mfcc
SAD,mfcc_19_median,0.00020870038760461478,mfcc
SAD,mfcc_19_iqr,0.0,mfcc
SAD,mfcc_19_skew,0.002800302982916307,mfcc
SAD,mfcc_19_kurt,0.0,mfcc
SAD,mfcc_d1_00_mean,0.0,mfcc
SAD,mfcc_d1_00_std,0.06878426014827553,mfcc
SAD,mfcc_d2_00_mean,0.0,mfcc
SAD,mfcc_d2_00_std,5.9450930982499623e-05,mfcc
SAD,mfcc_d1_01_mean,0.0013198549186017924,mfcc
SAD,mfcc_d1_01_std,0.0,mfcc
SAD,mfcc_d2_01_mean,0.00020396668650276303,mfcc
SAD,mfcc_d2_01_std,0.00018299764155756102,mfcc
SAD,mfcc_d1_02_mean,0.0,mfcc
SAD,mfcc_d1_02_std,0.004920095296297801,mfcc
SAD,mfcc_d2_02_mean,0.0,mfcc
SAD,mfcc_d2_02_std,0.004391749921832376,mfcc
SAD,mfcc_d1_03_mean,0.0,mfcc
SAD,mfcc_d1_03_std,0.0012645285582393339,mfcc
SAD,mfcc_d2_03_mean,0.0,mfcc
SAD,mfcc_d2_03_std,0.0,mfcc
SAD,mfcc_d1_04_mean,0.0,mfcc
SAD,mfcc_d1_04_std,0.00011228913353044744,mfcc
SAD,mfcc_d2_04_mean,0.0001856615168005582,mfcc
SAD,mfcc_d2_04_std,0.0016172940943641994,mfcc
SAD,mfcc_d1_05_mean,0.0,mfcc
SAD,mfcc_d1_05_std,0.0004141287996523222,mfcc
SAD,mfcc_d2_05_mean,0.0,mfcc
SAD,mfcc_d2_05_std,0.0,mfcc
SAD,mfcc_d1_06_mean,0.0,mfcc
SAD,mfcc_d1_06_std,0.0,mfcc
SAD,mfcc_d2_06_mean,0.0,mfcc
SAD,mfcc_d2_06_std,0.0,mfcc
SAD,mfcc_d1_07_mean,0.0013075959602146874,mfcc
SAD,mfcc_d1_07_std,0.0,mfcc
SAD,mfcc_d2_07_mean,0.0,mfcc
SAD,mfcc_d2_07_std,0.0,mfcc
SAD,mfcc_d1_08_mean,0.0,mfcc
SAD,mfcc_d1_08_std,0.0008159850991809807,mfcc
SAD,mfcc_d2_08_mean,0.0,mfcc
SAD,mfcc_d2_08_std,0.0023220224448095204,mfcc
SAD,mfcc_d1_09_mean,0.0,mfcc
SAD,mfcc_d1_09_std,0.0001634865749763273,mfcc
SAD,mfcc_d2_09_mean,0.0,mfcc
SAD,mfcc_d2_09_std,0.001034250733886067,mfcc
SAD,mfcc_d1_10_mean,0.0,mfcc
SAD,mfcc_d1_10_std,0.0,mfcc
SAD,mfcc_d2_10_mean,0.0,mfcc
SAD,mfcc_d2_10_std,0.001598330259800562,mfcc
SAD,mfcc_d1_11_mean,0.002599579739578158,mfcc
SAD,mfcc_d1_11_std,0.0,mfcc
SAD,mfcc_d2_11_mean,0.0,mfcc
SAD,mfcc_d2_11_std,0.0,mfcc
SAD,mfcc_d1_12_mean,0.0,mfcc
SAD,mfcc_d1_12_std,0.0,mfcc
SAD,mfcc_d2_12_mean,0.0002865779796397959,mfcc
SAD,mfcc_d2_12_std,0.0,mfcc
SAD,mfcc_d1_13_mean,0.0,mfcc
SAD,mfcc_d1_13_std,0.0,mfcc
SAD,mfcc_d2_13_mean,0.0,mfcc
SAD,mfcc_d2_13_std,0.0,mfcc
SAD,mfcc_d1_14_mean,0.0,mfcc
SAD,mfcc_d1_14_std,0.0,mfcc
SAD,mfcc_d2_14_mean,0.0,mfcc
SAD,mfcc_d2_14_std,0.0,mfcc
SAD,mfcc_d1_15_mean,0.00018416653387895486,mfcc
SAD,mfcc_d1_15_std,0.001873230033094541,mfcc
SAD,mfcc_d2_15_mean,0.00014541000662424085,mfcc
SAD,mfcc_d2_15_std,0.0008823655743886556,mfcc
SAD,mfcc_d1_16_mean,0.00010736598864991051,mfcc
SAD,mfcc_d1_16_std,0.0,mfcc
SAD,mfcc_d2_16_mean,0.0,mfcc
SAD,mfcc_d2_16_std,0.0009160644079747071,mfcc
SAD,mfcc_d1_17_mean,0.00018524597449226206,mfcc
SAD,mfcc_d1_17_std,0.001640609756020425,mfcc
SAD,mfcc_d2_17_mean,0.0,mfcc
SAD,mfcc_d2_17_std,0.0,mfcc
SAD,mfcc_d1_18_mean,0.0,mfcc
SAD,mfcc_d1_18_std,0.0008430515542120953,mfcc
SAD,mfcc_d2_18_mean,0.0003813702845944787,mfcc
SAD,mfcc_d2_18_std,0.0,mfcc
SAD,mfcc_d1_19_mean,0.0005260355198492512,mfcc
SAD,mfcc_d1_19_std,0.0,mfcc
SAD,mfcc_d2_19_mean,0.0008167697371318118,mfcc
SAD,mfcc_d2_19_std,0.000358341136680917,mfcc
SAD,chroma_00_mean,0.0008092925563984605,chroma
SAD,chroma_00_std,0.0,chroma
SAD,chroma_01_mean,0.00028668825682193715,chroma
SAD,chroma_01_std,0.0022599940588816964,chroma
SAD,chroma_02_mean,0.004693708497339902,chroma
SAD,chroma_02_std,0.0,chroma
SAD,chroma_03_mean,0.0019830143359141454,chroma
SAD,chroma_03_std,0.0,chroma
SAD,chroma_04_mean,0.0,chroma
SAD,chroma_04_std,0.0,chroma
SAD,chroma_05_mean,0.0,chroma
SAD,chroma_05_std,0.0031544958569094737,chroma
SAD,chroma_06_mean,0.0006410613448004258,chroma
SAD,chroma_06_std,0.0,chroma
SAD,chroma_07_mean,0.0,chroma
SAD,chroma_07_std,0.0,chroma
SAD,chroma_08_mean,0.00029775387972671573,chroma
SAD,chroma_08_std,0.0029233071451028347,chroma
SAD,chroma_09_mean,7.48183391334338e-05,chroma
SAD,chroma_09_std,0.0003143669238296536,chroma
SAD,chroma_10_mean,0.0,chroma
SAD,chroma_10_std,0.00020471977443929507,chroma
SAD,chroma_11_mean,0.0,chroma
SAD,chroma_11_std,0.0,chroma
SAD,prosody_f0_mean,0.007754861006070976,prosody
SAD,prosody_f0_std,0.0,prosody
SAD,prosody_f0_min,0.0020772612053547835,prosody
SAD,prosody_f0_max,0.002439852863014005,prosody
SAD,prosody_f0_median,0.0008575088128768984,prosody
SAD,prosody_f0_iqr,0.002611191842840808,prosody
SAD,prosody_f0_skew,0.0010684550410116516,prosody
SAD,prosody_f0_kurt,0.0,prosody
SAD,prosody_voiced_fraction,0.003515047422464425,prosody
SAD,prosody_f0_slope_abs_mean,0.0,prosody
SAD,prosody_n_voiced_segments,0.0,prosody
SAD,prosody_voiced_rate_per_s,0.00023927588210047253,prosody
SAD,prosody_mean_voiced_seg_s,0.0,prosody
SAD,prosody_pause_fraction,0.0004521107314216611,prosody
SAD,prosody_jitter_local,0.0,prosody
SAD,prosody_jitter_rap,0.0,prosody
SAD,prosody_jitter_ppq5,0.0,prosody
SAD,prosody_jitter_ddp,0.0,prosody
SAD,prosody_shimmer_local,0.00029168864416127506,prosody
SAD,prosody_shimmer_localdb,0.0008108972636178461,prosody
SAD,prosody_shimmer_apq3,0.0,prosody
SAD,prosody_shimmer_apq5,0.0,prosody
SAD,prosody_shimmer_apq11,0.0,prosody
SAD,prosody_shimmer_dda,0.0,prosody
SAD,prosody_hnr_mean,0.00020098409608321674,prosody
SAD,prosody_hnr_std,0.0,prosody
SAD,prosody_hnr_min,0.0,prosody
SAD,prosody_hnr_max,0.0,prosody
SAD,prosody_hnr_median,0.007649637029915176,prosody
SAD,prosody_f1_mean,0.0016410346589031519,prosody
SAD,prosody_f1_std,0.0,prosody
SAD,prosody_f1_median,0.0,prosody
SAD,prosody_f1_bw_median,0.0,prosody
SAD,prosody_f2_mean,0.0,prosody
SAD,prosody_f2_std,0.0010990148562558405,prosody
SAD,prosody_f2_median,0.0010577848242946653,prosody
SAD,prosody_f2_bw_median,0.0007167362678263189,prosody
SAD,prosody_f3_mean,0.0010814809856379759,prosody
SAD,prosody_f3_std,0.0036129487602185226,prosody
SAD,prosody_f3_median,0.0,prosody
SAD,prosody_f3_bw_median,0.0,prosody
SAD,prosody_f4_mean,0.00017391389525042475,prosody
SAD,prosody_f4_std,0.0015110292569084109,prosody
SAD,prosody_f4_median,0.002597878437899273,prosody
SAD,prosody_f5_mean,0.0012510272590665473,prosody
SAD,prosody_f5_std,0.0,prosody
SAD,prosody_f5_median,0.0007804304409417556,prosody
SAD,prosody_intensity_mean,0.0,prosody
SAD,prosody_intensity_std,0.08066503248975834,prosody
SAD,prosody_intensity_min,0.0002440683325520584,prosody
SAD,prosody_intensity_max,0.0002418427464917792,prosody
SAD,prosody_intensity_median,0.0,prosody
SAD,prosody_intensity_iqr,0.00026473779192182805,prosody
SAD,prosody_intensity_skew,0.00020729193604916485,prosody
SAD,prosody_intensity_kurt,0.0033536730409409253,prosody
SAD,prosody_cpps,0.0,prosody
