condition,feature,family,mean_ref,mean_cond,smd,t,p,rel_change,abs_smd,significant
mp3_64,duration_s,other,2.542880123639296,2.54302917954576,0.00029456961243705285,23.49018896553723,9.149600486104995e-118,5.8616961561889515e-05,0.00029456961243705285,True
mp3_64,peak_amplitude,other,0.5329464959963693,0.5066662532133596,-0.21464317194805485,-287.74287722588775,0.0,-0.04931122163375441,0.21464317194805485,True
mp3_64,spectral_centroid_mean,spectral,518.4869263524757,513.1068613566217,-0.022807292665094417,-40.3263537632665,0.0,-0.010376471849931582,0.022807292665094417,True
mp3_64,spectral_centroid_std,spectral,538.8063127571289,526.2722155761109,-0.032327039407126,-41.25974747184967,0.0,-0.023262714048170235,0.032327039407126,True
mp3_64,spectral_centroid_min,spectral,98.41420409907238,100.1642466148515,0.05675898345382728,9.371093391478441,9.337527793894496e-21,0.017782418013738973,0.05675898345382728,True
mp3_64,spectral_centroid_max,spectral,3383.956579538759,3311.5531481111266,-0.0443189539632305,-39.843452201869866,0.0,-0.021396087605090094,0.0443189539632305,True
mp3_64,spectral_centroid_median,spectral,341.1464111065633,340.3492135295828,-0.006779906494813323,-24.527013750367065,8.145763976759804e-128,-0.0023368194740628436,0.006779906494813323,True
mp3_64,spectral_centroid_iqr,spectral,349.1650449650911,348.2694723081756,-0.0032872690650689517,-5.775845979431661,7.965191977424845e-09,-0.0025648978035732956,0.0032872690650689517,True
mp3_64,spectral_centroid_skew,spectral,3.171235869527321,3.128222167265186,-0.027613034606848334,-13.77179833076854,1.2521576497613438e-42,-0.013563703247512186,0.027613034606848334,True
mp3_64,spectral_centroid_kurt,spectral,15.214954786398348,14.762625733777428,-0.0300494148478758,-9.09938853846526,1.1481158891542454e-19,-0.029729240669534335,0.0300494148478758,True
mp3_64,spectral_bandwidth_mean,spectral,536.4169886266386,526.0582152891511,-0.06840743816905054,-162.16391300512223,0.0,-0.01931104636340571,0.06840743816905054,True
mp3_64,spectral_bandwidth_std,spectral,441.5860412977488,434.11550068104094,-0.038806715772608406,-66.996622623993,0.0,-0.01691751984449774,0.038806715772608406,True
mp3_64,spectral_bandwidth_min,spectral,131.53556552957326,132.27694524240147,0.017605286941955303,2.891305064872257,0.003847564862463701,0.005636344131287599,0.017605286941955303,False
mp3_64,spectral_bandwidth_max,spectral,2536.5377391584957,2492.324239509189,-0.07177246960926859,-49.90035331212791,0.0,-0.017430649253409033,0.07177246960926859,True
mp3_64,spectral_bandwidth_median,spectral,388.04457240112066,379.15326466929616,-0.11124545366027994,-161.11218392160572,0.0,-0.022913109380212064,0.11124545366027994,True
mp3_64,spectral_bandwidth_iqr,spectral,300.985082338697,297.87357006277955,-0.014901314087826434,-24.13252258628269,6.005156414100131e-124,-0.01033776242908969,0.014901314087826434,True
mp3_64,spectral_bandwidth_skew,spectral,2.7399461101974603,2.7384206131085875,-0.0013648444999124806,-0.7737740238984014,0.43908902138120726,-0.0005567617126465275,0.0013648444999124806,False
mp3_64,spectral_bandwidth_kurt,spectral,9.951030895610666,9.942700070334109,-0.0009524076724795606,-0.37680482702273516,0.7063293991879747,-0.0008371821335849671,0.0009524076724795606,False
mp3_64,spectral_rolloff85_mean,spectral,789.7642319167921,783.4422030586778,-0.016641534083546707,-34.56775980836349,5.804119137547324e-243,-0.008004957179145076,0.016641534083546707,True
mp3_64,spectral_rolloff85_std,spectral,1048.1582904841068,1030.6552568781128,-0.02944707867377513,-42.523544983189105,0.0,-0.016698845742001412,0.02944707867377513,True
mp3_64,spectral_rolloff85_min,spectral,138.7078349684182,142.29438247547372,0.0830798522356718,13.010425576114047,2.786907113482507e-38,0.025856848734407245,0.0830798522356718,True
mp3_64,spectral_rolloff85_max,spectral,5750.856739685526,5661.3106437306815,-0.05098942184181974,-30.16969077851142,9.635962166078178e-189,-0.015570914040842753,0.05098942184181974,True
mp3_64,spectral_rolloff85_median,spectral,412.51175917215426,412.43826434619,-0.0005052641139472976,-0.8531355590422874,0.39361159832229276,-0.0001781641961231335,0.0005052641139472976,False
mp3_64,spectral_rolloff85_iqr,spectral,520.4221122832953,517.8791913049321,-0.004433663500749159,-6.409901234626454,1.5450108587416507e-10,-0.00488626620265312,0.004433663500749159,True
mp3_64,spectral_rolloff85_skew,spectral,3.727684625374601,3.7089675423711745,-0.010003391287574683,-4.854145462942837,1.233707574555465e-06,-0.005021101537404211,0.010003391287574683,True
mp3_64,spectral_rolloff85_kurt,spectral,19.261652272165243,19.09325664248152,-0.007743057127189948,-2.7186224294811865,0.0065706367745118404,-0.00874253295118761,0.007743057127189948,False
mp3_64,spectral_rolloff95_mean,spectral,1185.7332808016208,1175.8933545283348,-0.02004911327671329,-43.962635624770826,0.0,-0.008298600058382144,0.02004911327671329,True
mp3_64,spectral_rolloff95_std,spectral,1387.0924578004906,1362.4639782742634,-0.042389233482244174,-59.93795640996686,0.0,-0.017755470724194235,0.042389233482244174,True
mp3_64,spectral_rolloff95_min,spectral,220.39628410159924,225.91049590108855,0.1184482396103803,13.407313109829708,1.6141192102863934e-40,0.025019531622172686,0.1184482396103803,True
mp3_64,spectral_rolloff95_max,spectral,6592.023921515925,6450.040317161672,-0.11275753069043856,-51.55719790593064,0.0,-0.021538696771234198,0.11275753069043856,True
mp3_64,spectral_rolloff95_median,spectral,626.3439053890606,626.3502049455718,2.156375371298506e-05,0.03820547225728203,0.9695248828952745,1.0057663939856627e-05,2.156375371298506e-05,False
mp3_64,spectral_rolloff95_iqr,spectral,985.0270040989114,981.2126226313668,-0.003987508926775073,-6.219585971282909,5.254283629750265e-10,-0.0038723623328824276,0.003987508926775073,True
mp3_64,spectral_rolloff95_skew,spectral,2.7699408446898173,2.7499359234229934,-0.015375258213462823,-8.690110738354582,4.402079070430733e-18,-0.007222147471190503,0.015375258213462823,True
mp3_64,spectral_rolloff95_kurt,spectral,9.720421966589983,9.619748087439813,-0.009254502228002328,-3.098163314507745,0.0019544985445688026,-0.010356945356507745,0.009254502228002328,False
mp3_64,spectral_flatness_mean,spectral,0.018858878473348058,0.006617701911837896,-1.0223191262920743,-133.04809157771263,0.0,-0.6490935597686662,1.0223191262920743,True
mp3_64,spectral_flatness_std,spectral,0.03348606317079628,0.012256163811731708,-0.918088687241996,-129.7595237626225,0.0,-0.6339920954810686,0.918088687241996,True
mp3_64,spectral_flatness_min,spectral,0.0007474449663231525,0.00027198604251198015,-0.932927650689344,-122.08135858782964,0.0,-0.6361122828213831,0.932927650689344,True
mp3_64,spectral_flatness_max,spectral,0.22665454648903718,0.09412926193622091,-0.8453604868314653,-144.27609318155118,0.0,-0.5847016378258543,0.8453604868314653,True
mp3_64,spectral_flatness_median,spectral,0.007380955879861058,0.002725446461384028,-1.5450141156772044,-209.30035751351238,0.0,-0.6307461383395597,1.5450141156772044,True
mp3_64,spectral_flatness_iqr,spectral,0.012879556728581872,0.004592120397257652,-0.5581854940369317,-71.69814118684172,0.0,-0.6434566426446202,0.5581854940369317,True
mp3_64,spectral_flatness_skew,spectral,4.020212785968584,4.244546717326038,0.1411720023148202,13.441281089340572,1.0316236921536097e-40,0.05580150686063884,0.1411720023148202,True
mp3_64,spectral_flatness_kurt,spectral,21.647649224310648,26.364757058502114,0.25534420759220444,16.723567284412898,1.168107671340995e-61,0.2179039296744554,0.25534420759220444,True
mp3_64,spectral_zcr_mean,spectral,0.08170194466667564,0.08141149944766275,-0.009670520413428245,-17.279230424109894,1.2722870724004361e-65,-0.003554936424069688,0.009670520413428245,True
mp3_64,spectral_zcr_std,spectral,0.07076774406525582,0.07021165278536368,-0.012240615442456077,-14.050691127421763,2.799165804958414e-44,-0.007857976642287297,0.012240615442456077,True
mp3_64,spectral_zcr_min,spectral,0.014834699637145548,0.01518109125117592,0.06890944414020907,8.508720586753011,2.1050498104279623e-17,0.02335009285681925,0.06890944414020907,True
mp3_64,spectral_zcr_max,spectral,0.4201488375218385,0.41855194194328715,-0.008869182067934847,-4.058885120797433,4.981258003968678e-05,-0.0038007854263511012,0.008869182067934847,True
mp3_64,spectral_zcr_median,spectral,0.059303353043945704,0.05913956457465395,-0.010976872459608449,-8.608799560601144,8.912402307707215e-18,-0.002761875355856923,0.010976872459608449,True
mp3_64,spectral_zcr_iqr,spectral,0.05034353581507862,0.05076720198897997,0.011947727224551818,11.530579363804474,1.6787761140459973e-30,0.008415502944758612,0.011947727224551818,True
mp3_64,spectral_zcr_skew,spectral,2.666170051647696,2.6652792279593944,-0.0007540191968857344,-0.2161903371915917,0.8288453121245624,-0.0003341211066980116,0.0007540191968857344,False
mp3_64,spectral_zcr_kurt,spectral,10.1625689340023,10.103724123802678,-0.006683588819037081,-1.6634764277244036,0.09625922210411744,-0.005790347950579365,0.006683588819037081,False
mp3_64,spectral_rms_mean,spectral,0.025080431255209472,0.023809315356021696,-0.2125428194764988,-364.0417528167108,0.0,-0.05068158064163079,0.2125428194764988,True
mp3_64,spectral_rms_std,spectral,0.02330374379100816,0.022135984145973977,-0.4178326474776752,-720.042694769547,0.0,-0.05011038807784901,0.4178326474776752,True
mp3_64,spectral_rms_min,spectral,0.002668155101517657,0.002404109314097245,-0.09242787009012805,-24.027307396750754,6.324710853553718e-123,-0.09896193338618946,0.09242787009012805,True
mp3_64,spectral_rms_max,spectral,0.12273789506153768,0.11660042833879804,-0.2337633906531513,-394.4968499676115,0.0,-0.05000466009020661,0.2337633906531513,True
mp3_64,spectral_rms_median,spectral,0.014998728734104388,0.014230615749180962,-0.09722968631493677,-163.7241995618356,0.0,-0.05121187258869986,0.09722968631493677,True
mp3_64,spectral_rms_iqr,spectral,0.024340358772397416,0.023090214537616845,-0.17179483174550425,-277.63872857448575,0.0,-0.05136096170440457,0.17179483174550425,True
mp3_64,spectral_rms_skew,spectral,1.7884620519440027,1.7900730818764599,0.002559849982947661,14.759309998442282,1.2991751351385322e-48,0.000900790671351438,0.002559849982947661,True
mp3_64,spectral_rms_kurt,spectral,3.5111806865246713,3.5185827015875857,0.0021055674055509787,12.485634246808214,2.0217590491696847e-35,0.0021081270728453495,0.0021055674055509787,True
mp3_64,spectral_flux_mean,spectral,4.588783633641527,4.35504859728414,-0.17959548499853914,-304.4326941623176,0.0,-0.05093616413809889,0.17959548499853914,True
mp3_64,spectral_flux_std,spectral,3.818774145879517,3.6258474687643334,-0.25639332758821315,-421.77042910160867,0.0,-0.050520578003638315,0.25639332758821315,True
mp3_64,spectral_flux_min,spectral,0.8339992713795452,0.792104679903458,-0.06120838595578514,-99.45179676600797,0.0,-0.05023336699897592,0.06120838595578514,True
mp3_64,spectral_flux_max,spectral,22.83219048618357,21.68598180354851,-0.1867060852513859,-303.67960450314814,0.0,-0.05020143307444215,0.1867060852513859,True
mp3_64,spectral_flux_median,spectral,3.1440280320541127,2.982617103273294,-0.09765842891492436,-163.4081156626201,0.0,-0.05133889619786967,0.09765842891492436,True
mp3_64,spectral_flux_iqr,spectral,3.9245545567093303,3.7200504793506277,-0.21077613093120115,-258.9926197971965,0.0,-0.05210886341459746,0.21077613093120115,True
mp3_64,spectral_flux_skew,spectral,1.8913005912642662,1.8939597706935893,0.004175605648445958,16.764327420865584,6.037196595739897e-62,0.0014060057093016496,0.004175605648445958,True
mp3_64,spectral_flux_kurt,spectral,4.595607968526402,4.60850646557355,0.003192700062251946,11.87779720393775,3.0165301683623284e-32,0.002806700905622122,0.003192700062251946,True
mp3_64,spectral_entropy_mean,spectral,0.4553076323734261,0.4547656855307271,-0.019720043590587117,-33.56582489466128,3.961153080699564e-230,-0.0011902871908250755,0.019720043590587117,True
mp3_64,spectral_entropy_std,spectral,0.09357175291325517,0.09242401076653896,-0.04689550128279741,-59.66138276620978,0.0,-0.012265904089455494,0.04689550128279741,True
mp3_64,spectral_entropy_min,spectral,0.2614628126253237,0.2676795312131461,0.12221706303933737,13.272080566224403,9.491540063227731e-40,0.02377668367214773,0.12221706303933737,True
mp3_64,spectral_entropy_max,spectral,0.7645829943728544,0.7583815841543213,-0.07891455556932311,-31.550577698175807,3.634760378141931e-205,-0.008110839848876996,0.07891455556932311,True
mp3_64,spectral_entropy_median,spectral,0.4394673509828445,0.43928243356259883,-0.008027841659918428,-19.74302706106123,1.3121507406305498e-84,-0.00042077624158454695,0.008027841659918428,True
mp3_64,spectral_entropy_iqr,spectral,0.11085927974484291,0.11056513830163413,-0.007812696252095706,-12.456535812802162,2.891232252178647e-35,-0.0026532866160216065,0.007812696252095706,True
mp3_64,spectral_entropy_skew,spectral,0.783395645980392,0.7838341382388988,0.001009479102682128,0.1867358711381733,0.8518728211132145,0.0005597328256248176,0.001009479102682128,False
mp3_64,spectral_entropy_kurt,spectral,1.095921857871836,0.9943928269890475,-0.06533023571348887,-23.187581814174273,6.6771580120699305e-115,-0.09264258227310752,0.06533023571348887,True
mp3_64,spectral_slope_mean,spectral,-9.18098808095238e-05,-8.844198087858428e-05,0.12791371885702932,170.00851067428832,0.0,0.0366834146961463,0.12791371885702932,True
mp3_64,spectral_slope_std,spectral,8.94791171791807e-05,8.48709453674433e-05,-0.3550487119209436,-299.15675816276075,0.0,-0.05149996956842564,0.3550487119209436,True
mp3_64,spectral_slope_min,spectral,-0.0004364055378561872,-0.0004166581552770616,0.19783689197680504,325.5934669779152,0.0,0.045250073305974345,0.19783689197680504,True
mp3_64,spectral_slope_max,spectral,1.529144480079586e-05,6.225605657929563e-06,-0.20847329737324474,-49.79797871589844,0.0,-0.5928700172526834,0.20847329737324474,True
mp3_64,spectral_slope_median,spectral,-5.258355102009808e-05,-5.074589894671363e-05,0.061469982293984544,113.8429212592843,0.0,0.0349472798571949,0.061469982293984544,True
mp3_64,spectral_slope_iqr,spectral,9.380009545390365e-05,8.9484165145563e-05,-0.1487541206471171,-200.93532162080842,0.0,-0.04601200337223159,0.1487541206471171,True
mp3_64,spectral_slope_skew,spectral,-1.5951580481602294,-1.6274897227507914,-0.057177334612927115,-29.11122520842835,1.5263463229904889e-176,-0.020268633962541582,0.057177334612927115,True
mp3_64,spectral_slope_kurt,spectral,2.5442185197457055,2.599426062039772,0.02085024694265201,23.80047315765557,9.8292297595158e-121,0.021699214067345252,0.02085024694265201,True
mp3_64,spectral_band_0_500_mean,spectral,0.7693535329643189,0.769817767998841,0.004530818270623213,46.42891609656155,0.0,0.0006034092450755384,0.004530818270623213,True
mp3_64,spectral_band_0_500_std,spectral,0.25973851718990315,0.2593082435025436,-0.005906555042086936,-34.365112170313644,2.4078730187682046e-240,-0.001656564809927487,0.005906555042086936,True
mp3_64,spectral_band_500_1000_mean,spectral,0.1471983119298208,0.14727054650782856,0.0011048118195850303,25.760878951723694,2.9749506229401812e-140,0.0004907296630018157,0.0011048118195850303,True
mp3_64,spectral_band_500_1000_std,spectral,0.19953377924927693,0.19949409116141403,-0.00063703479618258,-14.63935660357394,7.264924388644728e-48,-0.0001989041054212248,0.00063703479618258,True
mp3_64,spectral_band_1000_2000_mean,spectral,0.03672035008978666,0.03681923607070913,0.002953605608156747,36.09011724543889,5.579646676685887e-263,0.002692947662009687,0.002953605608156747,True
mp3_64,spectral_band_1000_2000_std,spectral,0.0707253967824291,0.07078079726597877,0.0010280120232545199,9.49773493688237,2.8303467285492993e-21,0.0007833181017011027,0.0010280120232545199,True
mp3_64,spectral_band_2000_3000_mean,spectral,0.011943167673330904,0.012048110527573357,0.008018781333241359,38.430744106721576,6.425365018020356e-295,0.008786852626777607,0.008018781333241359,True
mp3_64,spectral_band_2000_3000_std,spectral,0.026015926215873373,0.026177554286840907,0.0060117834122530005,16.259350305142473,1.9351207057313277e-58,0.006212658723982641,0.0060117834122530005,True
mp3_64,spectral_band_3000_4000_mean,spectral,0.007921231796358038,0.008045377204489683,0.016347293755055895,39.6563250296241,0.0,0.015672487729588253,0.016347293755055895,True
mp3_64,spectral_band_3000_4000_std,spectral,0.019623979879824897,0.0199058674010532,0.015078999772249132,28.080684221643814,5.350371629815902e-165,0.014364442022186626,0.015078999772249132,True
mp3_64,spectral_band_4000_5000_mean,spectral,0.005698215615865969,0.005864136305087764,0.022687140818160294,36.57297172876932,1.8663958994859638e-269,0.02911800823398287,0.022687140818160294,True
mp3_64,spectral_band_4000_5000_std,spectral,0.016345645297372178,0.016807560749039753,0.024295698440027654,36.34828408480777,1.957813730099338e-266,0.028259236222496237,0.024295698440027654,True
mp3_64,spectral_band_5000_6000_mean,spectral,0.006691287152336642,0.0069209233272031455,0.02556392931473145,39.868808165423836,0.0,0.03431868482677698,0.02556392931473145,True
mp3_64,spectral_band_5000_6000_std,spectral,0.02089955002555576,0.021604263946595547,0.03181618443669519,45.9054213154205,0.0,0.03371909539574162,0.03181618443669519,True
mp3_64,spectral_band_6000_8000_mean,spectral,0.014231293230456552,0.013183053869720369,-0.04939075436797994,-49.501977930989355,0.0,-0.07365735100537697,0.04939075436797994,True
mp3_64,spectral_band_6000_8000_std,spectral,0.04409968191848519,0.041381843132873505,-0.0557702228738774,-55.71942786177625,0.0,-0.06162944192285557,0.0557702228738774,True
mp3_64,spectral_hf_ratio_4000_mean,spectral,0.02664336027191596,0.02596812800259852,-0.02029768801555634,-44.55830333974771,0.0,-0.025343359937567075,0.02029768801555634,True
mp3_64,spectral_hf_ratio_4000_std,spectral,0.07543539327386911,0.07381503929233937,-0.023225002390643856,-43.785486529686985,0.0,-0.02148002298665061,0.023225002390643856,True
mp3_64,spectral_hf_ratio_6000_mean,spectral,0.014253857528220174,0.013183068731299836,-0.05036693689878897,-49.37417805320576,0.0,-0.07512273746249824,0.05036693689878897,True
mp3_64,spectral_hf_ratio_6000_std,spectral,0.04415820957764447,0.04138185245482141,-0.05688046639482908,-55.70129170626213,0.0,-0.06287295498114162,0.05688046639482908,True
mp3_64,spectral_contrast_0_mean,spectral,8.487300525645809,8.48407123632132,-0.0018271446108231826,-3.2706837217218974,0.0010777615807947745,-0.0003804848567257773,0.0018271446108231826,False
mp3_64,spectral_contrast_0_std,spectral,4.467314096583467,4.462816142805019,-0.006630448982621125,-1.4667544399019417,0.14248513320380546,-0.001006858636129467,0.006630448982621125,False
mp3_64,spectral_contrast_1_mean,spectral,8.511870109191422,8.50939905005438,-0.002465916068396007,-7.474730957103369,8.61920660217626e-14,-0.0002903074301349455,0.002465916068396007,True
mp3_64,spectral_contrast_1_std,spectral,3.6124479245208554,3.6108260732359976,-0.003525690758375956,-2.1811786433573186,0.029201409564779107,-0.00044896184491654065,0.003525690758375956,False
mp3_64,spectral_contrast_2_mean,spectral,12.549798228221995,12.545263183827004,-0.003845922821245925,-6.218984552142504,5.274355409572165e-10,-0.00036136392892700104,0.003845922821245925,True
mp3_64,spectral_contrast_2_std,spectral,4.291795970110948,4.288503507616389,-0.004635532826653707,-2.587550363693953,0.0096848870447561,-0.0007671526133785818,0.004635532826653707,False
mp3_64,spectral_contrast_3_mean,spectral,14.052696176196482,14.017458681904367,-0.03119937394366326,-21.96403874008063,1.183686662004177e-103,-0.002507525520391107,0.03119937394366326,True
mp3_64,spectral_contrast_3_std,spectral,4.3823284936778615,4.351791830419246,-0.039354381767595974,-14.523595075628009,3.7779933756862944e-47,-0.006968136528941002,0.039354381767595974,True
mp3_64,spectral_contrast_4_mean,spectral,15.922925921936981,15.80295465599518,-0.10522736605069859,-42.252892417245334,0.0,-0.007534498780561264,0.10522736605069859,True
mp3_64,spectral_contrast_4_std,spectral,4.130585546320781,4.049597655229287,-0.14028184606332691,-26.893089572847597,4.118630039569057e-152,-0.019606879020731435,0.14028184606332691,True
mp3_64,spectral_contrast_5_mean,spectral,16.29696466759332,16.1793645221605,-0.08355440914338451,-42.228283278364195,0.0,-0.0072160766026980695,0.08355440914338451,True
mp3_64,spectral_contrast_5_std,spectral,3.568230460609731,3.49100650982034,-0.0660336660329499,-24.574091312338293,2.791462406419297e-128,-0.02164208608212906,0.0660336660329499,True
mp3_64,spectral_contrast_6_mean,spectral,16.375835292612727,46.538031115753405,37.677545670706444,2692.2994409027833,0.0,1.8418722028028145,37.677545670706444,True
mp3_64,spectral_contrast_6_std,spectral,3.9310929259120058,5.08519914779173,1.9991708111849855,154.87331217002873,0.0,0.29358406011528565,1.9991708111849855,True
mp3_64,mfcc_00_mean,mfcc,-232.57030899708263,-235.8206697777648,-0.12891165684534212,-1228.205119120553,0.0,-0.013975820020615549,0.12891165684534212,True
mp3_64,mfcc_00_std,mfcc,54.649420241193994,54.72997914983789,0.004045058986763733,22.11529111105543,5.145612360939912e-105,0.0014741036279680428,0.004045058986763733,True
mp3_64,mfcc_00_min,mfcc,-335.2041861020562,-341.1866999481205,-0.11070618501181499,-27.656207087616163,2.433465242918856e-160,-0.01784737212154884,0.11070618501181499,True
mp3_64,mfcc_00_max,mfcc,-114.76391744081764,-118.06660874013923,-0.16774504022505723,-479.09694389849477,0.0,-0.028778133170861413,0.16774504022505723,True
mp3_64,mfcc_00_median,mfcc,-240.27150874579405,-243.4483871008821,-0.10598346865604165,-437.5600713559499,0.0,-0.01322203523701662,0.10598346865604165,True
mp3_64,mfcc_00_iqr,mfcc,96.44749551421131,96.59566293866897,0.003371281226172556,19.996627824855914,1.0829746743041595e-86,0.0015362495798122795,0.003371281226172556,True
mp3_64,mfcc_00_skew,mfcc,0.40367540659194995,0.39231577350565416,-0.025098204916019932,-8.005044660534333,1.3756924624084212e-15,-0.028140513146936698,0.025098204916019932,True
mp3_64,mfcc_00_kurt,mfcc,-0.6426130788667378,-0.6076326363875766,0.023389133002602133,3.6754589543766003,0.0002390926396048588,0.0544346880409748,0.023389133002602133,False
mp3_64,mfcc_01_mean,mfcc,60.16657194438453,60.88143181020719,0.0963082616006069,264.022842832009,0.0,0.011881346114973062,0.0963082616006069,True
mp3_64,mfcc_01_std,mfcc,17.793638392294596,17.735919544017218,-0.01300361323629423,-38.00100183600624,5.9431729378502165e-289,-0.003243791236219188,0.01300361323629423,True
mp3_64,mfcc_01_min,mfcc,5.29331604451664,5.987351725390863,0.0413442129116081,29.886948982243585,1.888959064300798e-185,0.1311154813046118,0.0413442129116081,True
mp3_64,mfcc_01_max,mfcc,97.23062635374845,97.87630681090579,0.06842354748155376,58.127489854097554,0.0,0.006640710662586899,0.06842354748155376,True
mp3_64,mfcc_01_median,mfcc,59.72670034304243,60.49091500637432,0.14309517988463896,173.3144025888594,0.0,0.012795193086887396,0.14309517988463896,True
mp3_64,mfcc_01_iqr,mfcc,20.635167266729457,20.514305041628074,-0.015722419009191684,-20.52568914456177,4.092827187878735e-91,-0.005857099365327289,0.015722419009191684,True
mp3_64,mfcc_01_skew,mfcc,-0.4500619617035882,-0.4575789358389875,-0.012160234516513166,-18.989454398560945,1.471469959831824e-78,-0.016702087212493662,0.012160234516513166,True
mp3_64,mfcc_01_kurt,mfcc,0.923285359228895,0.9419621055953131,0.011930119997627739,15.136690659068389,5.3047869282401954e-51,0.020228574166947146,0.011930119997627739,True
mp3_64,mfcc_02_mean,mfcc,19.908221298556434,19.029953776600177,-0.12486859064756878,-351.94824471982963,0.0,-0.0441158207348208,0.12486859064756878,True
mp3_64,mfcc_02_std,mfcc,15.459048571538762,15.401470272438445,-0.012535506994066048,-42.41409794031047,0.0,-0.003724569389498081,0.012535506994066048,True
mp3_64,mfcc_02_min,mfcc,-23.868052795521354,-24.59196205573559,-0.04547850753376359,-81.19822039028281,0.0,-0.030329632099275004,0.04547850753376359,True
mp3_64,mfcc_02_max,mfcc,48.59164026145284,47.587423636794426,-0.1401115491094619,-96.96622340282892,0.0,-0.020666448369618933,0.1401115491094619,True
mp3_64,mfcc_02_median,mfcc,23.802444957345905,22.880107626034565,-0.13471880034720918,-219.33791550187817,0.0,-0.038749688654429106,0.13471880034720918,True
mp3_64,mfcc_02_iqr,mfcc,20.682857482026105,20.63855588766802,-0.004769257478988936,-7.7702076648020455,8.886553321395633e-15,-0.0021419474749359213,0.004769257478988936,True
mp3_64,mfcc_02_skew,mfcc,-0.7659894303064093,-0.7639210738602626,0.005162760584426887,8.216723183382763,2.4462626337024667e-16,0.0027002414972218214,0.005162760584426887,True
mp3_64,mfcc_02_kurt,mfcc,0.26381361972885536,0.2620326367038844,-0.0017085188071484562,-2.909933219070284,0.003625775645046155,-0.006750913871700247,0.0017085188071484562,False
mp3_64,mfcc_03_mean,mfcc,15.448066008699366,16.34349203900825,0.2229308148550763,366.58766322027645,0.0,0.05796363310492316,0.2229308148550763,True
mp3_64,mfcc_03_std,mfcc,11.427590444690074,11.430637847469539,0.0010514953230749383,2.668983250264566,0.007624634882123371,0.000266670633167586,0.0010514953230749383,False
mp3_64,mfcc_03_min,mfcc,-15.9039831824837,-15.08425954198511,0.09235737227859847,102.72637575993568,0.0,0.051542033910185144,0.09235737227859847,True
mp3_64,mfcc_03_max,mfcc,44.45800556141336,45.34926998101004,0.09325684698610485,91.54005426626836,0.0,0.020047332495955236,0.09325684698610485,True
mp3_64,mfcc_03_median,mfcc,16.649511114075256,17.547482518375343,0.28685551630628037,233.92116607436748,0.0,0.05393380010665627,0.28685551630628037,True
mp3_64,mfcc_03_iqr,mfcc,13.106738471226437,13.11807130864049,0.0023736508788687544,2.2868583951906,0.022232045834909002,0.0008646573240880249,0.0023736508788687544,False
mp3_64,mfcc_03_skew,mfcc,-0.27863215430017524,-0.284486756997107,-0.009956416953383822,-15.149769296377798,4.3738701373385194e-51,-0.021011942112842123,0.009956416953383822,True
mp3_64,mfcc_03_kurt,mfcc,0.5675497006257167,0.5664095111117922,-0.0012513626552445286,-1.3609825524641186,0.17356042442828537,-0.002008968576086884,0.0012513626552445286,False
mp3_64,mfcc_04_mean,mfcc,3.7322737033865425,2.82665796840546,-0.1936767127190514,-394.2453108981122,0.0,-0.24264451295717052,0.1936767127190514,True
mp3_64,mfcc_04_std,mfcc,10.95734263625844,10.970666251654219,0.003790268185953974,10.56000919565953,6.957408114539925e-26,0.0012159531592714796,0.003790268185953974,True
mp3_64,mfcc_04_min,mfcc,-29.49284161677557,-30.44337372267347,-0.07825222960199936,-106.28991089931996,0.0,-0.03222924797308223,0.07825222960199936,True
mp3_64,mfcc_04_max,mfcc,24.317287404055623,23.473006157092616,-0.18976543445625796,-96.88108529588405,0.0,-0.03471938431842518,0.18976543445625796,True
mp3_64,mfcc_04_median,mfcc,6.5146711693125186,5.583252890440531,-0.23754415707412907,-255.2259281220973,0.0,-0.14297241636069843,0.23754415707412907,True
mp3_64,mfcc_04_iqr,mfcc,13.88488369665124,13.92364252725309,0.006214698717744231,7.666193113838654,1.9963756936405325e-14,0.002791440781833693,0.006214698717744231,True
mp3_64,mfcc_04_skew,mfcc,-0.8595793116964991,-0.8532133429075062,0.015982067932188516,18.58157114033309,2.2578061069933024e-75,0.007405912057642312,0.015982067932188516,True
mp3_64,mfcc_04_kurt,mfcc,0.5969079590029862,0.5918056363639874,-0.0043472730081756585,-5.002275691562164,5.795519121667733e-07,-0.008547921940128236,0.0043472730081756585,True
mp3_64,mfcc_05_mean,mfcc,2.27544297074246,3.187879783033972,0.2885040854635215,422.2522423783923,0.0,0.4009930479575107,0.2885040854635215,True
mp3_64,mfcc_05_std,mfcc,8.251713305039285,8.228360425776254,-0.012280862801291767,-17.827807439728964,1.1911451881090246e-69,-0.0028300643029817592,0.012280862801291767,True
mp3_64,mfcc_05_min,mfcc,-22.14853938837283,-21.209828162917027,0.12527884894109317,111.79850532669658,0.0,0.04238253408026491,0.12527884894109317,True
mp3_64,mfcc_05_max,mfcc,20.40958480722176,21.30345502916707,0.20984922152714983,104.0347570346104,0.0,0.04379659019957238,0.20984922152714983,True
mp3_64,mfcc_05_median,mfcc,3.699178971040795,4.595409780951258,0.3152992177256238,269.08266577733787,0.0,0.2422783047067066,0.3152992177256238,True
mp3_64,mfcc_05_iqr,mfcc,10.910918315307324,10.866358971903734,-0.012716419196852843,-9.759572511791612,2.285473018378285e-22,-0.004083922371692184,0.012716419196852843,True
mp3_64,mfcc_05_skew,mfcc,-0.5700763518854828,-0.568761989138151,0.0035431104775707706,3.179197486803099,0.0014828873509570165,0.0023055907212860415,0.0035431104775707706,False
mp3_64,mfcc_05_kurt,mfcc,0.2299524123823442,0.2274149449646342,-0.0030642367524792795,-2.4774266208953515,0.013255402414044026,-0.011034750152961736,0.0030642367524792795,False
mp3_64,mfcc_06_mean,mfcc,-0.5228687460765672,-1.4339857632708082,-0.3965658115568175,-436.0475462106185,0.0,-1.742534859906926,0.3965658115568175,True
mp3_64,mfcc_06_std,mfcc,7.126740410609265,7.165968403838637,0.029311372756228016,34.86106166599392,9.017517081851184e-247,0.005504338725593961,0.029311372756228016,True
mp3_64,mfcc_06_min,mfcc,-22.25809270145912,-23.302420227041555,-0.16963889116138955,-115.07780270627693,0.0,-0.04691900333014495,0.16963889116138955,True
mp3_64,mfcc_06_max,mfcc,16.40492892396689,15.564559787980428,-0.1859591362636157,-104.24014456769608,0.0,-0.05122662462491486,0.1859591362636157,True
mp3_64,mfcc_06_median,mfcc,0.39429299580897026,-0.5099409285402348,-0.47025845483646533,-276.84990932180176,0.0,-2.293304557677952,0.47025845483646533,True
mp3_64,mfcc_06_iqr,mfcc,9.078711615636932,9.140188493399513,0.027506867772416427,15.12678642558801,6.138821064478098e-51,0.006771542082765957,0.027506867772416427,True
mp3_64,mfcc_06_skew,mfcc,-0.4738580282552421,-0.4727338729916041,0.0026424196731103136,2.3266526422569416,0.020010473539306566,0.0023723461387310154,0.0026424196731103136,False
mp3_64,mfcc_06_kurt,mfcc,0.3725700786791473,0.36906642921792465,-0.0044748612616541126,-3.001164573151102,0.0026984132068464434,-0.00940400118453948,0.0044748612616541126,False
mp3_64,mfcc_07_mean,mfcc,-1.5869632393684958,-0.677329649903922,0.32691704275948547,445.3950455613018,0.0,0.5731913423694343,0.32691704275948547,True
mp3_64,mfcc_07_std,mfcc,6.958412412989599,6.925123078700122,-0.022419939079679586,-24.604175067321254,1.4067783959912062e-128,-0.00478404157639954,0.022419939079679586,True
mp3_64,mfcc_07_min,mfcc,-22.923088731664496,-21.904908737689638,0.1601470882391837,119.71850392998083,0.0,0.04441722517822866,0.1601470882391837,True
mp3_64,mfcc_07_max,mfcc,13.624869962386459,14.54299082350401,0.27411864694096916,114.3459315555106,0.0,0.06738566046150635,0.27411864694096916,True
mp3_64,mfcc_07_median,mfcc,-0.5326856688241227,0.35437959775567945,0.339659140925082,282.6568436438543,0.0,1.6652696299075493,0.339659140925082,True
mp3_64,mfcc_07_iqr,mfcc,9.231024600821387,9.178268788758018,-0.019473996088245297,-11.997310830492676,7.367793042019598e-33,-0.0057150548660302135,0.019473996088245297,True
mp3_64,mfcc_07_skew,mfcc,-0.5678940338208495,-0.5588416881806477,0.027024293421143347,20.03263640678168,5.456029148400485e-87,0.01594020204666816,0.027024293421143347,True
mp3_64,mfcc_07_kurt,mfcc,0.25189529761787705,0.24224021647726202,-0.012469489725956656,-7.858393321959392,4.4379344941604365e-15,-0.038329739506537765,0.012469489725956656,True
mp3_64,mfcc_08_mean,mfcc,-0.7934494833567001,-1.6881645612140872,-0.532065721840357,-432.1856785394165,0.0,-1.1276270217888118,0.532065721840357,True
mp3_64,mfcc_08_std,mfcc,5.67288838008245,5.697188859374225,0.024142261849239562,26.200185740852397,8.36181824846094e-145,0.004283616680542072,0.024142261849239562,True
mp3_64,mfcc_08_min,mfcc,-17.88672795191261,-18.86733406401661,-0.20544932431608476,-115.52562959803019,0.0,-0.054823113245770785,0.20544932431608476,True
mp3_64,mfcc_08_max,mfcc,14.70344309434505,13.805731683052318,-0.22357900223475902,-112.47158507822175,0.0,-0.06105450305296117,0.22357900223475902,True
mp3_64,mfcc_08_median,mfcc,-0.5393774310919758,-1.4227766457556577,-0.6408469458657102,-293.0654341897281,0.0,-1.6378127146981847,0.6408469458657102,True
mp3_64,mfcc_08_iqr,mfcc,7.108354348153189,7.1592841735293264,0.03519083436944382,14.631693771364446,8.105745784440903e-48,0.007164784263937154,0.03519083436944382,True
mp3_64,mfcc_08_skew,mfcc,-0.18225319906023818,-0.18760498650884763,-0.012949319733907337,-8.679900561786,4.8114424216552704e-18,-0.02936457344071411,0.012949319733907337,True
mp3_64,mfcc_08_kurt,mfcc,0.4299831852846007,0.4189042902645995,-0.017270352459921225,-8.14338790646491,4.471555161609039e-16,-0.025765879688221326,0.017270352459921225,True
mp3_64,mfcc_09_mean,mfcc,0.09481104001417891,0.9691647061047013,0.46541386700144777,422.2482567015733,0.0,9.222065974170977,0.46541386700144777,True
mp3_64,mfcc_09_std,mfcc,5.453465199259565,5.417284208660052,-0.03576181731997628,-34.8064551958889,4.633699966831703e-246,-0.006634495550540037,0.03576181731997628,True
mp3_64,mfcc_09_min,mfcc,-16.497228786487476,-15.45169827451374,0.2085427886539799,120.69071233511681,0.0,0.06337612974308189,0.2085427886539799,True
mp3_64,mfcc_09_max,mfcc,14.864465673129063,15.706261990868489,0.2113336331426083,108.95838354800371,0.0,0.05663145492415288,0.2113336331426083,True
mp3_64,mfcc_09_median,mfcc,0.36566232998192433,1.2176352759381135,0.5400120752235384,285.3918385380547,0.0,2.3299445310604034,0.5400120752235384,True
mp3_64,mfcc_09_iqr,mfcc,6.829150524966648,6.799792756154337,-0.021145271668204534,-8.642296715677693,6.670042030395048e-18,-0.004298890279981661,0.021145271668204534,True
mp3_64,mfcc_09_skew,mfcc,-0.20675737511389178,-0.19341184096002037,0.03159211057848957,21.00191137874792,3.495576349877445e-95,0.064546834890509,0.03159211057848957,True
mp3_64,mfcc_09_kurt,mfcc,0.4446468598908722,0.42349075024518246,-0.030727344018591004,-14.582416569287378,1.6371623141418995e-47,-0.047579577309692485,0.030727344018591004,True
mp3_64,mfcc_10_mean,mfcc,-1.0237147295672702,-1.8760664429330347,-0.4773926550946669,-411.9909606670293,0.0,-0.8326066713195172,0.4773926550946669,True
mp3_64,mfcc_10_std,mfcc,5.021748270920103,5.039026665232824,0.018077816791070348,18.994504280485636,1.3425047910992706e-78,0.003440712951060659,0.018077816791070348,True
mp3_64,mfcc_10_min,mfcc,-15.660272312779497,-16.558947088833442,-0.2030461678772913,-108.53733901110243,0.0,-0.05738564171202724,0.2030461678772913,True
mp3_64,mfcc_10_max,mfcc,13.005106517823533,12.180035535918499,-0.2018684686239704,-110.35463799080111,0.0,-0.06344207798484941,0.2018684686239704,True
mp3_64,mfcc_10_median,mfcc,-0.8744786400909921,-1.7205123691695072,-0.5630790671837076,-292.60573009898013,0.0,-0.9674721488800262,0.5630790671837076,True
mp3_64,mfcc_10_iqr,mfcc,6.452512291490735,6.49174065633069,0.02989578350031816,12.257447220221596,3.271794816929503e-34,0.006079549029559799,0.02989578350031816,True
mp3_64,mfcc_10_skew,mfcc,-0.09622503333952097,-0.09646673552831761,-0.0006187573631579774,-0.39244343458823727,0.6947418405023967,-0.002511843128635955,0.0006187573631579774,False
mp3_64,mfcc_10_kurt,mfcc,0.29514390553543896,0.2881371111179838,-0.011689350707510612,-5.045554799167483,4.6291838909540677e-07,-0.023740264616827177,0.011689350707510612,True
mp3_64,mfcc_11_mean,mfcc,0.27041779017296613,1.1028543803362396,0.4905823844875145,409.79831579278795,0.0,3.0783351555044725,0.4905823844875145,True
mp3_64,mfcc_11_std,mfcc,4.809509036834139,4.799147957698749,-0.010358443248139814,-11.79720972381984,7.744747709834372e-32,-0.002154290397634766,0.010358443248139814,True
mp3_64,mfcc_11_min,mfcc,-13.661960875630747,-12.740396015971855,0.20525381219766722,116.95190537601731,0.0,0.06745480155068477,0.20525381219766722,True
mp3_64,mfcc_11_max,mfcc,13.970859632554866,14.817343670904371,0.2037671493330051,110.35958512069558,0.0,0.06058925940226541,0.2037671493330051,True
mp3_64,mfcc_11_median,mfcc,0.32651092954466343,1.143270789047468,0.5694811758822919,286.97212542464104,0.0,2.5014778544835203,0.5694811758822919,True
mp3_64,mfcc_11_iqr,mfcc,6.134643005931863,6.127265823298349,-0.005861678323145348,-2.3458634055968277,0.0190091753599905,-0.0012025447326568608,0.005861678323145348,False
mp3_64,mfcc_11_skew,mfcc,-0.03540516373431238,-0.024839677101870468,0.02688263207480999,15.83799753079058,1.368134446193229e-55,0.29841654487824126,0.02688263207480999,True
mp3_64,mfcc_11_kurt,mfcc,0.3140463220049161,0.30314427957256923,-0.017628564370270453,-7.6926634531363405,1.6263579976666723e-14,-0.03471475915637764,0.017628564370270453,True
mp3_64,mfcc_12_mean,mfcc,-1.7276071492641025,-2.5390183672307325,-0.5418357629360965,-409.70126176618237,0.0,-0.4696734545884818,0.5418357629360965,True
mp3_64,mfcc_12_std,mfcc,4.688958951585392,4.706113615363673,0.016672364368192874,20.28619678976142,4.2340598258713875e-89,0.0036585229163673323,0.016672364368192874,True
mp3_64,mfcc_12_min,mfcc,-15.18281220069673,-16.07738712836523,-0.2148791127701023,-114.89788597802654,0.0,-0.058920239270788655,0.2148791127701023,True
mp3_64,mfcc_12_max,mfcc,11.902021205933115,11.07151957401552,-0.1852568817006421,-109.67930281177529,0.0,-0.06977820132798901,0.1852568817006421,True
mp3_64,mfcc_12_median,mfcc,-1.6985554444777158,-2.494977440679777,-0.634592563942665,-286.7487018526316,0.0,-0.4688819542460982,0.634592563942665,True
mp3_64,mfcc_12_iqr,mfcc,5.939045012818372,5.976327519071982,0.03099354524864669,12.445366725365979,3.316060678168576e-35,0.006277525456221043,0.03099354524864669,True
mp3_64,mfcc_12_skew,mfcc,0.005274117070325734,-0.00475278462823329,-0.024160290529335535,-15.073035441695906,1.3538766058201152e-50,-1.901152660219534,0.024160290529335535,True
mp3_64,mfcc_12_kurt,mfcc,0.369211801614192,0.3573632653881381,-0.01695277414478182,-7.9259396750936295,2.5942443114151034e-15,-0.032091434169363296,0.01695277414478182,True
mp3_64,mfcc_13_mean,mfcc,-0.33015276454057835,0.4597199101231765,0.4995638631290958,411.0674049470938,0.0,2.3924460416464974,0.4995638631290958,True
mp3_64,mfcc_13_std,mfcc,4.592576183197079,4.6042093965381214,0.011421625967570518,14.29492004781272,9.463787571875908e-46,0.002533047439388156,0.011421625967570518,True
mp3_64,mfcc_13_min,mfcc,-13.384910055713425,-12.596529398629652,0.1815493181352474,114.65735087893417,0.0,0.058900706377720304,0.1815493181352474,True
mp3_64,mfcc_13_max,mfcc,12.963305360350361,13.826910940169519,0.19552304081714492,111.67856831228205,0.0,0.06661924222356025,0.19552304081714492,True
mp3_64,mfcc_13_median,mfcc,-0.37402438555020945,0.40110787804711734,0.5931470367756885,284.39334016847823,0.0,2.0724110339946598,0.5931470367756885,True
mp3_64,mfcc_13_iqr,mfcc,5.8372969337715395,5.854159829054694,0.014453936781512362,5.817736479218758,6.21226450187664e-09,0.002888819169981744,0.014453936781512362,True
mp3_64,mfcc_13_skew,mfcc,0.03339240035553463,0.04143978151901235,0.01938552782573272,12.571729303149533,6.983413581363223e-36,0.24099439027430986,0.01938552782573272,True
mp3_64,mfcc_13_kurt,mfcc,0.32798492937713514,0.3284181980536636,0.0006424797100340634,0.31048451550338774,0.7562012300302976,0.0013210017830736678,0.0006424797100340634,False
mp3_64,mfcc_14_mean,mfcc,-2.362983337396816,-3.1302367200516024,-0.502249262652384,-411.25057184980864,0.0,-0.324696907723451,0.502249262652384,True
mp3_64,mfcc_14_std,mfcc,4.438593298443306,4.438465097026425,-0.0001171053248373736,-0.16298934829250372,0.8705312480232431,-2.8883343947191133e-05,0.0001171053248373736,False
mp3_64,mfcc_14_min,mfcc,-15.221344985174982,-16.013640895515916,-0.18729401955724892,-111.59503956021646,0.0,-0.05205163611445643,0.18729401955724892,True
mp3_64,mfcc_14_max,mfcc,10.39929196043467,9.543677445605724,-0.18225976324549206,-112.72091554935213,0.0,-0.08227622785130302,0.18225976324549206,True
mp3_64,mfcc_14_median,mfcc,-2.3115852119028366,-3.067388714056228,-0.5836780106809427,-291.5130069770744,0.0,-0.3269632883363334,0.5836780106809427,True
mp3_64,mfcc_14_iqr,mfcc,5.636722449186396,5.65481404020735,0.015042788853542158,6.405186594911526,1.5932469676014876e-10,0.0032095940830944004,0.015042788853542158,True
mp3_64,mfcc_14_skew,mfcc,-0.034967367755033146,-0.04554742412833972,-0.02601609967144574,-16.169969787086035,7.887353148951983e-58,-0.3025694255119816,0.02601609967144574,True
mp3_64,mfcc_14_kurt,mfcc,0.33822159699902976,0.3199604924556854,-0.02517001660241703,-12.601843199944751,4.807082101019588e-36,-0.053991538995059284,0.02517001660241703,True
mp3_64,mfcc_15_mean,mfcc,-1.1255824356967263,-0.38006314773968414,0.5127524864573565,416.81415844040146,0.0,0.6623409039743694,0.5127524864573565,True
mp3_64,mfcc_15_std,mfcc,4.352679329762987,4.359711000056669,0.006345022602546527,9.227098404578065,3.5610757170444614e-20,0.0016154808937108712,0.006345022602546527,True
mp3_64,mfcc_15_min,mfcc,-13.654193028953829,-12.9172475092867,0.18751468111853398,110.29495537160165,0.0,0.05397210352193134,0.18751468111853398,True
mp3_64,mfcc_15_max,mfcc,11.436744904873784,12.243235649849167,0.16142227522935934,108.94118746092356,0.0,0.07051750753238326,0.16142227522935934,True
mp3_64,mfcc_15_median,mfcc,-1.1190680850199837,-0.3833349632516557,0.6167510567592237,288.762388570887,0.0,0.6574516167666328,0.6167510567592237,True
mp3_64,mfcc_15_iqr,mfcc,5.50386172555364,5.516499501865789,0.010727759388134443,4.562770588349898,5.1292572844146716e-06,0.002296165300351584,0.010727759388134443,True
mp3_64,mfcc_15_skew,mfcc,-0.014597489258277712,-0.009491126014872443,0.01206598658581531,8.117187519888546,5.539921813203245e-16,0.3498110636053138,0.01206598658581531,True
mp3_64,mfcc_15_kurt,mfcc,0.3480511530553885,0.3498700428922742,0.002328980599272963,1.2761948938735117,0.20192646989564408,0.005225926766564286,0.002328980599272963,False
mp3_64,mfcc_16_mean,mfcc,-1.9634104081123271,-2.6815650086362117,-0.5012763271274385,-414.8104228459366,0.0,-0.36576896891075195,0.5012763271274385,True
mp3_64,mfcc_16_std,mfcc,4.205176805278491,4.2018730829417015,-0.0029914541398979497,-4.591902348571276,4.464428907768747e-06,-0.0007856322075786149,0.0029914541398979497,True
mp3_64,mfcc_16_min,mfcc,-13.857347370748029,-14.577548592053118,-0.1851886993256088,-108.51264928353123,0.0,-0.05197251696420541,0.1851886993256088,True
mp3_64,mfcc_16_max,mfcc,10.379392230883992,9.606446692466479,-0.16271605346265167,-110.47873535004938,0.0,-0.07446924841298565,0.16271605346265167,True
mp3_64,mfcc_16_median,mfcc,-1.9870286126467631,-2.6944357346496135,-0.5796746021285571,-289.4411794643191,0.0,-0.3560125493414861,0.5796746021285571,True
mp3_64,mfcc_16_iqr,mfcc,5.322998178209221,5.3327165679630495,0.008441768952900958,3.644507821901433,0.00026972989371613627,0.0018257360661164362,0.008441768952900958,False
mp3_64,mfcc_16_skew,mfcc,0.03465886932601083,0.02710273288252058,-0.01814498917497504,-11.779247832784533,9.548137308114137e-32,-0.21801451087209917,0.01814498917497504,True
mp3_64,mfcc_16_kurt,mfcc,0.34496050263213607,0.32896313237514846,-0.020394270298226092,-11.028760553300362,4.57727873945903e-28,-0.046374498340892994,0.020394270298226092,True
mp3_64,mfcc_17_mean,mfcc,-0.6974917658423915,-0.005586304847664628,0.5138397214203764,410.9020839232066,0.0,0.9919908662421013,0.5138397214203764,True
mp3_64,mfcc_17_std,mfcc,4.037585516945116,4.03854481823136,0.0008456774588713214,1.4530521423248322,0.14625145173474685,0.0002375928094198495,0.0008456774588713214,False
mp3_64,mfcc_17_min,mfcc,-12.03001808822195,-11.304845938998483,0.21312109736898596,113.07790594789776,0.0,0.06028022101923948,0.21312109736898596,True
mp3_64,mfcc_17_max,mfcc,11.278629793689515,11.986338663607448,0.13455138317793483,104.85020188267966,0.0,0.06274777015146843,0.13455138317793483,True
mp3_64,mfcc_17_median,mfcc,-0.7566387475117893,-0.07617407242363619,0.5958898813038523,284.18953773668477,0.0,0.8993257050684557,0.5958898813038523,True
mp3_64,mfcc_17_iqr,mfcc,5.101106442682239,5.108182377865044,0.0062932900295793555,2.7838571194485167,0.005385232094602083,0.0013871373323244606,0.0062932900295793555,False
mp3_64,mfcc_17_skew,mfcc,0.05424301387528234,0.06060788805389256,0.014739104804520299,9.967309146213804,2.963089320995183e-23,0.1173399802828912,0.014739104804520299,True
mp3_64,mfcc_17_kurt,mfcc,0.35641762904074725,0.34965192292954317,-0.007650507305831461,-4.761248481809382,1.960365323458605e-06,-0.01898252375847155,0.007650507305831461,True
mp3_64,mfcc_18_mean,mfcc,-2.098664632028567,-2.7625859841393745,-0.5491292593151205,-403.41270885930066,0.0,-0.31635419112631713,0.5491292593151205,True
mp3_64,mfcc_18_std,mfcc,3.9658225470165385,3.971867490191851,0.0057569269423179865,8.9520569286919,4.346026508969922e-19,0.001524259621717126,0.0057569269423179865,True
mp3_64,mfcc_18_min,mfcc,-13.644822365461282,-14.345126479755981,-0.19695992761148276,-107.49650716864333,0.0,-0.05132379854701204,0.19695992761148276,True
mp3_64,mfcc_18_max,mfcc,9.296280963128332,8.611151532594306,-0.14768679233078527,-104.9915783706971,0.0,-0.07369930332908851,0.14768679233078527,True
mp3_64,mfcc_18_median,mfcc,-2.049125312751555,-2.7052975396111663,-0.6541103674711495,-282.39830116937367,0.0,-0.3202206437919146,0.6541103674711495,True
mp3_64,mfcc_18_iqr,mfcc,4.985679273121641,5.002469564058293,0.015992693257646965,6.716010248591359,2.005263318001126e-11,0.003367703780540059,0.015992693257646965,True
mp3_64,mfcc_18_skew,mfcc,-0.053692763948621026,-0.06075155067480946,-0.016925311925154788,-11.018234721459129,5.135595797187328e-28,-0.13146625740747925,0.016925311925154788,True
mp3_64,mfcc_18_kurt,mfcc,0.371787175753499,0.3624669644903816,-0.011557409326193112,-6.2170470127458985,5.339529160226506e-10,-0.025068673345787582,0.011557409326193112,True
mp3_64,mfcc_19_mean,mfcc,-0.5474202609398403,0.09113552282119619,0.5403962233696741,403.87456439875984,0.0,1.16648182269456,0.5403962233696741,True
mp3_64,mfcc_19_std,mfcc,3.8057659573537324,3.80485597418319,-0.0008858263569791937,-1.4471412260093786,0.1478995047041098,-0.0002391064455196033,0.0008858263569791937,False
mp3_64,mfcc_19_min,mfcc,-11.474654826725736,-10.794381145507542,0.1869279505561967,111.59767779013573,0.0,0.05928489279117678,0.1869279505561967,True
mp3_64,mfcc_19_max,mfcc,10.656085372980428,11.293180630197769,0.14266702317196372,100.73883483112297,0.0,0.05978698883482672,0.14266702317196372,True
mp3_64,mfcc_19_median,mfcc,-0.5634483520828709,0.06353976226137283,0.6355897696075237,277.7749708306862,0.0,1.112769452650786,0.6355897696075237,True
mp3_64,mfcc_19_iqr,mfcc,4.760932293257385,4.771500583613303,0.01070472258658524,4.421876445102852,9.923811239162034e-06,0.002219794297617995,0.01070472258658524,True
mp3_64,mfcc_19_skew,mfcc,0.020630889099338794,0.029021244895295957,0.019274109624753216,12.79553378305092,4.2652268342669334e-37,0.4066890067392233,0.019274109624753216,True
mp3_64,mfcc_19_kurt,mfcc,0.4087461482476621,0.3964620618057241,-0.014440533430346361,-8.200533868169043,2.7959184292571706e-16,-0.03005309406486444,0.014440533430346361,True
mp3_64,mfcc_d1_00_mean,mfcc,-0.02616819855140234,-0.030831448689965676,-0.032977586106466436,-12.771075291727941,5.802480286251373e-37,-0.17820294849121107,0.032977586106466436,True
mp3_64,mfcc_d1_00_std,mfcc,5.586916580173161,5.573285573885117,-0.007688743748289807,-22.380161173307147,2.0279550414941958e-107,-0.002439808451126284,0.007688743748289807,True
mp3_64,mfcc_d2_00_mean,mfcc,-0.05374497811239215,-0.057662762746421764,-0.0508787808542696,-12.44989716312104,3.1367361064782097e-35,-0.07289582713824341,0.0508787808542696,True
mp3_64,mfcc_d2_00_std,mfcc,2.4215625754559063,2.409228533619626,-0.018099451953438747,-16.108106803976884,2.0771314734254263e-57,-0.005093422718575902,0.018099451953438747,True
mp3_64,mfcc_d1_01_mean,mfcc,0.0026126360155217273,0.00034822476664192036,-0.04543536323258236,-17.57691697197902,8.564943801857882e-68,-0.8667151625511134,0.04543536323258236,True
mp3_64,mfcc_d1_01_std,mfcc,2.699114084130301,2.6852488490008857,-0.020248827299913237,-46.737201132963186,0.0,-0.0051369577932764985,0.020248827299913237,True
mp3_64,mfcc_d2_01_mean,mfcc,-0.007373475627980725,-0.009891521860154255,-0.08610922042943141,-20.837400398293454,9.08501468192674e-94,-0.34150058387907284,0.08610922042943141,True
mp3_64,mfcc_d2_01_std,mfcc,1.251629128148721,1.2410211918892529,-0.0361922973255664,-44.1412128089525,0.0,-0.008475303123664403,0.0361922973255664,True
mp3_64,mfcc_d1_02_mean,mfcc,-0.010639058939246993,-0.011200470038908152,-0.01388052137821607,-7.76996615247936,8.903376765585775e-15,-0.05276886826805138,0.01388052137821607,True
mp3_64,mfcc_d1_02_std,mfcc,2.144294136435201,2.1347692068779334,-0.01761031867372388,-43.313011581837365,0.0,-0.004441988342654458,0.01761031867372388,True
mp3_64,mfcc_d2_02_mean,mfcc,-0.02639596465575873,-0.02612194587075687,0.012228843231511624,4.977200389304277,6.595946644497992e-07,0.010381086221907698,0.012228843231511624,True
mp3_64,mfcc_d2_02_std,mfcc,0.9982922744631674,0.9943829579122275,-0.019890203446499954,-27.047520898836087,9.220023929955632e-154,-0.003916004010991755,0.019890203446499954,True
mp3_64,mfcc_d1_03_mean,mfcc,-0.004336567633102532,-0.00532132669192913,-0.03449927938802153,-17.017187917949723,9.733052960071717e-64,-0.22708260129729999,0.03449927938802153,True
mp3_64,mfcc_d1_03_std,mfcc,1.5553615144163926,1.5567250709157332,0.00432927145182259,7.214279823677745,5.956733597408339e-13,0.0008766813931693881,0.00432927145182259,True
mp3_64,mfcc_d2_03_mean,mfcc,-0.013756039524384443,-0.015041230152338951,-0.07609651362145865,-29.105475237790586,1.7741362827947067e-176,-0.09342737244076202,0.07609651362145865,True
mp3_64,mfcc_d2_03_std,mfcc,0.766336686313705,0.76761033723103,0.0112625369822676,9.58814180911034,1.1959287029073707e-21,0.0016619991448558048,0.0112625369822676,True
mp3_64,mfcc_d1_04_mean,mfcc,-0.0017099521889732945,-0.0017025824504445753,0.00030520803813849937,0.16146585894754356,0.8717308833708,0.004309909116900055,0.00030520803813849937,False
mp3_64,mfcc_d1_04_std,mfcc,1.4736286501461349,1.4740177506785854,0.001059152011908633,2.0999767529997704,0.03576447198023909,0.00026404245900890524,0.001059152011908633,False
mp3_64,mfcc_d2_04_mean,mfcc,-0.007286515278118179,-0.006746729968544539,0.03674676745806557,15.369949532536275,1.6593385791337932e-52,0.0740800353763954,0.03674676745806557,True
mp3_64,mfcc_d2_04_std,mfcc,0.7299490521093706,0.7310201190652417,0.008791294782430481,8.69561022425492,4.196038221456893e-18,0.0014673174145181747,0.008791294782430481,True
mp3_64,mfcc_d1_05_mean,mfcc,-0.00043803263711660127,-0.0010027653545082692,-0.024752745379709166,-13.601088911537643,1.2378094374368154e-41,-1.289248036651068,0.024752745379709166,True
mp3_64,mfcc_d1_05_std,mfcc,1.174177629632129,1.1726631429364682,-0.006583059698597675,-8.091864812432485,6.810200253958337e-16,-0.0012898275843793478,0.006583059698597675,True
mp3_64,mfcc_d2_05_mean,mfcc,-0.004523460866950114,-0.005430774726084824,-0.06339973267688953,-26.837855062867774,1.5959703711898715e-151,-0.20057957520177577,0.06339973267688953,True
mp3_64,mfcc_d2_05_std,mfcc,0.6520708656876646,0.6532177394112645,0.012845124407290421,9.340140452562716,1.247163168924574e-20,0.0017588176131599106,0.012845124407290421,True
mp3_64,mfcc_d1_06_mean,mfcc,-0.000379443396820734,-0.0001401008627471438,0.01177442201279648,6.384895340927306,1.818195835787246e-10,0.6307726951608182,0.01177442201279648,True
mp3_64,mfcc_d1_06_std,mfcc,1.0576265287876598,1.062361339514113,0.025288954469603112,25.69665999121085,1.3596167387240793e-139,0.004476826741364492,0.025288954469603112,True
mp3_64,mfcc_d2_06_mean,mfcc,-0.0013374395300725535,-0.0006739940663031162,0.04944491027425649,21.306093300988103,7.973880227538567e-98,0.4960564188897921,0.04944491027425649,True
mp3_64,mfcc_d2_06_std,mfcc,0.6246827182466939,0.6278234958091722,0.03841711830972384,25.30504392547757,1.3427637289190957e-135,0.005027796464889555,0.03841711830972384,True
mp3_64,mfcc_d1_07_mean,mfcc,-2.8941909662705066e-05,-0.00043429481497536605,-0.021373978643669713,-10.80556787806314,5.137270408659224e-27,-14.00574150208907,0.021373978643669713,True
mp3_64,mfcc_d1_07_std,mfcc,0.9716895511820173,0.9700495896328348,-0.009738927041213215,-8.720263231732787,3.383455420833017e-18,-0.0016877422909276983,0.009738927041213215,True
mp3_64,mfcc_d2_07_mean,mfcc,-0.0018892032277111638,-0.002694378691338408,-0.06202063856245442,-26.455395509002166,1.7745517290447005e-147,-0.42619843742419516,0.06202063856245442,True
mp3_64,mfcc_d2_07_std,mfcc,0.594452681388743,0.5949404443535008,0.006584152568000211,3.928667295099923,8.619084263258559e-05,0.0008205244589331052,0.006584152568000211,True
mp3_64,mfcc_d1_08_mean,mfcc,-0.000195376764870089,8.038338407997573e-05,0.014937152750267812,7.554967921606034,4.689464309323141e-14,1.4114275519580064,0.014937152750267812,True
mp3_64,mfcc_d1_08_std,mfcc,0.8778932423108486,0.8801533927150376,0.01581897906512002,12.994981654494289,3.395431620990478e-38,0.0025745162341603216,0.01581897906512002,True
mp3_64,mfcc_d2_08_mean,mfcc,-0.0008706404328972024,-0.00012726460199975713,0.060170308304765045,25.00761438620863,1.3411267479690289e-132,0.8538264509767106,0.060170308304765045,True
mp3_64,mfcc_d2_08_std,mfcc,0.5566832617744955,0.5586872708382522,0.030715500823545506,16.70801027431516,1.5021694007777068e-61,0.003599908963256285,0.030715500823545506,True
mp3_64,mfcc_d1_09_mean,mfcc,0.0004017842382319356,5.389893680368044e-05,-0.01953445485617517,-9.501314539207485,2.7358380991154676e-21,-0.8658510422388284,0.01953445485617517,True
mp3_64,mfcc_d1_09_std,mfcc,0.8458998953364265,0.8410783220135292,-0.03293296631011879,-27.045109437339576,9.784907999138485e-154,-0.005699933703124215,0.03293296631011879,True
mp3_64,mfcc_d2_09_mean,mfcc,-0.0017067192848398073,-0.0024457651655704796,-0.05945107774312929,-24.791470590342243,1.942969109155365e-130,-0.43302134527649583,0.05945107774312929,True
mp3_64,mfcc_d2_09_std,mfcc,0.5412803442851496,0.5402233841970829,-0.0165887201123148,-8.845845522892335,1.1201000409985787e-18,-0.0019527036206396,0.0165887201123148,True
mp3_64,mfcc_d1_10_mean,mfcc,-0.0001952757557811903,0.0001103621389137871,0.017594445044138433,8.68566759177861,4.57581296673465e-18,1.5651604751050083,0.017594445044138433,True
mp3_64,mfcc_d1_10_std,mfcc,0.7751595158709566,0.7773314118470256,0.015849207575922765,12.964723300218933,4.996490585491829e-38,0.0028018697204906674,0.015849207575922765,True
mp3_64,mfcc_d2_10_mean,mfcc,-0.001328925394817112,-0.0006094261010891934,0.061089710207598985,25.81333572243782,8.578219101931899e-141,0.5414143612079418,0.061089710207598985,True
mp3_64,mfcc_d2_10_std,mfcc,0.5143143569464674,0.5162167739520164,0.030653546346927536,16.369020476516752,3.417568707009488e-59,0.003698938168562449,0.030653546346927536,True
mp3_64,mfcc_d1_11_mean,mfcc,-0.00029084824740711424,-0.0006314578266243861,-0.019923686886347457,-9.65673396427422,6.188563693262522e-22,-1.1710903615675026,0.019923686886347457,True
mp3_64,mfcc_d1_11_std,mfcc,0.7562943129534261,0.7550044346518885,-0.00884979234279282,-7.791509177556413,7.51951171723191e-15,-0.0017055242640929757,0.00884979234279282,True
mp3_64,mfcc_d2_11_mean,mfcc,-0.0012158489314797142,-0.0019246743319129445,-0.0610459958921179,-24.983951925056893,2.3164153862230495e-132,-0.582988052282593,0.0610459958921179,True
mp3_64,mfcc_d2_11_std,mfcc,0.5030939702294086,0.5033250554179403,0.003699261212262078,2.0297050318031404,0.04242204800675055,0.0004593280822393492,0.003699261212262078,False
mp3_64,mfcc_d1_12_mean,mfcc,-0.00011493584602817732,0.00023832847801921912,0.021271288188996186,10.400326723278358,3.6734216289520464e-25,3.0735783156874423,0.021271288188996186,True
mp3_64,mfcc_d1_12_std,mfcc,0.7348339726218669,0.7368897272454612,0.01392295142597409,12.636505990764354,3.124220410900685e-36,0.0027975770040400195,0.01392295142597409,True
mp3_64,mfcc_d2_12_mean,mfcc,0.0009115182480436508,0.001609068778080872,0.059916455653449836,25.597416524988052,1.414407137477899e-138,0.7652622770134789,0.059916455653449836,True
mp3_64,mfcc_d2_12_std,mfcc,0.491023270519395,0.4923542166727385,0.021001497855317082,12.14203503384173,1.3129671793658404e-33,0.0027105561655675807,0.021001497855317082,True
mp3_64,mfcc_d1_13_mean,mfcc,0.0010030778698068125,0.0007398729752686349,-0.016253420679759923,-7.848481869056747,4.799932257598142e-15,-0.26239726990375084,0.016253420679759923,True
mp3_64,mfcc_d1_13_std,mfcc,0.7095205483843222,0.7123533291321411,0.019097547734937985,18.144732018422122,4.968651451889141e-72,0.003992528129410115,0.019097547734937985,True
mp3_64,mfcc_d2_13_mean,mfcc,0.0008921845044902303,0.00028882783569113507,-0.054314790856638595,-21.764130187306144,7.253863334483866e-102,-0.6762689396223448,0.054314790856638595,True
mp3_64,mfcc_d2_13_std,mfcc,0.47507680786152495,0.4772974804522335,0.036048697707800816,20.66739229410336,2.5707256857975556e-92,0.004674344345927011,0.036048697707800816,True
mp3_64,mfcc_d1_14_mean,mfcc,0.0002651456165900001,0.0006305586769356781,0.02274871533831234,11.012203985285842,5.4853987749934795e-28,1.3781599147110302,0.02274871533831234,True
mp3_64,mfcc_d1_14_std,mfcc,0.6897227474330971,0.6892153579121189,-0.0032411606512991738,-3.2783628684128856,0.001048904635455767,-0.0007356427243651289,0.0032411606512991738,False
mp3_64,mfcc_d2_14_mean,mfcc,0.002187265383781702,0.0028941811040095345,0.06401354585803995,25.78025310725257,1.8798126733877268e-140,0.32319613590080276,0.06401354585803995,True
mp3_64,mfcc_d2_14_std,mfcc,0.466291987666568,0.46654896425816494,0.004112470109304742,2.4528294090626446,0.014196545464993465,0.0005511065992854128,0.004112470109304742,False
mp3_64,mfcc_d1_15_mean,mfcc,0.000780718061717868,0.000582181297579369,-0.012857844041689308,-6.269358757705788,3.827816625090862e-10,-0.25430020627631544,0.012857844041689308,True
mp3_64,mfcc_d1_15_std,mfcc,0.6751355460134465,0.6775184972390969,0.015112984203258002,15.794940631948563,2.6509428897929938e-55,0.003529589339090869,0.015112984203258002,True
mp3_64,mfcc_d2_15_mean,mfcc,0.0014189786315719475,0.0008755827326559439,-0.04938415904618535,-21.361812692960804,2.5948622067867606e-98,-0.38294861305559513,0.04938415904618535,True
mp3_64,mfcc_d2_15_std,mfcc,0.45805689276979883,0.45990410706546864,0.02918881761806304,17.702280204083788,1.0184842883760742e-68,0.004032718041857181,0.02918881761806304,True
mp3_64,mfcc_d1_16_mean,mfcc,0.0004963126915584831,0.0008198467672889153,0.021312304802465366,10.181273455171185,3.461618347678643e-24,0.6518754834064294,0.021312304802465366,True
mp3_64,mfcc_d1_16_std,mfcc,0.6506489189669394,0.6496511300451008,-0.006189555050123707,-6.943915313629332,4.135520735691796e-12,-0.0015335289013050058,0.006189555050123707,True
mp3_64,mfcc_d2_16_mean,mfcc,0.002120861381664532,0.002792198055877643,0.06376438576442908,26.64372309416359,1.8311839684214834e-149,0.31653962867022484,0.06376438576442908,True
mp3_64,mfcc_d2_16_std,mfcc,0.44260534813010916,0.44251529036500975,-0.001433678493053425,-0.9098193419771922,0.3629472651955865,-0.00020347193155228533,0.001433678493053425,False
mp3_64,mfcc_d1_17_mean,mfcc,0.00041789781724880983,0.00019136463330564717,-0.01565513345511309,-7.4789451260282105,8.34930666765764e-14,-0.5420779305202457,0.01565513345511309,True
mp3_64,mfcc_d1_17_std,mfcc,0.6264018716701251,0.6263599487922572,-0.0002541879162021544,-0.3036926694280816,0.7613705355459593,-6.692648883070213e-05,0.0002541879162021544,False
mp3_64,mfcc_d2_17_mean,mfcc,0.0013145422904929467,0.0007795869802886751,-0.052895505644273644,-21.505295274563977,1.4238321497137343e-99,-0.40695176874352673,0.052895505644273644,True
mp3_64,mfcc_d2_17_std,mfcc,0.42941391049252836,0.4297283274772803,0.004856105280350669,3.232110247647747,0.0012341491999909291,0.0007322002782613662,0.004856105280350669,False
mp3_64,mfcc_d1_18_mean,mfcc,-0.00013833748305787716,0.0002091124912791559,0.024533507804211173,11.769482413748415,1.0697681118875772e-31,2.5116112181372285,0.024533507804211173,True
mp3_64,mfcc_d1_18_std,mfcc,0.6158930220069353,0.6165570783007186,0.004225424234773184,4.9083194082461645,9.381451860205763e-07,0.0010782007102782564,0.004225424234773184,True
mp3_64,mfcc_d2_18_mean,mfcc,0.0016573118928973696,0.0022560579282893075,0.06041561242240203,25.124464230946103,8.966745820494606e-134,0.36127541107859273,0.06041561242240203,True
mp3_64,mfcc_d2_18_std,mfcc,0.4207298044564501,0.42137466099156606,0.010524401277066303,6.919715479809259,4.901896712859189e-12,0.0015327094213092001,0.010524401277066303,True
mp3_64,mfcc_d1_19_mean,mfcc,0.000366059412306074,0.00015520439813371416,-0.015686962162288973,-7.533172983991346,5.535966600221033e-14,-0.5760130926398833,0.015686962162288973,True
mp3_64,mfcc_d1_19_std,mfcc,0.5923189474017683,0.591843752065402,-0.003037626883819907,-3.694283916053555,0.00022208884660091343,-0.0008022625959388462,0.003037626883819907,False
mp3_64,mfcc_d2_19_mean,mfcc,0.001009484036112107,0.0004909849041605295,-0.05571305703659745,-22.88318408645531,4.703556661371253e-112,-0.5136278667154636,0.05571305703659745,True
mp3_64,mfcc_d2_19_std,mfcc,0.40539978973717145,0.40551216529381934,0.001819112640581729,1.2434974874985087,0.21372374690527027,0.0002771968794575537,0.001819112640581729,False
mp3_64,chroma_00_mean,chroma,0.5638034055683684,0.5641131681075736,0.004416850119178998,25.467347284662456,3.0108551874449074e-137,0.0005494158711101729,0.004416850119178998,True
mp3_64,chroma_00_std,chroma,0.2689866546578494,0.26889645508719906,-0.002791725513589633,-8.951201512569057,4.379480232417105e-19,-0.00033533102512112184,0.002791725513589633,True
mp3_64,chroma_01_mean,chroma,0.518691515374762,0.5190827769815209,0.005879577794047322,29.349248374213676,2.952262317062507e-179,0.0007543242855558576,0.005879577794047322,True
mp3_64,chroma_01_std,chroma,0.2725331112341243,0.272422914958879,-0.004201042943315668,-12.401707580315083,5.660734616352824e-35,-0.0004043408697986328,0.004201042943315668,True
mp3_64,chroma_02_mean,chroma,0.48354419120041475,0.48393382065007823,0.006007695744244137,30.84702433178767,9.974992026860976e-197,0.0008057783688729821,0.006007695744244137,True
mp3_64,chroma_02_std,chroma,0.2664334135331439,0.2663310976965238,-0.004399116075153222,-12.143509706847283,1.2899629130394305e-33,-0.00038402028958503005,0.004399116075153222,True
mp3_64,chroma_03_mean,chroma,0.47883677601072466,0.4792286014004304,0.005343388765175417,30.564589692123185,2.214089389298838e-193,0.0008182859156518684,0.005343388765175417,True
mp3_64,chroma_03_std,chroma,0.28055548526465474,0.2804589025500576,-0.004365179552304161,-11.995832551867755,7.497991454103955e-33,-0.00034425530659650666,0.004365179552304161,True
mp3_64,chroma_04_mean,chroma,0.4773055953317377,0.4776965963248429,0.00530307068729487,30.27313278380531,5.933953993033484e-190,0.0008191837617856328,0.00530307068729487,True
mp3_64,chroma_04_std,chroma,0.2646631728207127,0.26457004084180685,-0.0038518208228373583,-10.80015238873883,5.4445030969161175e-27,-0.0003518886965394256,0.0038518208228373583,True
mp3_64,chroma_05_mean,chroma,0.5125718109311375,0.5129886274298281,0.005319035409828973,29.88774889077125,1.8490233459763803e-185,0.0008131865424543,0.005319035409828973,True
mp3_64,chroma_05_std,chroma,0.26707743524670946,0.26697797674197915,-0.00369154917839691,-10.9136493793223,1.6023614767436486e-27,-0.0003723957609463947,0.00369154917839691,True
mp3_64,chroma_06_mean,chroma,0.5594112655777281,0.5598666615899252,0.005211220101883114,29.15155337175243,5.310529103172811e-177,0.0008140629984037073,0.005211220101883114,True
mp3_64,chroma_06_std,chroma,0.2873756081483589,0.28725605429575257,-0.004136767242949979,-12.644608306401912,2.8244130968606874e-36,-0.000416019485357968,0.004136767242949979,True
mp3_64,chroma_07_mean,chroma,0.5711258549024091,0.5716074685344693,0.005966200794766023,30.283485702742617,4.4875512091537577e-190,0.0008432705820024991,0.005966200794766023,True
mp3_64,chroma_07_std,chroma,0.2691755963133359,0.26907994876132824,-0.002842257268308727,-8.940676886619201,4.812501248051187e-19,-0.0003553351541433907,0.002842257268308727,True
mp3_64,chroma_08_mean,chroma,0.6203552420219739,0.6209072358341436,0.006743586290953748,30.174765495963943,8.405867020473142e-189,0.000889802769088548,0.006743586290953748,True
mp3_64,chroma_08_std,chroma,0.2782784176810422,0.27828132063089034,7.088443747343806e-05,0.22846774676521758,0.8192889063932076,1.043181814927239e-05,7.088443747343806e-05,False
mp3_64,chroma_09_mean,chroma,0.6504645356764953,0.6500934161600378,-0.004153627490908585,-20.025645174674732,6.233357040070557e-87,-0.0005705453504418153,0.004153627490908585,True
mp3_64,chroma_09_std,chroma,0.30774498424678365,0.3076076772444232,-0.0033122813049386445,-11.201395427662954,6.828793902675467e-29,-0.0004461713736666876,0.0033122813049386445,True
mp3_64,chroma_10_mean,chroma,0.6185028755448,0.6156150610631349,-0.0346469655267313,-40.32309072373559,0.0,-0.004669039701911478,0.0346469655267313,True
mp3_64,chroma_10_std,chroma,0.28672147415387483,0.28749113386586117,0.018823161854839513,21.26799538013178,1.7154904923108304e-97,0.002684346243188201,0.018823161854839513,True
mp3_64,chroma_11_mean,chroma,0.6142018602682928,0.6134644829657138,-0.009024545166487687,-27.056685960981792,7.35469815798075e-154,-0.0012005455376787018,0.009024545166487687,True
mp3_64,chroma_11_std,chroma,0.29791585898597195,0.29837686595973867,0.012709624385750726,20.123898096234672,9.552709648159946e-88,0.0015474401911192903,0.012709624385750726,True
mp3_64,prosody_f0_mean,prosody,187.4541243570512,187.45168231735553,-3.978109324998797e-05,-0.12332087833700968,0.9018563396111376,-1.3027399125208097e-05,3.978109324998797e-05,False
mp3_64,prosody_f0_std,prosody,43.208174017995205,43.225128652854224,0.0008591639832118698,0.5833542254036064,0.5596725480188046,0.0003923941532904772,0.0008591639832118698,False
mp3_64,prosody_f0_min,prosody,104.99431399348764,104.95917920442379,-0.0008061413922037131,-0.4483808734480564,0.6538914001948114,-0.0003346351600147199,0.0008061413922037131,False
mp3_64,prosody_f0_max,prosody,288.0785945489409,288.1466991259105,0.0007623762995618962,0.45296482716383357,0.6505872776074952,0.00023640970991359452,0.0007623762995618962,False
mp3_64,prosody_f0_median,prosody,185.0003449634417,184.9798412056188,-0.0003101085581863654,-0.7502610652733205,0.4531212121040973,-0.00011083091670421328,0.0003101085581863654,False
mp3_64,prosody_f0_iqr,prosody,50.24593629289673,50.11558426106735,-0.0036240253676265966,-2.418468996259578,0.015609824258886124,-0.0025942800840554727,0.0036240253676265966,False
mp3_64,prosody_f0_skew,prosody,0.35886052526073586,0.35939558402644256,0.0003861720319090985,0.1688802519207892,0.8658954236649936,0.0014909936536428516,0.0003861720319090985,False
mp3_64,prosody_f0_kurt,prosody,1.8038465948140985,1.8182119320025432,0.003197812633626177,0.9738870563072396,0.33014428316301847,0.007963724426314173,0.003197812633626177,False
mp3_64,prosody_voiced_fraction,prosody,0.43792628163815633,0.4381759822884752,0.0020292406355490737,3.3996308094168963,0.0006783143768997968,0.0005701887755738599,0.0020292406355490737,False
mp3_64,prosody_f0_slope_abs_mean,prosody,799.2911479515574,799.0315859015384,-0.0006321856658865103,-0.3546960484050316,0.7228273647546818,-0.00032474030356046996,0.0006321856658865103,False
mp3_64,prosody_n_voiced_segments,prosody,8.426689961026744,8.430856067732831,0.0009452953396485726,0.7728085489979745,0.43966024299949297,0.0004943942076135877,0.0009452953396485726,False
mp3_64,prosody_voiced_rate_per_s,prosody,3.292588153486145,3.2944516717207133,0.0012349540162688553,0.8766554571935407,0.38070211157821576,0.0005659736801868923,0.0012349540162688553,False
mp3_64,prosody_mean_voiced_seg_s,prosody,0.17700402625181777,0.17684385174015055,-0.0010943487750235449,-0.7764903423531307,0.4374842052677523,-0.0009049201594959572,0.0010943487750235449,False
mp3_64,prosody_pause_fraction,prosody,0.5620737183618437,0.5618240177115248,-0.0020292406355490685,-3.3996308094168874,0.0006783143768998203,-0.00044424893419083597,0.0020292406355490685,False
mp3_64,prosody_jitter_local,prosody,0.03576666522579706,0.03581101050233179,0.0035409169887034775,1.956355031534631,0.05046070415394774,0.0012398493472841113,0.0035409169887034775,False
mp3_64,prosody_jitter_rap,prosody,0.018277505110502256,0.018296538496377943,0.0027080763278106686,1.3085470371148686,0.19072825158326795,0.0010413557955867084,0.0027080763278106686,False
mp3_64,prosody_jitter_ppq5,prosody,0.019579694189115898,0.019595812041997184,0.0020696935591559894,0.9049437121621908,0.365524518049977,0.0008231922687661617,0.0020696935591559894,False
mp3_64,prosody_jitter_ddp,prosody,0.05483251533150677,0.054889615489133826,0.0027080763278106686,1.3085470371148686,0.19072825158326795,0.0010413557955865817,0.0027080763278106686,False
mp3_64,prosody_shimmer_local,prosody,0.19486144961242366,0.19490374685858172,0.0013306286527989186,0.4460305957940688,0.6555881249057953,0.0002170631812613085,0.0013306286527989186,False
mp3_64,prosody_shimmer_localdb,prosody,1.643431473279747,1.6436394486161265,0.0011285556302998642,0.2943624177156293,0.7684891937908365,0.00012654944228642314,0.0011285556302998642,False
mp3_64,prosody_shimmer_apq3,prosody,0.09307821292111343,0.09312142203905359,0.001801117190451482,0.5544884025470179,0.5792613140950864,0.00046422375961151127,0.001801117190451482,False
mp3_64,prosody_shimmer_apq5,prosody,0.13857012194980922,0.13848093906522885,-0.0020298855006797563,-0.4816642372291716,0.6300587440798301,-0.0006435938954623772,0.0020298855006797563,False
mp3_64,prosody_shimmer_apq11,prosody,0.23078262297939367,0.23019327111505447,-0.004375250852934788,-0.9002643604083547,0.36801265980125003,-0.002553709879585786,0.004375250852934788,False
mp3_64,prosody_shimmer_dda,prosody,0.27923463876334037,0.2793642661171608,0.0018011171904514834,0.5544884025470183,0.5792613140950862,0.00046422375961136203,0.0018011171904514834,False
mp3_64,prosody_hnr_mean,prosody,6.3088501681496485,6.319835684363058,0.004337531408563214,12.680319424767168,1.8092687054279722e-36,0.0017412865927408114,0.004337531408563214,True
mp3_64,prosody_hnr_std,prosody,4.511096428621219,4.5094491222467905,-0.0020449269010350828,-2.5869530124342743,0.009701677320283196,-0.000365167626206499,0.0020449269010350828,False
mp3_64,prosody_hnr_min,prosody,-3.7901435154448224,-3.7681614100928886,0.006885950159472273,2.334499749958617,0.019596036959808324,0.005799808176750242,0.006885950159472273,False
mp3_64,prosody_hnr_max,prosody,17.421706160981806,17.413813535930206,-0.0020608384217035186,-2.2338307830736044,0.02552380905676597,-0.00045303398982106526,0.0020608384217035186,False
mp3_64,prosody_hnr_median,prosody,6.100184117058622,6.1145951476930875,0.005403150554704659,8.912361596558746,6.19882025755767e-19,0.002362392734043292,0.005403150554704659,True
mp3_64,prosody_f1_mean,prosody,514.5652673696262,515.2063493047459,0.008407432257462797,7.6921927220052355,1.6323071600780688e-14,0.001245870982308633,0.008407432257462797,True
mp3_64,prosody_f1_std,prosody,289.879275069404,290.5393190838585,0.0072775886150140134,4.206874099473264,2.6196745220573803e-05,0.0022769617258649585,0.0072775886150140134,True
mp3_64,prosody_f1_median,prosody,438.51400161632597,438.9308700099985,0.005734734310669901,8.611863941970404,8.679599941879164e-18,0.0009506387302024293,0.005734734310669901,True
mp3_64,prosody_f1_bw_median,prosody,298.68624708142386,299.4400308112034,0.00924972083896225,14.671822822143973,4.5652085663389824e-48,0.0025236640024275505,0.00924972083896225,True
mp3_64,prosody_f2_mean,prosody,1789.3034215304676,1790.920765657385,0.014900998651892356,15.78065622177476,3.3002316835521235e-55,0.0009038959560776318,0.014900998651892356,True
mp3_64,prosody_f2_std,prosody,421.5193400304929,421.50865116730256,-0.0001352682313015445,-0.088362929112265,0.9295906025104815,-2.5357942507643344e-05,0.0001352682313015445,False
mp3_64,prosody_f2_median,prosody,1768.826538119031,1770.3683514596196,0.014468506502309039,14.330975693631853,5.713384308315525e-46,0.0008716588695170166,0.014468506502309039,True
mp3_64,prosody_f2_bw_median,prosody,608.4470159680318,609.0001039769097,0.004395467082699621,4.409377464777785,1.0512569210185448e-05,0.0009090158951605096,0.004395467082699621,True
mp3_64,prosody_f3_mean,prosody,2949.414150533745,2950.961482301794,0.016981459168221618,14.72309307323438,2.1876431805329578e-48,0.0005246234299679206,0.016981459168221618,True
mp3_64,prosody_f3_std,prosody,385.0950740762941,384.5581983876674,-0.008083648100870833,-4.025342840335639,5.745695948523713e-05,-0.0013941380317950868,0.008083648100870833,True
mp3_64,prosody_f3_median,prosody,2906.244576463886,2907.5468867371396,0.01173252485627079,10.608300438949904,4.186436819344897e-26,0.00044810759693122043,0.01173252485627079,True
mp3_64,prosody_f3_bw_median,prosody,634.6317970984,634.8325028883621,0.0021806565216501224,1.5542283066719538,0.12017250169160096,0.0003162554900017689,0.0021806565216501224,False
mp3_64,prosody_f4_mean,prosody,4013.6788229854915,4015.272614308599,0.014817440241103326,14.74607038006897,1.5720210996215788e-48,0.00039708990016341586,0.014817440241103326,True
mp3_64,prosody_f4_std,prosody,384.4782203842861,383.9065316348513,-0.010461183047827793,-5.844475826020911,5.296185743281142e-09,-0.001486921024715957,0.010461183047827793,True
mp3_64,prosody_f4_median,prosody,3966.9937234440686,3968.0272204835965,0.007811754026023745,6.888782404875312,6.086743463143495e-12,0.00026052399161111833,0.007811754026023745,True
mp3_64,prosody_f5_mean,prosody,4885.319151211559,4887.3026526915955,0.0241930717927797,18.610562231628677,1.3468088432950716e-75,0.0004060126715661059,0.0241930717927797,True
mp3_64,prosody_f5_std,prosody,211.79903942513957,209.97705088306455,-0.03208471463001098,-19.025910443780784,7.585017586024894e-79,-0.008602440063091037,0.03208471463001098,True
mp3_64,prosody_f5_median,prosody,4896.779393636723,4898.044877498203,0.01683779234941815,9.676608551761248,5.1088600873790285e-22,0.00025843187118544745,0.01683779234941815,True
mp3_64,prosody_intensity_mean,prosody,63.548753660233146,63.096431631534564,-0.10670972416171398,-1543.7588322807405,0.0,-0.007117716755185256,0.10670972416171398,True
mp3_64,prosody_intensity_std,prosody,7.847467810581058,7.844800578855039,-0.0008872381297453899,-1.7652085259423984,0.0775697423442609,-0.0003398843793182716,0.0008872381297453899,False
mp3_64,prosody_intensity_min,prosody,52.010182789302235,51.5962744746042,-0.04628710688514059,-12.10260384433396,2.1047058792138015e-33,-0.007958216881775105,0.04628710688514059,True
mp3_64,prosody_intensity_max,prosody,80.1497123944369,79.7042489867225,-0.25815891825570164,-1534.5728177811486,0.0,-0.005557891530816253,0.25815891825570164,True
mp3_64,prosody_intensity_median,prosody,62.253373735637034,61.79494994529384,-0.0908811337145529,-635.8117717511401,0.0,-0.007363838501185865,0.0908811337145529,True
mp3_64,prosody_intensity_iqr,prosody,13.657019115167827,13.649092855365328,-0.0011645332214163912,-9.297360192763238,1.8577542073276743e-20,-0.0005803799303243154,0.0011645332214163912,True
mp3_64,prosody_intensity_skew,prosody,0.4827716893025062,0.48531480081640554,0.0057708574783919804,3.770015130499983,0.00016450147681909078,0.005267731249058047,0.0057708574783919804,False
mp3_64,prosody_intensity_kurt,prosody,-0.7926065989766222,-0.7974617141156333,-0.004657157738177705,-0.6445791620799208,0.5192198149384342,-0.006125504311066487,0.004657157738177705,False
mp3_64,prosody_cpps,prosody,6.521932211291211,6.45215524637453,-0.05892101823307752,-87.18024527935007,0.0,-0.010698817874230314,0.05892101823307752,True
mp4_aac64,duration_s,other,2.542880123639296,2.575559199032388,0.06458155736121259,157.1206086107897,0.0,0.01285120564249123,0.06458155736121259,True
mp4_aac64,peak_amplitude,other,0.5329464959963693,0.5304581311309454,-0.02032365271845901,-37.08892128213426,1.930768465573025e-276,-0.004669070693056722,0.02032365271845901,True
mp4_aac64,spectral_centroid_mean,spectral,518.4869263524757,528.0308910209798,0.040458989909533935,60.36092486481279,0.0,0.018407339092704318,0.040458989909533935,True
mp4_aac64,spectral_centroid_std,spectral,538.8063127571289,563.1823896808719,0.06286901943750363,44.07849549374826,0.0,0.04524088962322658,0.06286901943750363,True
mp4_aac64,spectral_centroid_min,spectral,98.41420409907238,82.04484663181928,-0.5309060101433856,-32.43757719218131,5.19991713009254e-216,-0.16633124879793026,0.5309060101433856,True
mp4_aac64,spectral_centroid_max,spectral,3383.956579538759,3594.0196439854562,0.12858196219461543,30.721972450977013,3.044110435411476e-195,0.06207617016035396,0.12858196219461543,True
mp4_aac64,spectral_centroid_median,spectral,341.1464111065633,343.4539690898939,0.019625031247085884,27.592066253186697,1.2163335363182808e-159,0.006764127976154589,0.019625031247085884,True
mp4_aac64,spectral_centroid_iqr,spectral,349.1650449650911,358.01093802537844,0.032469538217191736,28.917744994800472,2.379227244798062e-174,0.025334417599481414,0.032469538217191736,True
mp4_aac64,spectral_centroid_skew,spectral,3.171235869527321,3.4207075368217974,0.16015058969928925,16.77254864247321,5.283739204992315e-62,0.07866701738955184,0.16015058969928925,True
mp4_aac64,spectral_centroid_kurt,spectral,15.214954786398348,17.335375284455996,0.14086513972268058,11.29611576337789,2.375787208530171e-29,0.13936423261364086,0.14086513972268058,True
mp4_aac64,spectral_bandwidth_mean,spectral,536.4169886266386,545.7215128655192,0.061445370588448234,60.91075291381942,0.0,0.017345692690871932,0.061445370588448234,True
mp4_aac64,spectral_bandwidth_std,spectral,441.5860412977488,468.190703668449,0.13820145339106182,69.9457040837729,0.0,0.06024796955201174,0.13820145339106182,True
mp4_aac64,spectral_bandwidth_min,spectral,131.53556552957326,109.40938905670099,-0.5254226396986962,-31.99332037050234,1.4993759963520194e-210,-0.16821440181437183,0.5254226396986962,True
mp4_aac64,spectral_bandwidth_max,spectral,2536.5377391584957,2650.734999341454,0.18537820916584424,31.68356023816727,8.895135261493887e-207,0.04502091903463802,0.18537820916584424,True
mp4_aac64,spectral_bandwidth_median,spectral,388.04457240112066,385.46837189936247,-0.03223267062415781,-31.915648096038677,1.3324871727525917e-209,-0.006638929352412595,0.03223267062415781,True
mp4_aac64,spectral_bandwidth_iqr,spectral,300.985082338697,311.5957251956861,0.05081532960981922,32.43320070094494,5.889244367671602e-216,0.035253052325859124,0.05081532960981922,True
mp4_aac64,spectral_bandwidth_skew,spectral,2.7399461101974603,2.823211267622506,0.07449636775765937,8.328705320266165,9.642214333635484e-17,0.03038934127760824,0.07449636775765937,True
mp4_aac64,spectral_bandwidth_kurt,spectral,9.951030895610666,10.303163684499099,0.04025699240299178,3.736151991880924,0.00018825604876009772,0.03538656372213218,0.04025699240299178,False
mp4_aac64,spectral_rolloff85_mean,spectral,789.7642319167921,816.2973477107967,0.06984336211339502,71.8329275636905,0.0,0.03359624900915997,0.06984336211339502,True
mp4_aac64,spectral_rolloff85_std,spectral,1048.1582904841068,1113.1087817723314,0.10927261353196151,51.27376471927405,0.0,0.061966300202831295,0.10927261353196151,True
mp4_aac64,spectral_rolloff85_min,spectral,138.7078349684182,116.12182502351834,-0.5231890460461861,-31.216293599919283,3.873238535518767e-201,-0.1628315368778006,0.5231890460461861,True
mp4_aac64,spectral_rolloff85_max,spectral,5750.856739685526,6145.087185862115,0.2244830699612354,32.06199452141835,2.1657896717641598e-211,0.06855160266053621,0.2244830699612354,True
mp4_aac64,spectral_rolloff85_median,spectral,412.51175917215426,416.14870313129956,0.025003355581620552,21.684401454657873,3.710315305630457e-101,0.008816582505294077,0.025003355581620552,True
mp4_aac64,spectral_rolloff85_iqr,spectral,520.4221122832953,538.8525147829592,0.032133992193290974,15.391003469136058,1.2107777167003191e-52,0.03541433398900476,0.032133992193290974,True
mp4_aac64,spectral_rolloff85_skew,spectral,3.727684625374601,3.8290383201551585,0.054168732763845956,5.958226026812434,2.666118152169175e-09,0.027189450011579873,0.054168732763845956,True
mp4_aac64,spectral_rolloff85_kurt,spectral,19.261652272165243,19.77918094817774,0.023796663315135132,2.2226282594446296,0.026270820964675666,0.026868342793228077,0.023796663315135132,False
mp4_aac64,spectral_rolloff95_mean,spectral,1185.7332808016208,1230.2024311594682,0.09060708465510918,89.55072368660436,0.0,0.03750350190709316,0.09060708465510918,True
mp4_aac64,spectral_rolloff95_std,spectral,1387.0924578004906,1483.5913201705148,0.1660887268098655,72.74333795369046,0.0,0.06956916377661099,0.1660887268098655,True
mp4_aac64,spectral_rolloff95_min,spectral,220.39628410159924,184.694597500336,-0.7668914584370471,-31.92155436590552,1.1287047705185941e-209,-0.16198860496579576,0.7668914584370471,True
mp4_aac64,spectral_rolloff95_max,spectral,6592.023921515925,6992.839504098912,0.3183112272706095,34.49512895977479,5.050039740457831e-242,0.06080311408985502,0.3183112272706095,True
mp4_aac64,spectral_rolloff95_median,spectral,626.3439053890606,632.1142991533396,0.01975239840109432,16.89080583679489,7.714083216453486e-63,0.00921282016896875,0.01975239840109432,True
mp4_aac64,spectral_rolloff95_iqr,spectral,985.0270040989114,1024.8989971106034,0.041681706304214194,27.681711807706087,1.2822724874979719e-160,0.04047807100290241,0.041681706304214194,True
mp4_aac64,spectral_rolloff95_skew,spectral,2.7699408446898173,2.827844058370682,0.044502892556193545,5.598787331201187,2.2354524208680742e-08,0.020904133671976917,0.044502892556193545,True
mp4_aac64,spectral_rolloff95_kurt,spectral,9.720421966589983,10.228064290103532,0.046665302396627896,4.123691045795726,3.7690530278957036e-05,0.052224309320970226,0.046665302396627896,True
mp4_aac64,spectral_flatness_mean,spectral,0.018858878473348058,0.023758739481398592,0.40921079763307083,70.82186256187119,0.0,0.25981720042234574,0.40921079763307083,True
mp4_aac64,spectral_flatness_std,spectral,0.03348606317079628,0.05964083767527953,1.1310653048234451,60.80737364568552,0.0,0.7810644796039575,1.1310653048234451,True
mp4_aac64,spectral_flatness_min,spectral,0.0007474449663231525,0.0007428208218929283,-0.009073322601997363,-4.71049163220474,2.51602153466619e-06,-0.0061866018751471725,0.009073322601997363,True
mp4_aac64,spectral_flatness_max,spectral,0.22665454648903718,0.4665721960194552,1.5304015508502076,65.01130334842415,0.0,1.0585168188630285,1.5304015508502076,True
mp4_aac64,spectral_flatness_median,spectral,0.007380955879861058,0.007357109714200689,-0.00791377682618886,-5.711275437156628,1.1645328191949038e-08,-0.0032307692998725934,0.00791377682618886,True
mp4_aac64,spectral_flatness_iqr,spectral,0.012879556728581872,0.013597893423905985,0.0483822870106174,26.12035830287315,5.676153714255611e-144,0.05577340202477654,0.0483822870106174,True
mp4_aac64,spectral_flatness_skew,spectral,4.020212785968584,5.582341399040137,0.9830382004458929,54.820375585012975,0.0,0.3885686395813976,0.9830382004458929,True
mp4_aac64,spectral_flatness_kurt,spectral,21.647649224310648,40.767851197212245,1.035005557088413,46.074245958133154,0.0,0.8832461102256458,1.035005557088413,True
mp4_aac64,spectral_zcr_mean,spectral,0.08170194466667564,0.08318103483024138,0.04924705481011425,58.47840951516061,0.0,0.018103487861887084,0.04924705481011425,True
mp4_aac64,spectral_zcr_std,spectral,0.07076774406525582,0.07396870647350703,0.07045920571306305,49.03174991270885,0.0,0.04523194077374523,0.07045920571306305,True
mp4_aac64,spectral_zcr_min,spectral,0.014834699637145548,0.012188885902432469,-0.5263451722639636,-31.452953563557212,5.4964260054400804e-204,-0.17835303709743186,0.5263451722639636,True
mp4_aac64,spectral_zcr_max,spectral,0.4201488375218385,0.43956726246472244,0.10785022427528512,31.998919279945973,1.2807179787873357e-210,0.04621796660778479,0.10785022427528512,True
mp4_aac64,spectral_zcr_median,spectral,0.059303353043945704,0.05953971240424674,0.015840471334019578,10.669723414140996,2.187094419436238e-26,0.0039855985904521714,0.015840471334019578,True
mp4_aac64,spectral_zcr_iqr,spectral,0.05034353581507862,0.0522071126192716,0.052554366362238564,34.081193272478075,1.0731229256338459e-236,0.03701720139479781,0.052554366362238564,True
mp4_aac64,spectral_zcr_skew,spectral,2.666170051647696,2.771642301616124,0.08927479394557597,11.589402311544607,8.565395778395599e-31,0.039559460921574,0.08927479394557597,True
mp4_aac64,spectral_zcr_kurt,spectral,10.1625689340023,10.54745082727622,0.04371485454382516,5.2604105662207505,1.4774119102647513e-07,0.0378725001299788,0.04371485454382516,True
mp4_aac64,spectral_rms_mean,spectral,0.025080431255209472,0.02466085220167273,-0.07015765839209714,-162.5829187980688,0.0,-0.016729339669930506,0.07015765839209714,True
mp4_aac64,spectral_rms_std,spectral,0.02330374379100816,0.023267063250536107,-0.013124556411523313,-19.443554820906158,3.527805831050656e-82,-0.0015740192134367096,0.013124556411523313,True
mp4_aac64,spectral_rms_min,spectral,0.002668155101517657,0.00013479122029741645,-0.8867909993641736,-77.13401051181462,0.0,-0.9494814899550829,0.8867909993641736,True
mp4_aac64,spectral_rms_max,spectral,0.12273789506153768,0.1223973804345624,-0.012969496596016131,-46.1158372542127,0.0,-0.0027743235029780485,0.012969496596016131,True
mp4_aac64,spectral_rms_median,spectral,0.014998728734104388,0.014661529730795347,-0.04268350354826481,-75.5898484127135,0.0,-0.022481838913608127,0.04268350354826481,True
mp4_aac64,spectral_rms_iqr,spectral,0.024340358772397416,0.02397703526751642,-0.049927919238193626,-64.81855855346627,0.0,-0.014926793326194308,0.049927919238193626,True
mp4_aac64,spectral_rms_skew,spectral,1.7884620519440027,1.7788066196653003,-0.015342022923366425,-15.29303972964912,5.2292609526790005e-52,-0.00539873477785408,0.015342022923366425,True
mp4_aac64,spectral_rms_kurt,spectral,3.5111806865246713,3.533814443750642,0.0064383686165308445,17.491346442964037,3.635007217900696e-67,0.006446195524153833,0.0064383686165308445,True
mp4_aac64,spectral_flux_mean,spectral,4.588783633641527,4.512029872777827,-0.05897544981960186,-154.62032322233,0.0,-0.016726384809473034,0.05897544981960186,True
mp4_aac64,spectral_flux_std,spectral,3.818774145879517,3.810514190687977,-0.010977213877084113,-19.007417402999817,1.0617159580237847e-78,-0.0021629860463081925,0.010977213877084113,True
mp4_aac64,spectral_flux_min,spectral,0.8339992713795452,0.1445252266823176,-1.0073279616155735,-87.7107575296594,0.0,-0.8267082098965701,1.0073279616155735,True
mp4_aac64,spectral_flux_max,spectral,22.83219048618357,22.740405690460143,-0.01495083762210125,-34.724571013097425,5.374726095850191e-245,-0.0040199732819752405,0.01495083762210125,True
mp4_aac64,spectral_flux_median,spectral,3.1440280320541127,3.0841142955279817,-0.03624959860995466,-82.20155296550024,0.0,-0.01905636206652622,0.03624959860995466,True
mp4_aac64,spectral_flux_iqr,spectral,3.9245545567093303,3.874325024484717,-0.051770050737022795,-55.0136193536434,0.0,-0.012798785568859489,0.051770050737022795,True
mp4_aac64,spectral_flux_skew,spectral,1.8913005912642662,1.8701059134570293,-0.03328117515989632,-27.938733701667967,1.960669821592944e-163,-0.011206403627817333,0.03328117515989632,True
mp4_aac64,spectral_flux_kurt,spectral,4.595607968526402,4.600595757760394,0.0012346023679856446,2.4739977869553322,0.013383197425346787,0.0010853382769268594,0.0012346023679856446,False
mp4_aac64,spectral_entropy_mean,spectral,0.4553076323734261,0.45681213192452236,0.05474484652752492,30.392454524448546,2.36022306573418e-191,0.0033043582934325568,0.05474484652752492,True
mp4_aac64,spectral_entropy_std,spectral,0.09357175291325517,0.10115068904435119,0.30966712346927167,91.40811064475707,0.0,0.08099598324423825,0.30966712346927167,True
mp4_aac64,spectral_entropy_min,spectral,0.2614628126253237,0.21785170950392166,-0.8573688617406849,-32.32400482542653,1.3097592301015543e-214,-0.1667965806819985,0.8573688617406849,True
mp4_aac64,spectral_entropy_max,spectral,0.7645829943728544,0.8169516318992914,0.6664045129314734,57.884020184124296,0.0,0.0684930712713434,0.6664045129314734,True
mp4_aac64,spectral_entropy_median,spectral,0.4394673509828445,0.4395803791144221,0.004906903536808562,5.2755595755401385,1.3608316918761308e-07,0.00025719346687487927,0.004906903536808562,True
mp4_aac64,spectral_entropy_iqr,spectral,0.11085927974484291,0.11354837181199798,0.07142502357170713,55.64245815750174,0.0,0.024256806226274963,0.07142502357170713,True
mp4_aac64,spectral_entropy_skew,spectral,0.783395645980392,0.8204598342268333,0.08532767173605073,4.010203188833944,6.126000175888028e-05,0.047312221400026784,0.08532767173605073,True
mp4_aac64,spectral_entropy_kurt,spectral,1.095921857871836,2.7515939146437116,1.0653647020231758,51.53507171303492,0.0,1.5107574001553499,1.0653647020231758,True
mp4_aac64,spectral_slope_mean,spectral,-9.18098808095238e-05,-9.02002988867724e-05,0.061132341745897885,157.75573418085247,0.0,0.017531685136273876,0.061132341745897885,True
mp4_aac64,spectral_slope_std,spectral,8.94791171791807e-05,8.910340818569323e-05,-0.02894748712603696,-54.724716888897305,0.0,-0.004198845555607255,0.02894748712603696,True
mp4_aac64,spectral_slope_min,spectral,-0.0004364055378561872,-0.0004341745335052555,0.022351061716990795,57.284768403872036,0.0,0.005112227406396771,0.022351061716990795,True
mp4_aac64,spectral_slope_max,spectral,1.529144480079586e-05,2.0389809665466784e-05,0.1172393330391477,44.46318027650944,0.0,0.3334128940128388,0.1172393330391477,True
mp4_aac64,spectral_slope_median,spectral,-5.258355102009808e-05,-5.136911848426588e-05,0.04062311226159209,70.72285225696298,0.0,0.023095293343122297,0.04062311226159209,True
mp4_aac64,spectral_slope_iqr,spectral,9.380009545390365e-05,9.222590832544315e-05,-0.054256395562185415,-66.52066341983071,0.0,-0.016782361689963467,0.054256395562185415,True
mp4_aac64,spectral_slope_skew,spectral,-1.5951580481602294,-1.5928255639964248,0.0041249093714473255,4.827790629637025,1.4081055608151372e-06,0.001462227624713907,0.0041249093714473255,True
mp4_aac64,spectral_slope_kurt,spectral,2.5442185197457055,2.566973588193637,0.008593912654346107,21.08600456052088,6.554117065787448e-96,0.008943834136623521,0.008593912654346107,True
mp4_aac64,spectral_band_0_500_mean,spectral,0.7693535329643189,0.7649309046500871,-0.04316375042854479,-74.63525552473726,0.0,-0.005748499389079824,0.04316375042854479,True
mp4_aac64,spectral_band_0_500_std,spectral,0.25973851718990315,0.26507772350673864,0.07329361966095135,45.11353081835262,0.0,0.020556082226849022,0.07329361966095135,True
mp4_aac64,spectral_band_500_1000_mean,spectral,0.1471983119298208,0.14674713650073246,-0.006900627933473287,-29.803302818344324,1.760233075966605e-184,-0.00306508561934767,0.006900627933473287,True
mp4_aac64,spectral_band_500_1000_std,spectral,0.19953377924927693,0.19887465301822374,-0.010579656689631876,-52.89517603730019,0.0,-0.003303331563873915,0.010579656689631876,True
mp4_aac64,spectral_band_1000_2000_mean,spectral,0.03672035008978666,0.03748716761672334,0.022903919512805612,63.900174611719194,0.0,0.020882631158518263,0.022903919512805612,True
mp4_aac64,spectral_band_1000_2000_std,spectral,0.0707253967824291,0.07205279490332457,0.024631215117513906,39.16345768412494,3.410926343218711e-305,0.018768337560253097,0.024631215117513906,True
mp4_aac64,spectral_band_2000_3000_mean,spectral,0.011943167673330904,0.01241406545873414,0.03598173881122339,58.621691557917735,0.0,0.03942821521753814,0.03598173881122339,True
mp4_aac64,spectral_band_2000_3000_std,spectral,0.026015926215873373,0.027667697333309534,0.06143790583651873,45.273569284904454,0.0,0.0634907672988536,0.06143790583651873,True
mp4_aac64,spectral_band_3000_4000_mean,spectral,0.007921231796358038,0.008266599128368845,0.045477487365410185,52.265880161559075,0.0,0.04360020523191825,0.045477487365410185,True
mp4_aac64,spectral_band_3000_4000_std,spectral,0.019623979879824897,0.020825468327796783,0.0642711814782852,38.10094270270443,2.4578532394417304e-290,0.06122552384020313,0.0642711814782852,True
mp4_aac64,spectral_band_4000_5000_mean,spectral,0.005698215615865969,0.006052289723146754,0.0484142705145437,58.895710740177876,0.0,0.062137716637978756,0.0484142705145437,True
mp4_aac64,spectral_band_4000_5000_std,spectral,0.016345645297372178,0.01765490704245999,0.06886417941396367,43.17378462912037,0.0,0.08009850460283131,0.06886417941396367,True
mp4_aac64,spectral_band_5000_6000_mean,spectral,0.006691287152336642,0.006996470701644872,0.03397413620510726,53.77223297774682,0.0,0.045609094686910504,0.03397413620510726,True
mp4_aac64,spectral_band_5000_6000_std,spectral,0.02089955002555576,0.02185525242750821,0.04314772701275307,35.384796599864124,1.2500498518015983e-253,0.04572837217948855,0.04314772701275307,True
mp4_aac64,spectral_band_6000_8000_mean,spectral,0.014231293230456552,0.014703444355377012,0.02224673210051402,49.54224671958165,0.0,0.03317696552763061,0.02224673210051402,True
mp4_aac64,spectral_band_6000_8000_std,spectral,0.04409968191848519,0.04560764055553596,0.03094340610566477,33.956140558470686,4.274402793395096e-235,0.0341943200370042,0.03094340610566477,True
mp4_aac64,spectral_hf_ratio_4000_mean,spectral,0.02664336027191596,0.027777941449133446,0.03410585632520562,56.62048221273063,0.0,0.042584012138041666,0.03410585632520562,True
mp4_aac64,spectral_hf_ratio_4000_std,spectral,0.07543539327386911,0.07868961297758743,0.04664367246913931,37.809248476525966,2.6397445405948446e-286,0.043139162699183366,0.04664367246913931,True
mp4_aac64,spectral_hf_ratio_6000_mean,spectral,0.014253857528220174,0.014729181035103003,0.022357900219476826,49.612868692730906,0.0,0.03334700841100526,0.022357900219476826,True
mp4_aac64,spectral_hf_ratio_6000_std,spectral,0.04415820957764447,0.04567850255327812,0.03114692011339489,34.019776814723045,6.562897778754341e-236,0.034428320128343994,0.03114692011339489,True
mp4_aac64,spectral_contrast_0_mean,spectral,8.487300525645809,8.482253475312955,-0.002855640944370498,-3.932408939625765,8.48625813770199e-05,-0.0005946590812477033,0.002855640944370498,True
mp4_aac64,spectral_contrast_0_std,spectral,4.467314096583467,4.472860415615737,0.008175847773499886,1.680599829664411,0.092882646674177,0.0012415332596632039,0.008175847773499886,False
mp4_aac64,spectral_contrast_1_mean,spectral,8.511870109191422,8.494384919399867,-0.01744879748915334,-29.331480208171847,4.7132260669568424e-179,-0.0020542124782513328,0.01744879748915334,True
mp4_aac64,spectral_contrast_1_std,spectral,3.6124479245208554,3.6193484215857827,0.015000770389467824,7.531136098647118,5.622361708862062e-14,0.0019101997341159204,0.015000770389467824,True
mp4_aac64,spectral_contrast_2_mean,spectral,12.549798228221995,12.518670978941952,-0.02639731564720965,-28.80736762203364,4.189596031342146e-173,-0.0024802987836126658,0.02639731564720965,True
mp4_aac64,spectral_contrast_2_std,spectral,4.291795970110948,4.3041992572106675,0.017462869996000406,8.766652596648143,2.253080044429936e-18,0.0028899992418323886,0.017462869996000406,True
mp4_aac64,spectral_contrast_3_mean,spectral,14.052696176196482,13.98257344217097,-0.06208686073639184,-35.64686615567066,4.344356534084959e-257,-0.004989984352205033,0.06208686073639184,True
mp4_aac64,spectral_contrast_3_std,spectral,4.3823284936778615,4.36589519996445,-0.021178545573872345,-7.4837330372114845,8.052735308771072e-14,-0.003749900021670775,0.021178545573872345,True
mp4_aac64,spectral_contrast_4_mean,spectral,15.922925921936981,15.765267049998648,-0.13828334391872663,-49.46919705729237,0.0,-0.009901375708915812,0.13828334391872663,True
mp4_aac64,spectral_contrast_4_std,spectral,4.130585546320781,4.0907121221139295,-0.06906609718092488,-13.332392934851352,4.3161799081120485e-40,-0.009653213511669628,0.06906609718092488,True
mp4_aac64,spectral_contrast_5_mean,spectral,16.29696466759332,16.14104476465784,-0.11078043581935973,-44.57959144853869,0.0,-0.009567419830364387,0.11078043581935973,True
mp4_aac64,spectral_contrast_5_std,spectral,3.568230460609731,3.470660855600273,-0.08343109419165448,-27.553715543357768,3.1787933708970943e-159,-0.027343975140211554,0.08343109419165448,True
mp4_aac64,spectral_contrast_6_mean,spectral,16.375835292612727,16.21588199015183,-0.19980799455015935,-39.71178839791979,0.0,-0.009767642358558346,0.19980799455015935,True
mp4_aac64,spectral_contrast_6_std,spectral,3.9310929259120058,3.926906295690962,-0.007252182491056833,-0.7845994475780929,0.43271343453931727,-0.0010650041349689811,0.007252182491056833,False
mp4_aac64,mfcc_00_mean,mfcc,-232.57030899708263,-235.99508076488794,-0.13582892260110185,-174.43321823141736,0.0,-0.01472574802249702,0.13582892260110185,True
mp4_aac64,mfcc_00_std,mfcc,54.649420241193994,59.47529216293447,0.2423187815552229,97.14230813119961,0.0,0.0883060039876288,0.2423187815552229,True
mp4_aac64,mfcc_00_min,mfcc,-335.2041861020562,-426.01799369066606,-1.680505961744823,-142.79557487365116,0.0,-0.2709208636223913,1.680505961744823,True
mp4_aac64,mfcc_00_max,mfcc,-114.76391744081764,-115.57542027967013,-0.041216560680079464,-129.2734553133417,0.0,-0.007071062551267237,0.041216560680079464,True
mp4_aac64,mfcc_00_median,mfcc,-240.27150874579405,-242.604279559012,-0.07782329530132846,-84.9985579090302,0.0,-0.009708894847312176,0.07782329530132846,True
mp4_aac64,mfcc_00_iqr,mfcc,96.44749551421131,96.86398405606444,0.009476441985847942,19.070129118509858,3.39010665083211e-79,0.004318292970000018,0.009476441985847942,True
mp4_aac64,mfcc_00_skew,mfcc,0.40367540659194995,-0.36955335843556836,-1.7083873963353429,-67.63699506311238,0.0,-1.9154715704767382,1.7083873963353429,True
mp4_aac64,mfcc_00_kurt,mfcc,-0.6426130788667378,2.11410791996548,1.843238950769812,52.74472143521128,0.0,4.2898613325669555,1.843238950769812,True
mp4_aac64,mfcc_01_mean,mfcc,60.16657194438453,59.69741334141368,-0.06320658303441724,-77.99347575910879,0.0,-0.007797662186978527,0.06320658303441724,True
mp4_aac64,mfcc_01_std,mfcc,17.793638392294596,18.80765037222115,0.22844911146817257,104.58819670414135,0.0,0.05698733207738247,0.22844911146817257,True
mp4_aac64,mfcc_01_min,mfcc,5.29331604451664,-1.5575802573790136,-0.4081129013196278,-53.782517438513175,0.0,-1.2942541583158473,0.4081129013196278,True
mp4_aac64,mfcc_01_max,mfcc,97.23062635374845,97.3905509612426,0.016947406186832634,15.126535163901215,6.161597227623523e-51,0.0016447966396133595,0.016947406186832634,True
mp4_aac64,mfcc_01_median,mfcc,59.72670034304243,59.8214607983407,0.01774339730375969,16.800394749502665,3.3624413121316753e-62,0.0015865677285704883,0.01774339730375969,True
mp4_aac64,mfcc_01_iqr,mfcc,20.635167266729457,20.899523174589703,0.03438886175930921,23.601277051242963,7.9857910316987e-119,0.012810940877928948,0.03438886175930921,True
mp4_aac64,mfcc_01_skew,mfcc,-0.4500619617035882,-0.6987626780036468,-0.402323991031382,-60.79172675611798,0.0,-0.5525921705506261,0.402323991031382,True
mp4_aac64,mfcc_01_kurt,mfcc,0.923285359228895,1.417557945343421,0.31572583083779204,37.42184174388214,5.530774731324349e-281,0.5353410851519732,0.31572583083779204,True
mp4_aac64,mfcc_02_mean,mfcc,19.908221298556434,19.73363238477512,-0.0248223588616872,-78.85972864298172,0.0,-0.00876968922351558,0.0248223588616872,True
mp4_aac64,mfcc_02_std,mfcc,15.459048571538762,15.556547994829995,0.02122682888661257,36.18292476506349,3.210859145076895e-264,0.0063069485059213705,0.02122682888661257,True
mp4_aac64,mfcc_02_min,mfcc,-23.868052795521354,-24.052423455102346,-0.011582808635819437,-16.980362190056212,1.7817602412367194e-63,-0.007724579007785152,0.011582808635819437,True
mp4_aac64,mfcc_02_max,mfcc,48.59164026145284,48.674582963412114,0.01157243384891259,7.297340347834949,3.2385217592589407e-13,0.001706933569498643,0.01157243384891259,True
mp4_aac64,mfcc_02_median,mfcc,23.802444957345905,23.610908302675245,-0.027976302664733815,-34.27684281384164,3.2995403711083757e-239,-0.008046931943919823,0.027976302664733815,True
mp4_aac64,mfcc_02_iqr,mfcc,20.682857482026105,21.024407232441323,0.03676930199053336,36.29551098736775,9.985931679907613e-266,0.016513663584059087,0.03676930199053336,True
mp4_aac64,mfcc_02_skew,mfcc,-0.7659894303064093,-0.7486911525608239,0.0431776963249056,22.70701732878771,2.021671885524363e-110,0.022582919634629734,0.0431776963249056,True
mp4_aac64,mfcc_02_kurt,mfcc,0.26381361972885536,0.19126931770271874,-0.0695926365525753,-32.98221319127133,8.821400867952313e-223,-0.27498315705116677,0.0695926365525753,True
mp4_aac64,mfcc_03_mean,mfcc,15.448066008699366,15.344662707159465,-0.025743926902643034,-59.12568080038538,0.0,-0.006693608214884025,0.025743926902643034,True
mp4_aac64,mfcc_03_std,mfcc,11.427590444690074,11.527322207375986,0.03441208452421657,68.25577412539926,0.0,0.008727278350463994,0.03441208452421657,True
mp4_aac64,mfcc_03_min,mfcc,-15.9039831824837,-16.02077959972037,-0.01315932547824583,-13.286332629874869,7.881277143653532e-40,-0.007343846877636787,0.01315932547824583,True
mp4_aac64,mfcc_03_max,mfcc,44.45800556141336,44.55861817411062,0.010527532369604452,10.105856400977595,7.414920400459365e-24,0.0022630932590594417,0.010527532369604452,True
mp4_aac64,mfcc_03_median,mfcc,16.649511114075256,16.605174101259323,-0.014163387210204043,-12.810918868116245,3.5134607249142417e-37,-0.002662961843873713,0.014163387210204043,True
mp4_aac64,mfcc_03_iqr,mfcc,13.106738471226437,13.463369078142174,0.07469590558913387,55.01493222402813,0.0,0.027209714125192682,0.07469590558913387,True
mp4_aac64,mfcc_03_skew,mfcc,-0.27863215430017524,-0.2755491577369889,0.005242985875885144,4.26047662946613,2.065053917753726e-05,0.011064755146188082,0.005242985875885144,True
mp4_aac64,mfcc_03_kurt,mfcc,0.5675497006257167,0.4838696688012447,-0.09183917720343927,-57.52110136195169,0.0,-0.14744088796490562,0.09183917720343927,True
mp4_aac64,mfcc_04_mean,mfcc,3.7322737033865425,3.7104873908552864,-0.004659262455738647,-19.06650857821183,3.6214056665892764e-79,-0.005837276218913925,0.004659262455738647,True
mp4_aac64,mfcc_04_std,mfcc,10.95734263625844,10.939202874099038,-0.005160353355392353,-19.254603381599168,1.1567613626639194e-80,-0.0016554891784962974,0.005160353355392353,True
mp4_aac64,mfcc_04_min,mfcc,-29.49284161677557,-29.559951142636123,-0.005524768699064978,-8.784770360301652,1.9211767810075076e-18,-0.002275451336041484,0.005524768699064978,True
mp4_aac64,mfcc_04_max,mfcc,24.317287404055623,24.379859093552138,0.014063967291327027,7.032452054871142,2.2096241250412253e-12,0.0025731360762746703,0.014063967291327027,True
mp4_aac64,mfcc_04_median,mfcc,6.5146711693125186,6.42016509706177,-0.024102345616814094,-26.383120421772592,1.0193244358355475e-146,-0.014506652721924187,0.024102345616814094,True
mp4_aac64,mfcc_04_iqr,mfcc,13.88488369665124,13.849673145044692,-0.00564575779305994,-6.169570757784632,7.206152981299974e-10,-0.0025358910002998636,0.00564575779305994,True
mp4_aac64,mfcc_04_skew,mfcc,-0.8595793116964991,-0.848779520582576,0.027113390115044895,24.83732752506234,6.781290975437061e-131,0.012564042627559596,0.027113390115044895,True
mp4_aac64,mfcc_04_kurt,mfcc,0.5969079590029862,0.5868919981613242,-0.008533783396035317,-7.000915128032538,2.7647522019963535e-12,-0.016779740813628354,0.008533783396035317,True
mp4_aac64,mfcc_05_mean,mfcc,2.27544297074246,2.276337641761628,0.0002828867059052612,1.0347093787942192,0.3008382848716532,0.0003931854283634426,0.0002828867059052612,False
mp4_aac64,mfcc_05_std,mfcc,8.251713305039285,8.246473966628809,-0.0027552746478871275,-6.691286619386067,2.3727186923873007e-11,-0.0006349394624842866,0.0027552746478871275,True
mp4_aac64,mfcc_05_min,mfcc,-22.14853938837283,-22.218619178594594,-0.009352732997043974,-10.716090658526758,1.336533809404596e-26,-0.0031640817930664294,0.009352732997043974,True
mp4_aac64,mfcc_05_max,mfcc,20.40958480722176,20.44818650501868,0.00906231803390991,4.447614610876304,8.809108086147874e-06,0.0018913514489163783,0.00906231803390991,True
mp4_aac64,mfcc_05_median,mfcc,3.699178971040795,3.6584147583964115,-0.014341087380447492,-13.924918003444928,1.5677106890125111e-43,-0.011019800059285675,0.014341087380447492,True
mp4_aac64,mfcc_05_iqr,mfcc,10.910918315307324,10.866549170216386,-0.012662140087479627,-10.410034121478486,3.322315685213473e-25,-0.0040664904464265805,0.012662140087479627,True
mp4_aac64,mfcc_05_skew,mfcc,-0.5700763518854828,-0.5664069424337809,0.009891579095052042,9.661428163561018,5.914771369018998e-22,0.006436698241499804,0.009891579095052042,True
mp4_aac64,mfcc_05_kurt,mfcc,0.2299524123823442,0.23874076130419175,0.010612779329493872,9.475922608673708,3.48016277617561e-21,0.03821812013537421,0.010612779329493872,True
mp4_aac64,mfcc_06_mean,mfcc,-0.5228687460765672,-0.517266569922011,0.0024383602668921643,6.983910216961818,3.1186664918849782e-12,0.010714306786536818,0.0024383602668921643,True
mp4_aac64,mfcc_06_std,mfcc,7.126740410609265,7.102446279076044,-0.018152708985018973,-35.10818183686086,5.348320788295629e-250,-0.0034088699929431155,0.018152708985018973,True
mp4_aac64,mfcc_06_min,mfcc,-22.25809270145912,-22.308131964580618,-0.008128297782565354,-7.836065477704835,5.294660110804022e-15,-0.0022481379600965343,0.008128297782565354,True
mp4_aac64,mfcc_06_max,mfcc,16.40492892396689,16.423406378137635,0.004088740615050383,2.4978978181000193,0.012514641096134968,0.0011263355212561416,0.004088740615050383,False
mp4_aac64,mfcc_06_median,mfcc,0.39429299580897026,0.3950232921020268,0.0003797999578402662,0.2882297571675404,0.7731789008597242,0.0018521665381303438,0.0003797999578402662,False
mp4_aac64,mfcc_06_iqr,mfcc,9.078711615636932,8.96841178055737,-0.04935193668373836,-29.4304366285369,3.472181905455784e-180,-0.012149282822199662,0.04935193668373836,True
mp4_aac64,mfcc_06_skew,mfcc,-0.4738580282552421,-0.4782099086109952,-0.010229453740980247,-11.467060378678509,3.459248816948313e-30,-0.009183932942482506,0.010229453740980247,True
mp4_aac64,mfcc_06_kurt,mfcc,0.3725700786791473,0.4077815928564319,0.044972147613515194,37.562456519633486,6.541487778656662e-283,0.09450977464996133,0.044972147613515194,True
mp4_aac64,mfcc_07_mean,mfcc,-1.5869632393684958,-1.5813000485257844,0.002035317983333775,6.70595256777454,2.1474813226089785e-11,0.003568570904619664,0.002035317983333775,True
mp4_aac64,mfcc_07_std,mfcc,6.958412412989599,6.933771286365774,-0.016595482293422358,-36.31279127690016,5.858167386919884e-266,-0.003541199509506846,0.016595482293422358,True
mp4_aac64,mfcc_07_min,mfcc,-22.923088731664496,-22.96332298454907,-0.006328349098462563,-6.87462776716327,6.7185348408107775e-12,-0.0017551846243563404,0.006328349098462563,True
mp4_aac64,mfcc_07_max,mfcc,13.624869962386459,13.641065224061936,0.004835336397795262,1.988159958547176,0.04683058646795656,0.0011886544033217908,0.004835336397795262,False
mp4_aac64,mfcc_07_median,mfcc,-0.5326856688241227,-0.5153656636784423,0.006631866098513921,6.524695272780153,7.26065589750304e-11,0.03251449430564463,0.006631866098513921,True
mp4_aac64,mfcc_07_iqr,mfcc,9.231024600821387,9.130489567197499,-0.037110960384261815,-27.61100313317159,7.566037178724666e-160,-0.010890994008936198,0.037110960384261815,True
mp4_aac64,mfcc_07_skew,mfcc,-0.5678940338208495,-0.5742851288278131,-0.019079566072196484,-16.098802989027085,2.4020417699188043e-57,-0.01125402738247437,0.019079566072196484,True
mp4_aac64,mfcc_07_kurt,mfcc,0.25189529761787705,0.2817952056178621,0.038615583875778056,32.02934190267336,5.436535924140439e-211,0.11869974661195518,0.038615583875778056,True
mp4_aac64,mfcc_08_mean,mfcc,-0.7934494833567001,-0.7738640286106955,0.011647002911764556,27.30190890207263,1.6978127068441924e-156,0.024683934083803333,0.011647002911764556,True
mp4_aac64,mfcc_08_std,mfcc,5.67288838008245,5.656282276860003,-0.016497982919519764,-25.793947092158117,1.3587030006528698e-140,-0.0029272748042692104,0.016497982919519764,True
mp4_aac64,mfcc_08_min,mfcc,-17.88672795191261,-17.913390356532158,-0.005586109393071981,-4.061464945032448,4.9266420035756115e-05,-0.001490625042837739,0.005586109393071981,True
mp4_aac64,mfcc_08_max,mfcc,14.70344309434505,14.735164745378487,0.007900417659927252,4.735567239096456,2.2248760904196463e-06,0.0021574301223118344,0.007900417659927252,True
mp4_aac64,mfcc_08_median,mfcc,-0.5393774310919758,-0.5044700516244914,0.025322965142581956,16.57978615650487,1.1843998846476703e-60,0.0647179089358892,0.025322965142581956,True
mp4_aac64,mfcc_08_iqr,mfcc,7.108354348153189,7.033498721873917,-0.051722775928642356,-23.608864195455446,6.758150180114296e-119,-0.010530654862291785,0.051722775928642356,True
mp4_aac64,mfcc_08_skew,mfcc,-0.18225319906023818,-0.18789454395741761,-0.013649940231053845,-12.175608689999075,8.77529795922577e-34,-0.030953338137646964,0.013649940231053845,True
mp4_aac64,mfcc_08_kurt,mfcc,0.4299831852846007,0.45942071436934884,0.04588873727253024,26.336913027821833,3.11032192986809e-146,0.06846204710368795,0.04588873727253024,True
mp4_aac64,mfcc_09_mean,mfcc,0.09481104001417891,0.08766625355382485,-0.0038031323300572696,-9.652523754225353,6.444775995089158e-22,-0.07535816988491598,0.0038031323300572696,True
mp4_aac64,mfcc_09_std,mfcc,5.453465199259565,5.431973415639202,-0.02124279150395106,-33.69092293185357,1.0244129805966402e-231,-0.00394094082112792,0.02124279150395106,True
mp4_aac64,mfcc_09_min,mfcc,-16.497228786487476,-16.479982462033135,0.0034399728698014643,2.5467003378517075,0.010894644763129428,0.001045407363718379,0.0034399728698014643,False
mp4_aac64,mfcc_09_max,mfcc,14.864465673129063,14.893368339782088,0.007256037384074305,4.457415832388418,8.416946377931508e-06,0.0019444134278753778,0.007256037384074305,True
mp4_aac64,mfcc_09_median,mfcc,0.36566232998192433,0.34717285879998405,-0.01171931309572218,-8.869662100213926,9.067050643690354e-19,-0.05056433125844344,0.01171931309572218,True
mp4_aac64,mfcc_09_iqr,mfcc,6.829150524966648,6.757835887228934,-0.05136519054033935,-23.1420448100935,1.789303930173142e-114,-0.010442680605295719,0.05136519054033935,True
mp4_aac64,mfcc_09_skew,mfcc,-0.20675737511389178,-0.20277091984849904,0.009436904818377447,8.23324199516986,2.1339695101887562e-16,0.01928083708354687,0.009436904818377447,True
mp4_aac64,mfcc_09_kurt,mfcc,0.4446468598908722,0.47033761638926436,0.03731351019844893,21.09616621655342,5.351686597195618e-96,0.05777788806311893,0.03731351019844893,True
mp4_aac64,mfcc_10_mean,mfcc,-1.0237147295672702,-1.0014318338792905,0.012480400483593734,30.66115709235957,1.5986122519827366e-194,0.021766704184669493,0.012480400483593734,True
mp4_aac64,mfcc_10_std,mfcc,5.021748270920103,5.010306676525814,-0.01197096463445117,-18.46389651140938,1.8247026632198064e-74,-0.0022784085894039774,0.01197096463445117,True
mp4_aac64,mfcc_10_min,mfcc,-15.660272312779497,-15.680352073029121,-0.004536811846977093,-3.083138651312437,0.0020557962454532397,-0.00128221015883856,0.004536811846977093,False
mp4_aac64,mfcc_10_max,mfcc,13.005106517823533,13.042624928172343,0.009179554497035405,5.5403374118480375,3.122068815828803e-08,0.0028848983510739,0.009179554497035405,True
mp4_aac64,mfcc_10_median,mfcc,-0.8744786400909921,-0.833447545369288,0.027308309051209657,20.607645454546756,8.274480048104745e-92,0.04692063686934042,0.027308309051209657,True
mp4_aac64,mfcc_10_iqr,mfcc,6.452512291490735,6.401918920408847,-0.038557010331331645,-17.218659184302386,3.4861037323307504e-65,-0.00784087945847203,0.038557010331331645,True
mp4_aac64,mfcc_10_skew,mfcc,-0.09622503333952097,-0.10283445336553462,-0.016920108699307074,-13.624650654055204,9.036839521142327e-42,-0.06868711598875667,0.016920108699307074,True
mp4_aac64,mfcc_10_kurt,mfcc,0.29514390553543896,0.3201662440075443,0.04174446579934156,21.914791050742757,3.272467121635826e-103,0.08478012929560835,0.04174446579934156,True
mp4_aac64,mfcc_11_mean,mfcc,0.27041779017296613,0.2543430264416698,-0.009473389342275373,-22.87005350619271,6.230742725986877e-112,-0.059444179767220634,0.009473389342275373,True
mp4_aac64,mfcc_11_std,mfcc,4.809509036834139,4.793666031569432,-0.015838974760257567,-26.563092548746592,1.3019424420195643e-148,-0.0032941003215444507,0.015838974760257567,True
mp4_aac64,mfcc_11_min,mfcc,-13.661960875630747,-13.671310127334174,-0.002082294624422033,-1.4441149685080203,0.1487487460795369,-0.0006843272198285181,0.002082294624422033,False
mp4_aac64,mfcc_11_max,mfcc,13.970859632554866,13.978380888864697,0.0018105302500980966,1.1619999445262008,0.24527276170481185,0.0005383531513196789,0.0018105302500980966,False
mp4_aac64,mfcc_11_median,mfcc,0.32651092954466343,0.29776459343038264,-0.020043219683486446,-14.652188846059884,6.046881306060979e-48,-0.08804096130677481,0.020043219683486446,True
mp4_aac64,mfcc_11_iqr,mfcc,6.134643005931863,6.071026435533298,-0.05054773484989685,-21.99460267645896,6.290899597215543e-104,-0.01037005255840491,0.05054773484989685,True
mp4_aac64,mfcc_11_skew,mfcc,-0.03540516373431238,-0.030103097338815648,0.013490481328961771,10.502462183884685,1.2708059960581442e-25,0.14975404252567578,0.013490481328961771,True
mp4_aac64,mfcc_11_kurt,mfcc,0.3140463220049161,0.3373602032927598,0.03769846426062014,19.926872594663863,4.074150910677377e-86,0.07423707795399277,0.03769846426062014,True
mp4_aac64,mfcc_12_mean,mfcc,-1.7276071492641025,-1.6939571075589213,0.022470475655795387,48.2445176596789,0.0,0.019477831936221702,0.022470475655795387,True
mp4_aac64,mfcc_12_std,mfcc,4.688958951585392,4.677808797834147,-0.010836669753767028,-18.591449158258925,1.8935199759007928e-75,-0.0023779593437206962,0.010836669753767028,True
mp4_aac64,mfcc_12_min,mfcc,-15.18281220069673,-15.187813626584019,-0.0012013548826445635,-0.748555284221495,0.4541489545978128,-0.0003294136699562564,0.0012013548826445635,False
mp4_aac64,mfcc_12_max,mfcc,11.902021205933115,11.928255692042262,0.005852028343854444,3.9738024760086756,7.140264036505587e-05,0.0022042042822162477,0.005852028343854444,True
mp4_aac64,mfcc_12_median,mfcc,-1.6985554444777158,-1.6359370693081543,0.04989459788688945,33.560759353823045,4.592043164009346e-230,0.036865664511066834,0.04989459788688945,True
mp4_aac64,mfcc_12_iqr,mfcc,5.939045012818372,5.905751512039897,-0.027677421036136126,-11.793056630239919,8.129039158403373e-32,-0.00560586772900644,0.027677421036136126,True
mp4_aac64,mfcc_12_skew,mfcc,0.005274117070325734,-0.005624397996547991,-0.026260483873283683,-20.868209973261813,4.944358957668628e-94,-2.066415083615242,0.026260483873283683,True
mp4_aac64,mfcc_12_kurt,mfcc,0.369211801614192,0.38720436989430423,0.02574359739615681,14.276602407271294,1.2224026927241497e-45,0.048732375838065965,0.02574359739615681,True
mp4_aac64,mfcc_13_mean,mfcc,-0.33015276454057835,-0.3429988668061752,-0.008124661961100163,-19.412744579772173,6.245500626686084e-82,-0.03890957049374627,0.008124661961100163,True
mp4_aac64,mfcc_13_std,mfcc,4.592576183197079,4.578699795952664,-0.013624000544003013,-23.84283368576259,3.842523269059624e-121,-0.003021482211919468,0.013624000544003013,True
mp4_aac64,mfcc_13_min,mfcc,-13.384910055713425,-13.423352217228883,-0.008852510710488821,-6.06360509703423,1.3960842332405076e-09,-0.0028720522854054887,0.008852510710488821,True
mp4_aac64,mfcc_13_max,mfcc,12.963305360350361,12.962446732348676,-0.0001943961013492124,-0.13250086184605633,0.8945917245281991,-6.623526776678045e-05,0.0001943961013492124,False
mp4_aac64,mfcc_13_median,mfcc,-0.37402438555020945,-0.3795765538451731,-0.004248632557950674,-2.9985088975900807,0.0027220129564900107,-0.014844401887850448,0.004248632557950674,False
mp4_aac64,mfcc_13_iqr,mfcc,5.8372969337715395,5.783459579653436,-0.04614638825897895,-19.480728802718975,1.7690310519886633e-82,-0.009222993918063123,0.04614638825897895,True
mp4_aac64,mfcc_13_skew,mfcc,0.03339240035553463,0.03049493300375305,-0.00697977799622954,-5.652649455530343,1.638378394462554e-08,-0.0867702627224084,0.00697977799622954,True
mp4_aac64,mfcc_13_kurt,mfcc,0.32798492937713514,0.3532006741417035,0.03739158924304828,21.53318860027605,8.082086888231408e-100,0.07688080306755157,0.03739158924304828,True
mp4_aac64,mfcc_14_mean,mfcc,-2.362983337396816,-2.3335510700355093,0.01926656162695017,41.782438798353915,0.0,0.012455554339088515,0.01926656162695017,True
mp4_aac64,mfcc_14_std,mfcc,4.438593298443306,4.43272338435071,-0.0053618611502907546,-10.151131987406181,4.696566113949071e-24,-0.0013224717152289323,0.0053618611502907546,True
mp4_aac64,mfcc_14_min,mfcc,-15.221344985174982,-15.255926370588686,-0.008174832902020144,-5.5285966520614025,3.3374294705027946e-08,-0.0022719007714091482,0.008174832902020144,True
mp4_aac64,mfcc_14_max,mfcc,10.39929196043467,10.404258617068663,0.001057978384593419,0.7515236053838513,0.4523613711890439,0.00047759565294341313,0.001057978384593419,False
mp4_aac64,mfcc_14_median,mfcc,-2.3115852119028366,-2.2564878179059042,0.042549600829061666,31.065239968439087,2.4960392379536123e-199,0.02383532898256328,0.042549600829061666,True
mp4_aac64,mfcc_14_iqr,mfcc,5.636722449186396,5.62570450282039,-0.009161197629966599,-3.9825797057136394,6.882086289461222e-05,-0.0019546725007893646,0.009161197629966599,True
mp4_aac64,mfcc_14_skew,mfcc,-0.034967367755033146,-0.05004368024876448,-0.03707228342415674,-28.560381206026747,2.4884423734966103e-170,-0.4311537716922165,0.03707228342415674,True
mp4_aac64,mfcc_14_kurt,mfcc,0.33822159699902976,0.3484476551319992,0.014094988195986952,8.154432610852966,4.084604153536417e-16,0.030234787558521242,0.014094988195986952,True
mp4_aac64,mfcc_15_mean,mfcc,-1.1255824356967263,-1.124878899517363,0.0004838773873574862,1.0781029806107882,0.2810227540894238,0.0006250418956900016,0.0004838773873574862,False
mp4_aac64,mfcc_15_std,mfcc,4.352679329762987,4.340629466071038,-0.010873185785134932,-21.988669991127036,7.112560593067837e-104,-0.0027683784581956357,0.010873185785134932,True
mp4_aac64,mfcc_15_min,mfcc,-13.654193028953829,-13.672672655005366,-0.004702113105740945,-3.2584915312257565,0.0011250902726367854,-0.001353403017838606,0.004702113105740945,False
mp4_aac64,mfcc_15_max,mfcc,11.436744904873784,11.444072068049982,0.001466560352052753,1.1003183723282577,0.2712290291318654,0.0006406685850862591,0.001466560352052753,False
mp4_aac64,mfcc_15_median,mfcc,-1.1190680850199837,-1.0991452046501804,0.016700970988272282,11.339828306002758,1.455321136677477e-29,0.0178030994150347,0.016700970988272282,True
mp4_aac64,mfcc_15_iqr,mfcc,5.50386172555364,5.464379419016436,-0.03351512751594627,-14.966306359094524,6.460241508201605e-50,-0.007173564400045408,0.03351512751594627,True
mp4_aac64,mfcc_15_skew,mfcc,-0.014597489258277712,-0.02108257638648991,-0.015323816690461355,-12.419889933675044,4.531514494939348e-35,-0.4442604487298896,0.015323816690461355,True
mp4_aac64,mfcc_15_kurt,mfcc,0.3480511530553885,0.371476474256131,0.02999473497618867,19.084955436036473,2.5869154737528584e-79,0.06730424822645151,0.02999473497618867,True
mp4_aac64,mfcc_16_mean,mfcc,-1.9634104081123271,-1.935701449637361,0.019341023399035807,43.06205840043619,0.0,0.014112667611661602,0.019341023399035807,True
mp4_aac64,mfcc_16_std,mfcc,4.205176805278491,4.197992352717817,-0.006505377318245859,-13.139174592800803,5.3251824276523884e-39,-0.0017084781195539074,0.006505377318245859,True
mp4_aac64,mfcc_16_min,mfcc,-13.857347370748029,-13.875946135918888,-0.004782387240071793,-3.183794670055556,0.0014595703389242694,-0.0013421591213134926,0.004782387240071793,False
mp4_aac64,mfcc_16_max,mfcc,10.379392230883992,10.398936869588338,0.004114425038063791,3.165418116429363,0.0015548487731000078,0.001883023424646272,0.004114425038063791,False
mp4_aac64,mfcc_16_median,mfcc,-1.9870286126467631,-1.9324571270473083,0.04471781979359361,32.27170196499614,5.770768766547654e-214,0.027463865015393236,0.04471781979359361,True
mp4_aac64,mfcc_16_iqr,mfcc,5.322998178209221,5.302929710556325,-0.01743224664330036,-7.551066445800989,4.831021597421326e-14,-0.0037701436260208633,0.01743224664330036,True
mp4_aac64,mfcc_16_skew,mfcc,0.03465886932601083,0.022106351695127174,-0.03014308942598452,-24.326472685059723,7.65054622254108e-126,-0.3621733159501319,0.03014308942598452,True
mp4_aac64,mfcc_16_kurt,mfcc,0.34496050263213607,0.3568105793581587,0.015107087222642963,9.455931049257952,4.2043001585981125e-21,0.03435198127206891,0.015107087222642963,True
mp4_aac64,mfcc_17_mean,mfcc,-0.6974917658423915,-0.7007627330872421,-0.0024291655328935358,-5.347537766016068,9.180977111765958e-08,-0.004689614136018025,0.0024291655328935358,True
mp4_aac64,mfcc_17_std,mfcc,4.037585516945116,4.025449751929041,-0.010698352089602016,-22.720599021561565,1.5141901806740605e-110,-0.003005698570381544,0.010698352089602016,True
mp4_aac64,mfcc_17_min,mfcc,-12.03001808822195,-12.045123511625704,-0.004439338184013937,-2.6333714107489805,0.008471670544218716,-0.001255644280247769,0.004439338184013937,False
mp4_aac64,mfcc_17_max,mfcc,11.278629793689515,11.281098194267141,0.0004692985012260716,0.40056756777475366,0.688750029380714,0.0002188564234112578,0.0004692985012260716,False
mp4_aac64,mfcc_17_median,mfcc,-0.7566387475117893,-0.745926803690586,0.009380558853144642,6.449498679404058,1.192415128917766e-10,0.014157276317700642,0.009380558853144642,True
mp4_aac64,mfcc_17_iqr,mfcc,5.101106442682239,5.053910250652921,-0.04197598155703796,-18.79979975906163,4.538385055718008e-77,-0.009252148050551513,0.04197598155703796,True
mp4_aac64,mfcc_17_skew,mfcc,0.05424301387528234,0.05043744570720555,-0.008812533680324482,-7.14711760265915,9.70296543284287e-13,-0.07015775666202291,0.008812533680324482,True
mp4_aac64,mfcc_17_kurt,mfcc,0.35641762904074725,0.3799823078511826,0.0266464053323658,18.315044873282282,2.521410110170294e-73,0.06611535707101995,0.0266464053323658,True
mp4_aac64,mfcc_18_mean,mfcc,-2.098664632028567,-2.0728051840640367,0.02138834586643986,42.34755317807135,0.0,0.01232185818061589,0.02138834586643986,True
mp4_aac64,mfcc_18_std,mfcc,3.9658225470165385,3.959012952165824,-0.006485146166873655,-13.03504042225419,2.0333760764791485e-38,-0.0017170699823261988,0.006485146166873655,True
mp4_aac64,mfcc_18_min,mfcc,-13.644822365461282,-13.650931797173696,-0.0017182723951810525,-1.1276827272654542,0.2594902999418384,-0.0004477472515786174,0.0017182723951810525,False
mp4_aac64,mfcc_18_max,mfcc,9.296280963128332,9.32566201896729,0.00633339293097545,4.778072324671662,1.8037588167943023e-06,0.0031605171955850814,0.00633339293097545,True
mp4_aac64,mfcc_18_median,mfcc,-2.049125312751555,-2.0005635115070306,0.04840920776110923,30.92695917940529,1.1156642682836814e-197,0.023698795257824336,0.04840920776110923,True
mp4_aac64,mfcc_18_iqr,mfcc,4.985679273121641,4.970423409622988,-0.014531156501992928,-6.099294942053194,1.118670122151003e-09,-0.0030599368035763757,0.014531156501992928,True
mp4_aac64,mfcc_18_skew,mfcc,-0.053692763948621026,-0.06665802106539656,-0.031087640044020946,-24.067099789385455,2.5987980035970005e-123,-0.24147121815487238,0.031087640044020946,True
mp4_aac64,mfcc_18_kurt,mfcc,0.371787175753499,0.3845612712458738,0.015840354495126975,9.849150273579493,9.518799851001936e-23,0.034358623227080394,0.015840354495126975,True
mp4_aac64,mfcc_19_mean,mfcc,-0.5474202609398403,-0.5483256874514685,-0.0007662432631034697,-1.5712616481155326,0.1161644089639115,-0.0016539879435110544,0.0007662432631034697,False
mp4_aac64,mfcc_19_std,mfcc,3.8057659573537324,3.7920281897701886,-0.013373078761772926,-27.216897931977748,1.4000399390298236e-155,-0.003609724753830113,0.013373078761772926,True
mp4_aac64,mfcc_19_min,mfcc,-11.474654826725736,-11.500003561828105,-0.006965412939969333,-4.675225453159423,2.9880408561680268e-06,-0.002209106547007353,0.006965412939969333,True
mp4_aac64,mfcc_19_max,mfcc,10.656085372980428,10.655342804105544,-0.00016628610820720692,-0.13352464458338897,0.8937820865234389,-6.968495924091828e-05,0.00016628610820720692,False
mp4_aac64,mfcc_19_median,mfcc,-0.5634483520828709,-0.5519170847460687,0.011689464891286307,7.486884032677841,7.863233990026549e-14,0.020465526776633845,0.011689464891286307,True
mp4_aac64,mfcc_19_iqr,mfcc,4.760932293257385,4.719127376414906,-0.04234460092245882,-17.76353295735998,3.580368278655071e-69,-0.008780825743244647,0.04234460092245882,True
mp4_aac64,mfcc_19_skew,mfcc,0.020630889099338794,0.016433126202093605,-0.00964299300623345,-7.742568081435633,1.1030103161542007e-14,-0.2034698008909235,0.00964299300623345,True
mp4_aac64,mfcc_19_kurt,mfcc,0.4087461482476621,0.4348185838804662,0.030649399948920047,20.24650128720493,9.092073524521227e-89,0.06378637632324947,0.030649399948920047,True
mp4_aac64,mfcc_d1_00_mean,mfcc,-0.02616819855140234,-0.517132812709939,-3.4720050088561893,-133.0181768073361,0.0,-18.761880501408307,3.4720050088561893,True
mp4_aac64,mfcc_d1_00_std,mfcc,5.586916580173161,6.528108234346271,0.5308912118479296,79.95885908823888,0.0,0.16846352378218954,0.5308912118479296,True
mp4_aac64,mfcc_d2_00_mean,mfcc,-0.05374497811239215,-0.14051712646298176,-1.126876929843624,-56.6748031804411,0.0,-1.6145163957296742,1.126876929843624,True
mp4_aac64,mfcc_d2_00_std,mfcc,2.4215625754559063,2.6931813430094054,0.3985839271702592,74.0910078273928,0.0,0.11216673494483685,0.3985839271702592,True
mp4_aac64,mfcc_d1_01_mean,mfcc,0.0026126360155217273,-0.20450157618361736,-4.155742233904402,-162.07492619436547,0.0,-79.27404007625596,4.155742233904402,True
mp4_aac64,mfcc_d1_01_std,mfcc,2.699114084130301,2.9189429331151224,0.32103865221794053,103.17883548064721,0.0,0.08144481564426118,0.32103865221794053,True
mp4_aac64,mfcc_d2_01_mean,mfcc,-0.007373475627980725,-0.05259314603614295,-1.5463697676279726,-85.6585467711295,0.0,-6.132748338729632,1.5463697676279726,True
mp4_aac64,mfcc_d2_01_std,mfcc,1.251629128148721,1.3071023276245888,0.18926419615681606,80.9911085055501,0.0,0.044320796175395714,0.18926419615681606,True
mp4_aac64,mfcc_d1_02_mean,mfcc,-0.010639058939246993,-0.08584787033029415,-1.8594885547751339,-118.99532073474083,0.0,-7.069122543687144,1.8594885547751339,True
mp4_aac64,mfcc_d1_02_std,mfcc,2.144294136435201,2.221645682380154,0.14301264548003623,94.45036683250818,0.0,0.03607319752948943,0.14301264548003623,True
mp4_aac64,mfcc_d2_02_mean,mfcc,-0.02639596465575873,-0.034276644836253665,-0.3516970651639854,-24.318563941841617,9.145564060547334e-126,-0.29855624839896244,0.3516970651639854,True
mp4_aac64,mfcc_d2_02_std,mfcc,0.9982922744631674,1.000947707958835,0.013510574490260352,8.557145840550206,1.3904957697798986e-17,0.0026599760046179957,0.013510574490260352,True
mp4_aac64,mfcc_d1_03_mean,mfcc,-0.004336567633102532,-0.07221343436474818,-2.377945110907467,-165.18506509393663,0.0,-15.652209875275064,2.377945110907467,True
mp4_aac64,mfcc_d1_03_std,mfcc,1.5553615144163926,1.5918397699608244,0.11581791470845204,81.43963401433041,0.0,0.023453232709129575,0.11581791470845204,True
mp4_aac64,mfcc_d2_03_mean,mfcc,-0.013756039524384443,-0.01739360280326202,-0.21538118749012808,-15.604887828702815,4.8166421156049297e-54,-0.2644339071888754,0.21538118749012808,True
mp4_aac64,mfcc_d2_03_std,mfcc,0.766336686313705,0.7678037423240052,0.012972763844715645,6.7464861425699185,1.628333263659419e-11,0.0019143752824324824,0.012972763844715645,True
mp4_aac64,mfcc_d1_04_mean,mfcc,-0.0017099521889732945,-0.027388020061859367,-1.063423442789777,-90.97253208817051,0.0,-15.01683382639133,1.063423442789777,True
mp4_aac64,mfcc_d1_04_std,mfcc,1.4736286501461349,1.482946723298211,0.025364282757399742,36.013817246217414,5.812549719252002e-262,0.006323216606267847,0.025364282757399742,True
mp4_aac64,mfcc_d2_04_mean,mfcc,-0.007286515278118179,-0.01339083293111608,-0.41556140433324823,-33.30986172010505,6.794247325405216e-227,-0.8377554180569023,0.41556140433324823,True
mp4_aac64,mfcc_d2_04_std,mfcc,0.7299490521093706,0.7270099408619503,-0.02412416257713207,-18.011626904888725,5.015906043554591e-71,-0.0040264608042533965,0.02412416257713207,True
mp4_aac64,mfcc_d1_05_mean,mfcc,-0.00043803263711660127,-0.02766452865440168,-1.1933619263466932,-117.7617107496722,0.0,-62.156318297436755,1.1933619263466932,True
mp4_aac64,mfcc_d1_05_std,mfcc,1.174177629632129,1.1766615429358207,0.01079689218215086,11.512437419686888,2.0646231184533038e-30,0.002115449350257176,0.01079689218215086,True
mp4_aac64,mfcc_d2_05_mean,mfcc,-0.004523460866950114,-0.007087374969681837,-0.1791568232791251,-15.204528015367966,1.94654513024272e-51,-0.5668036439675026,0.1791568232791251,True
mp4_aac64,mfcc_d2_05_std,mfcc,0.6520708656876646,0.6483033498452558,-0.042196633078550115,-25.16856626658765,3.221264338583496e-134,-0.005777770547125403,0.042196633078550115,True
mp4_aac64,mfcc_d1_06_mean,mfcc,-0.000379443396820734,-0.006540996751196668,-0.3031167432466372,-33.51562670658488,1.712210245041092e-229,-16.238399207898,0.3031167432466372,True
mp4_aac64,mfcc_d1_06_std,mfcc,1.0576265287876598,1.052868038694723,-0.02541542761826166,-26.77234015524703,7.934149694002423e-151,-0.004499215898443395,0.02541542761826166,True
mp4_aac64,mfcc_d2_06_mean,mfcc,-0.0013374395300725535,-0.0029607308675226257,-0.1209797924808633,-10.40821300995439,3.3855469176877136e-25,-1.213730640488854,0.1209797924808633,True
mp4_aac64,mfcc_d2_06_std,mfcc,0.6246827182466939,0.619820643342278,-0.05947154904096373,-34.63464866479319,7.89215668362557e-244,-0.007783271030871913,0.05947154904096373,True
mp4_aac64,mfcc_d1_07_mean,mfcc,-2.8941909662705066e-05,-0.007528125009971648,-0.39542674378351295,-42.33579902911454,0.0,-259.11155095520496,0.39542674378351295,True
mp4_aac64,mfcc_d1_07_std,mfcc,0.9716895511820173,0.9672176700783143,-0.026556307876641146,-25.453895628010013,4.1278097191186513e-137,-0.004602170619477338,0.026556307876641146,True
mp4_aac64,mfcc_d2_07_mean,mfcc,-0.0018892032277111638,-0.0027978405231395102,-0.0699900429531926,-6.06212064674443,1.4089700168303666e-09,-0.48096323471201796,0.0699900429531926,True
mp4_aac64,mfcc_d2_07_std,mfcc,0.594452681388743,0.5899958661157104,-0.060161090212362635,-33.27435879068303,1.9024322033723265e-226,-0.007497342366461638,0.060161090212362635,True
mp4_aac64,mfcc_d1_08_mean,mfcc,-0.000195376764870089,-0.0026001671819006443,-0.13026074263569626,-14.97143035202274,5.994722080946086e-50,-12.308477001497911,0.13026074263569626,True
mp4_aac64,mfcc_d1_08_std,mfcc,0.8778932423108486,0.8730124831377435,-0.034160835950629936,-30.921464912040896,1.2971393143966497e-197,-0.005559627227859389,0.034160835950629936,True
mp4_aac64,mfcc_d2_08_mean,mfcc,-0.0008706404328972024,-0.0002935418163555418,0.04671150209126934,4.025949841697398,5.730924643474131e-05,0.6628438040963339,0.04671150209126934,True
mp4_aac64,mfcc_d2_08_std,mfcc,0.5566832617744955,0.5525666928673105,-0.06309476236688441,-31.63101747218703,3.858506532305197e-206,-0.007394813513995126,0.06309476236688441,True
mp4_aac64,mfcc_d1_09_mean,mfcc,0.0004017842382319356,-0.0011363219679020751,-0.0863677370799299,-9.64548250000722,6.896934885568396e-22,-3.8281895101273666,0.0863677370799299,True
mp4_aac64,mfcc_d1_09_std,mfcc,0.8458998953364265,0.8413464505580488,-0.03110155823394029,-27.950811720622887,1.4440326452791312e-163,-0.005382959382642722,0.03110155823394029,True
mp4_aac64,mfcc_d2_09_mean,mfcc,-0.0017067192848398073,-0.0019794559549928203,-0.021939759632566006,-1.9261337473684446,0.054125731260266506,-0.15980171582734062,0.021939759632566006,False
mp4_aac64,mfcc_d2_09_std,mfcc,0.5412803442851496,0.5370461663373809,-0.0664543474008995,-33.52972767765139,1.135130750889335e-229,-0.00782252300951485,0.0664543474008995,True
mp4_aac64,mfcc_d1_10_mean,mfcc,-0.0001952757557811903,-0.0019803212322625804,-0.10275847688514998,-11.702799362994256,2.319420668404591e-31,-9.141152568276643,0.10275847688514998,True
mp4_aac64,mfcc_d1_10_std,mfcc,0.7751595158709566,0.7714043641716248,-0.027402868009131793,-23.83332514117686,4.744945890393388e-121,-0.004844359931661922,0.027402868009131793,True
mp4_aac64,mfcc_d2_10_mean,mfcc,-0.001328925394817112,0.000362938262595661,0.14364914801597997,12.340962174437006,1.1877628853881299e-34,1.2731065746889494,0.14364914801597997,True
mp4_aac64,mfcc_d2_10_std,mfcc,0.5143143569464674,0.5109557911955196,-0.05411639540941477,-27.032142378252317,1.3470713391535136e-153,-0.0065301808234325,0.05411639540941477,True
mp4_aac64,mfcc_d1_11_mean,mfcc,-0.00029084824740711424,0.0005837254814207007,0.05115749584093653,5.761640226409362,8.662361923754317e-09,3.0069761005079467,0.05115749584093653,True
mp4_aac64,mfcc_d1_11_std,mfcc,0.7562943129534261,0.7525281314275063,-0.025839588424673023,-24.16705352711302,2.7676548835098434e-124,-0.004979782951444347,0.025839588424673023,True
mp4_aac64,mfcc_d2_11_mean,mfcc,-0.0012158489314797142,-0.0014527616464802755,-0.02040357557428854,-1.7650806163520942,0.07759123578532666,-0.194853742818389,0.02040357557428854,False
mp4_aac64,mfcc_d2_11_std,mfcc,0.5030939702294086,0.49975185195304733,-0.053501345478240654,-27.21899256120483,1.3292065345147143e-155,-0.00664312926437437,0.053501345478240654,True
mp4_aac64,mfcc_d1_12_mean,mfcc,-0.00011493584602817732,0.0034022762376069507,0.2117837176300451,23.18011673802759,7.849109332324658e-115,30.601524286625594,0.2117837176300451,True
mp4_aac64,mfcc_d1_12_std,mfcc,0.7348339726218669,0.7321972771790619,-0.01785747294639316,-16.619557788277515,6.252053166101147e-61,-0.0035881512573477333,0.01785747294639316,True
mp4_aac64,mfcc_d2_12_mean,mfcc,0.0009115182480436508,0.0021003451831359456,0.10211489099188747,8.899848433981287,6.93085906895129e-19,1.3042272468420888,0.10211489099188747,True
mp4_aac64,mfcc_d2_12_std,mfcc,0.491023270519395,0.48782846029754295,-0.05041210709675745,-25.970261960637124,2.0524123184959868e-142,-0.006506433429260125,0.05041210709675745,True
mp4_aac64,mfcc_d1_13_mean,mfcc,0.0010030778698068125,0.005275976221913068,0.26385988968971213,29.843218117221504,6.071146244625109e-185,4.259787281449239,0.26385988968971213,True
mp4_aac64,mfcc_d1_13_std,mfcc,0.7095205483843222,0.7060703362044884,-0.023260039397957937,-22.91302888355789,2.4811129873708194e-112,-0.004862737503079205,0.023260039397957937,True
mp4_aac64,mfcc_d2_13_mean,mfcc,0.0008921845044902303,9.302961685142026e-06,-0.07947790888611571,-6.861885891897283,7.341955957749158e-12,-0.9895728275504432,0.07947790888611571,True
mp4_aac64,mfcc_d2_13_std,mfcc,0.47507680786152495,0.472085136622998,-0.048564499138691604,-24.55759901660663,4.0630522193090177e-128,-0.0062972369709930354,0.048564499138691604,True
mp4_aac64,mfcc_d1_14_mean,mfcc,0.0002651456165900001,0.006796612744985023,0.4066151502763606,45.03398707122407,0.0,24.63350973851761,0.4066151502763606,True
mp4_aac64,mfcc_d1_14_std,mfcc,0.6897227474330971,0.6881731305528949,-0.0098988194454982,-10.005346810741045,2.029347560115899e-23,-0.0022467243337549745,0.0098988194454982,True
mp4_aac64,mfcc_d2_14_mean,mfcc,0.002187265383781702,0.003404558801129696,0.1102299266579925,9.522789125251672,2.2309814037498498e-21,0.5565366810877507,0.1102299266579925,True
mp4_aac64,mfcc_d2_14_std,mfcc,0.466291987666568,0.4638445097863574,-0.039167690578353655,-20.14258016816021,6.680897917444447e-88,-0.005248809640625272,0.039167690578353655,True
mp4_aac64,mfcc_d1_15_mean,mfcc,0.000780718061717868,0.004890549292904837,0.2661651570557602,29.189901513646568,1.9438732662413647e-177,5.264168248066174,0.2661651570557602,True
mp4_aac64,mfcc_d1_15_std,mfcc,0.6751355460134465,0.6724988993023572,-0.016721953712413643,-17.96035721881978,1.2170807100557723e-70,-0.003905359044799584,0.016721953712413643,True
mp4_aac64,mfcc_d2_15_mean,mfcc,0.0014189786315719475,0.00069306075659282,-0.06597187035079104,-5.749014129082317,9.33154687975839e-09,-0.5115777354412689,0.06597187035079104,True
mp4_aac64,mfcc_d2_15_std,mfcc,0.45805689276979883,0.4553047259028206,-0.04348845552084489,-23.12577075368813,2.543901274489457e-114,-0.006008351605269569,0.04348845552084489,True
mp4_aac64,mfcc_d1_16_mean,mfcc,0.0004963126915584831,0.006174430799336992,0.3740372124455969,40.00589395853243,0.0,11.440606303958333,0.3740372124455969,True
mp4_aac64,mfcc_d1_16_std,mfcc,0.6506489189669394,0.6493983125789458,-0.007757850297895923,-8.089510358287296,6.941964008619335e-16,-0.0019220909334319906,0.007757850297895923,True
mp4_aac64,mfcc_d2_16_mean,mfcc,0.002120861381664532,0.0026312693571850262,0.04847917937222457,4.205565026311354,2.634848672895548e-05,0.24066069566503534,0.04847917937222457,True
mp4_aac64,mfcc_d2_16_std,mfcc,0.44260534813010916,0.4401529724302894,-0.03904070119701214,-21.19104687549277,8.03153118307725e-97,-0.005540772858214219,0.03904070119701214,True
mp4_aac64,mfcc_d1_17_mean,mfcc,0.00041789781724880983,0.0039139806383793755,0.2416054115438536,26.477689810197404,1.0340680803813315e-147,8.365879592639875,0.2416054115438536,True
mp4_aac64,mfcc_d1_17_std,mfcc,0.6264018716701251,0.6239666228685046,-0.014765465774274466,-17.110462021156955,2.0930775578805795e-64,-0.0038876780414585682,0.014765465774274466,True
mp4_aac64,mfcc_d2_17_mean,mfcc,0.0013145422904929467,0.0012143603218971225,-0.009905829111765223,-0.8638150038195125,0.38771737094919156,-0.0762105329895902,0.009905829111765223,False
mp4_aac64,mfcc_d2_17_std,mfcc,0.42941391049252836,0.4267428797799211,-0.04125351675166634,-23.697411310673353,9.601597623713155e-120,-0.006220177426352248,0.04125351675166634,True
mp4_aac64,mfcc_d1_18_mean,mfcc,-0.00013833748305787716,0.004441701644588822,0.3233974211571453,35.01434316374216,9.025559522075727e-249,33.10772341962097,0.3233974211571453,True
mp4_aac64,mfcc_d1_18_std,mfcc,0.6158930220069353,0.6138470439991136,-0.01301866293414125,-14.862163586701309,2.9385642754216935e-49,-0.003321969781626545,0.01301866293414125,True
mp4_aac64,mfcc_d2_18_mean,mfcc,0.0016573118928973696,0.0017619659737643527,0.010559970361964073,0.9236675035373714,0.3556894107094059,0.06314688340528542,0.010559970361964073,False
mp4_aac64,mfcc_d2_18_std,mfcc,0.4207298044564501,0.4182311900846788,-0.0407787141064433,-22.277001402626738,1.7638589336071158e-106,-0.005938762467753632,0.0407787141064433,True
mp4_aac64,mfcc_d1_19_mean,mfcc,0.000366059412306074,0.0022564923385265164,0.14064237409940938,15.388614001517137,1.25489386280185e-52,5.164278974036572,0.14064237409940938,True
mp4_aac64,mfcc_d1_19_std,mfcc,0.5923189474017683,0.5895809894862493,-0.01750205428054961,-21.282755695451286,1.2751023793675869e-97,-0.0046224385148055346,0.01750205428054961,True
mp4_aac64,mfcc_d2_19_mean,mfcc,0.001009484036112107,0.0009733853899882186,-0.003878822174444752,-0.3372529004644315,0.7359357753782003,-0.03575950171824161,0.003878822174444752,False
mp4_aac64,mfcc_d2_19_std,mfcc,0.40539978973717145,0.4028677751750483,-0.04098773642143151,-24.08936745813388,1.5789947743672387e-123,-0.006245722435536305,0.04098773642143151,True
mp4_aac64,chroma_00_mean,chroma,0.5638034055683684,0.5639157713931596,0.0016022047336461626,2.5019347496165123,0.012372968334824977,0.00019929965601744255,0.0016022047336461626,False
mp4_aac64,chroma_00_std,chroma,0.2689866546578494,0.26974227208107776,0.02338676807140796,20.098029791936863,1.5665365439312565e-87,0.002809126066828584,0.02338676807140796,True
mp4_aac64,chroma_01_mean,chroma,0.518691515374762,0.5192844918210278,0.00891079289567333,13.296001478796416,6.946637089937302e-40,0.001143216013158294,0.00891079289567333,True
mp4_aac64,chroma_01_std,chroma,0.2725331112341243,0.27331815967821443,0.0299286179942285,24.838262387356632,6.637204613133132e-131,0.0028805617069248475,0.0299286179942285,True
mp4_aac64,chroma_02_mean,chroma,0.48354419120041475,0.48455336257248643,0.015560411469009912,22.713814265931813,1.7494332791677805e-110,0.002087030286862469,0.015560411469009912,True
mp4_aac64,chroma_02_std,chroma,0.2664334135331439,0.26744616042862845,0.043543514818015765,33.735924700415836,2.744076231084232e-232,0.0038011256998685132,0.043543514818015765,True
mp4_aac64,chroma_03_mean,chroma,0.47883677601072466,0.4799361572371977,0.014992446759493164,24.092092653988626,1.4855462857686284e-123,0.0022959415014697916,0.014992446759493164,True
mp4_aac64,chroma_03_std,chroma,0.28055548526465474,0.28151111575478976,0.04319094459603297,32.286251603825654,3.820783417234682e-214,0.0034062085410077065,0.04319094459603297,True
mp4_aac64,chroma_04_mean,chroma,0.4773055953317377,0.4783402452460046,0.014032756255647622,23.020519444337076,2.4637031837751236e-113,0.0021676886346739324,0.014032756255647622,True
mp4_aac64,chroma_04_std,chroma,0.2646631728207127,0.26574464812183046,0.04472845023987573,34.75918757139479,1.9080461382556004e-245,0.004086232661656897,0.04472845023987573,True
mp4_aac64,chroma_05_mean,chroma,0.5125718109311375,0.5134026142183542,0.010601960616219454,18.263069301077646,6.278979086741367e-73,0.0016208524727637772,0.010601960616219454,True
mp4_aac64,chroma_05_std,chroma,0.26707743524670946,0.26813673137445354,0.039317339031559144,31.216658142279787,3.8344224726331914e-201,0.003966250936795049,0.039317339031559144,True
mp4_aac64,chroma_06_mean,chroma,0.5594112655777281,0.5598220058198166,0.004700212010854279,8.915833246103682,6.00963064665396e-19,0.000734236629404015,0.004700212010854279,True
mp4_aac64,chroma_06_std,chroma,0.2873756081483589,0.2881051720476816,0.02524415545431334,20.46097687785296,1.4404197668211432e-90,0.0025387119805452504,0.02524415545431334,True
mp4_aac64,chroma_07_mean,chroma,0.5711258549024091,0.5713089516020703,0.00226819093629954,4.058852068813923,4.981961438931402e-05,0.0003205890577174065,0.00226819093629954,True
mp4_aac64,chroma_07_std,chroma,0.2691755963133359,0.2699981956578927,0.024444315791639647,20.457373732126033,1.5447952825154197e-90,0.0030559952529992875,0.024444315791639647,True
mp4_aac64,chroma_08_mean,chroma,0.6203552420219739,0.6202308838177426,-0.0015192566705134886,-2.6296181586124643,0.008565672843509745,-0.00020046288933733985,0.0015192566705134886,False
mp4_aac64,chroma_08_std,chroma,0.2782784176810422,0.27911875061365543,0.020519309783514177,17.90964250234564,2.918359768992604e-70,0.003019756040069132,0.020519309783514177,True
mp4_aac64,chroma_09_mean,chroma,0.6504645356764953,0.6501095991381444,-0.003972505076786538,-7.230007971640568,5.310234385865243e-13,-0.0005456662414066996,0.003972505076786538,True
mp4_aac64,chroma_09_std,chroma,0.30774498424678365,0.3083170554302328,0.013800175180139455,12.353440282196958,1.020321822682024e-34,0.0018589131025134847,0.013800175180139455,True
mp4_aac64,chroma_10_mean,chroma,0.6185028755448,0.6184186185817719,-0.001010884913819645,-1.8019305781840134,0.07159679184913732,-0.0001362272777694596,0.001010884913819645,False
mp4_aac64,chroma_10_std,chroma,0.28672147415387483,0.2874897196961306,0.018788576251206106,16.891784739435938,7.591794387263685e-63,0.002679414035948513,0.018788576251206106,True
mp4_aac64,chroma_11_mean,chroma,0.6142018602682928,0.6141266972682627,-0.0009198979765834331,-1.5941453957487957,0.11094595026111463,-0.00012237507714034585,0.0009198979765834331,False
mp4_aac64,chroma_11_std,chroma,0.29791585898597195,0.2985279428200069,0.016874702696169298,15.062866830349174,1.5719296440788753e-50,0.0020545527053118682,0.016874702696169298,True
mp4_aac64,prosody_f0_mean,prosody,187.4541243570512,187.6357857820031,0.002959284445215306,4.825714149619204,1.4228112084852338e-06,0.0009690980423875877,0.002959284445215306,True
mp4_aac64,prosody_f0_std,prosody,43.208174017995205,43.455612042397306,0.01253874473918501,4.729065358965662,2.297096420934531e-06,0.005726648487831223,0.01253874473918501,True
mp4_aac64,prosody_f0_min,prosody,104.99431399348764,105.11008530230318,0.002656285879394179,0.7296236291689949,0.46564324433349197,0.0011026436043262285,0.002656285879394179,False
mp4_aac64,prosody_f0_max,prosody,288.0785945489409,289.29531496807476,0.013620212502813162,4.032945402102879,5.563264572108458e-05,0.004223571074549841,0.013620212502813162,True
mp4_aac64,prosody_f0_median,prosody,185.0003449634417,185.12724087464548,0.0019192339474080737,2.4064135120480685,0.016134242391495093,0.0006859225653273837,0.0019192339474080737,False
mp4_aac64,prosody_f0_iqr,prosody,50.24593629289673,50.226507713844505,-0.0005401501024117351,-0.18925055327951013,0.8499016099758719,-0.0003866696589943138,0.0005401501024117351,False
mp4_aac64,prosody_f0_skew,prosody,0.35886052526073586,0.3681466398126199,0.0067021380731989875,1.6652199591162886,0.0959109836935085,0.02587666766952725,0.0067021380731989875,False
mp4_aac64,prosody_f0_kurt,prosody,1.8038465948140985,1.8498060364150894,0.010230855082487918,1.6787794478958922,0.09323702888148097,0.025478575469288993,0.010230855082487918,False
mp4_aac64,prosody_voiced_fraction,prosody,0.43792628163815633,0.4330785663273099,-0.03939589618922592,-31.868315689442625,5.034580757209306e-209,-0.011069706281871289,0.03939589618922592,True
mp4_aac64,prosody_f0_slope_abs_mean,prosody,799.2911479515574,802.5462554303468,0.00792809383675507,2.0829249221962103,0.03729213474221939,0.00407249284210356,0.00792809383675507,False
mp4_aac64,prosody_n_voiced_segments,prosody,8.426689961026744,8.446445370245934,0.004482529513817425,1.7407662700707898,0.08176589638287875,0.0023443854361034273,0.004482529513817425,False
mp4_aac64,prosody_voiced_rate_per_s,prosody,3.292588153486145,3.2569917782388065,-0.023589727087639942,-7.8839525188210215,3.623884510249185e-15,-0.01081106217601177,0.023589727087639942,True
mp4_aac64,prosody_mean_voiced_seg_s,prosody,0.17700402625181777,0.17719886830008166,0.001331205287415726,0.37146593340323575,0.7103011026166843,0.001100777492974641,0.001331205287415726,False
mp4_aac64,prosody_pause_fraction,prosody,0.5620737183618437,0.5669214336726901,0.03939589618922593,31.868315689442632,5.034580757208524e-209,0.008624696641171874,0.03939589618922593,True
mp4_aac64,prosody_jitter_local,prosody,0.03576666522579706,0.035820495304300676,0.0042982670167230315,1.3315351488862708,0.18305378125250216,0.001505034874338594,0.0042982670167230315,False
mp4_aac64,prosody_jitter_rap,prosody,0.018277505110502256,0.018314181920504727,0.005218388446282118,1.4617129192050209,0.14386212911246876,0.002006663917243072,0.005218388446282118,False
mp4_aac64,prosody_jitter_ppq5,prosody,0.019579694189115898,0.019603185798362132,0.0030165576463094235,0.7355062809685421,0.4620544073394588,0.0011997944921577218,0.0030165576463094235,False
mp4_aac64,prosody_jitter_ddp,prosody,0.05483251533150677,0.05494254576151418,0.005218388446282118,1.4617129192050209,0.14386212911246876,0.0020066639172430087,0.005218388446282118,False
mp4_aac64,prosody_shimmer_local,prosody,0.19486144961242366,0.19477976239375303,-0.002569797412445173,-0.46906380588961,0.6390377733700161,-0.00041920666623957017,0.002569797412445173,False
mp4_aac64,prosody_shimmer_localdb,prosody,1.643431473279747,1.6434158347010677,-8.486105287931338e-05,-0.01262557600448495,0.9899268539840979,-9.51580819378933e-06,8.486105287931338e-05,False
mp4_aac64,prosody_shimmer_apq3,prosody,0.09307821292111343,0.09285903916745761,-0.009159727482994798,-1.7067326296064338,0.08791351087913299,-0.002354726705395361,0.009159727482994798,False
mp4_aac64,prosody_shimmer_apq5,prosody,0.13857012194980922,0.1386005889951648,0.0006158399029326212,0.09317703632895234,0.9257654459439147,0.00021986734894136815,0.0006158399029326212,False
mp4_aac64,prosody_shimmer_apq11,prosody,0.23078262297939367,0.23115967225833556,0.003985792179061619,0.5168855039208916,0.6052537414998301,0.001633785395426215,0.003985792179061619,False
mp4_aac64,prosody_shimmer_dda,prosody,0.27923463876334037,0.2785771175023728,-0.0091597274829948,-1.7067326296064338,0.08791351087913299,-0.002354726705395758,0.0091597274829948,False
mp4_aac64,prosody_hnr_mean,prosody,6.3088501681496485,6.333355273689474,0.009675618594911266,14.570711860129782,1.9340475167950013e-47,0.0038842427521166723,0.009675618594911266,True
mp4_aac64,prosody_hnr_std,prosody,4.511096428621219,4.517345571927674,0.007757537671295897,4.092305822895628,4.316181207957144e-05,0.0013852825815929405,0.007757537671295897,True
mp4_aac64,prosody_hnr_min,prosody,-3.7901435154448224,-3.811933048001224,-0.006825626243683758,-0.936006907913177,0.34930001089618234,-0.0057489993367294484,0.006825626243683758,False
mp4_aac64,prosody_hnr_max,prosody,17.421706160981806,17.448723101604145,0.007054376574002551,2.7300036682146382,0.006348267010772104,0.0015507631900512026,0.007054376574002551,False
mp4_aac64,prosody_hnr_median,prosody,6.100184117058622,6.124820126953302,0.009236818233512554,7.308750374857562,2.9769063235596307e-13,0.004038568250061081,0.009236818233512554,True
mp4_aac64,prosody_f1_mean,prosody,514.5652673696262,514.5019962296243,-0.000829765735512294,-0.5642356552290763,0.5726107736035131,-0.0001229603784284701,0.000829765735512294,False
mp4_aac64,prosody_f1_std,prosody,289.879275069404,289.91217877138126,0.0003627933920427191,0.1642862533837508,0.8695102656613973,0.00011350829399370964,0.0003627933920427191,False
mp4_aac64,prosody_f1_median,prosody,438.51400161632597,437.87292540118244,-0.00881909452129533,-9.160516132332969,6.56878876888645e-20,-0.0014619287246942503,0.00881909452129533,True
mp4_aac64,prosody_f1_bw_median,prosody,298.68624708142386,297.97018898371476,-0.008786787571317062,-8.395418301310814,5.5057692195928835e-17,-0.002397358782689088,0.008786787571317062,True
mp4_aac64,prosody_f2_mean,prosody,1789.3034215304676,1788.4191918495408,-0.008146630679376552,-6.56510285079338,5.5491311071254244e-11,-0.0004941753703072592,0.008146630679376552,True
mp4_aac64,prosody_f2_std,prosody,421.5193400304929,420.66456301093984,-0.010817256571992393,-5.729934749783159,1.0439082892036087e-08,-0.0020278476890081337,0.010817256571992393,True
mp4_aac64,prosody_f2_median,prosody,1768.826538119031,1768.0270854718221,-0.007502131107525186,-5.2995189281706025,1.1944044579518446e-07,-0.0004519678046322431,0.007502131107525186,True
mp4_aac64,prosody_f2_bw_median,prosody,608.4470159680318,610.2319690345561,0.014185269472731774,10.734606212592775,1.0972929446835074e-26,0.002933621202307061,0.014185269472731774,True
mp4_aac64,prosody_f3_mean,prosody,2949.414150533745,2949.0467071580524,-0.004032570654728403,-2.620746280360723,0.008791592014792385,-0.00012458181758784404,0.004032570654728403,False
mp4_aac64,prosody_f3_std,prosody,385.0950740762941,385.10067021018403,8.42600587994137e-05,0.03410656515731771,0.9727930882286538,1.4531824130305693e-05,8.42600587994137e-05,False
mp4_aac64,prosody_f3_median,prosody,2906.244576463886,2906.0938473495376,-0.0013579199342800188,-0.9406626337051954,0.3469083129270849,-5.1863878067635794e-05,0.0013579199342800188,False
mp4_aac64,prosody_f3_bw_median,prosody,634.6317970984,635.5495873820769,0.009971737078368648,5.706496743821951,1.1975413256190319e-08,0.0014461775912789927,0.009971737078368648,True
mp4_aac64,prosody_f4_mean,prosody,4013.6788229854915,4014.721939737861,0.00969783177924962,7.392417734858609,1.5990365102002415e-13,0.00025989043926375106,0.00969783177924962,True
mp4_aac64,prosody_f4_std,prosody,384.4782203842861,384.8933792305342,0.007596883249531814,3.3040511604186644,0.0009574882368363769,0.001079798085397834,0.007596883249531814,False
mp4_aac64,prosody_f4_median,prosody,3966.9937234440686,3968.448239820939,0.010994055839889976,7.628572015906851,2.6685043813750755e-14,0.00036665456974998797,0.010994055839889976,True
mp4_aac64,prosody_f5_mean,prosody,4885.319151211559,4885.665727347064,0.0042272422845756686,2.817559187874099,0.004851780187883561,7.094237342071477e-05,0.0042272422845756686,False
mp4_aac64,prosody_f5_std,prosody,211.79903942513957,211.62106345707664,-0.0031341076051966334,-1.690406300675889,0.0909921400536444,-0.000840305832103784,0.0031341076051966334,False
mp4_aac64,prosody_f5_median,prosody,4896.779393636723,4897.168036446092,0.005171055215661213,2.3729180026216277,0.017673448447839288,7.936702434938259e-05,0.005171055215661213,False
mp4_aac64,prosody_intensity_mean,prosody,63.548753660233146,63.358934393740455,-0.0447812847547871,-109.84878489958972,0.0,-0.0029869864562186376,0.0447812847547871,True
mp4_aac64,prosody_intensity_std,prosody,7.847467810581058,7.938273364833936,0.03020590574859114,37.09050788865993,1.8371548123505287e-276,0.011571319111426113,0.03020590574859114,True
mp4_aac64,prosody_intensity_min,prosody,52.010182789302235,47.470598472221944,-0.5076588631762475,-50.74425201288851,0.0,-0.08728260647478477,0.5076588631762475,True
mp4_aac64,prosody_intensity_max,prosody,80.1497123944369,80.12532734549634,-0.0141318405666762,-23.142724990393177,1.763173664670409e-114,-0.0003042437485059691,0.0141318405666762,True
mp4_aac64,prosody_intensity_median,prosody,62.253373735637034,61.98984711896434,-0.05224335689307302,-59.6397809411085,0.0,-0.004233129882916465,0.05224335689307302,True
mp4_aac64,prosody_intensity_iqr,prosody,13.657019115167827,13.668631097639341,0.0017060429119821134,3.0153170279267196,0.0025757710430220336,0.0008502574664055074,0.0017060429119821134,False
mp4_aac64,prosody_intensity_skew,prosody,0.4827716893025062,0.41099572328798634,-0.1628748357985279,-21.36481087113887,2.4425748802497124e-98,-0.14867476201477262,0.1628748357985279,True
mp4_aac64,prosody_intensity_kurt,prosody,-0.7926065989766222,-0.48654717997419067,0.29358047146945654,15.232922744108569,1.2778475854331298e-51,0.3861429104900232,0.29358047146945654,True
mp4_aac64,prosody_cpps,prosody,6.521932211291211,6.415198803191046,-0.09012775336757162,-96.6810942080364,0.0,-0.016365304735210282,0.09012775336757162,True
roundtrip_wav,duration_s,other,2.542880123639296,2.575559199032388,0.06458155736121259,157.1206086107897,0.0,0.01285120564249123,0.06458155736121259,True
roundtrip_wav,peak_amplitude,other,0.5329464959963693,0.5304582778075548,-0.02032245474121997,-37.08724157974862,2.03507509385482e-276,-0.004668795474792758,0.02032245474121997,True
roundtrip_wav,spectral_centroid_mean,spectral,518.4869263524757,528.7408645051339,0.0434687254889435,58.89881100123954,0.0,0.019776657098750813,0.0434687254889435,True
roundtrip_wav,spectral_centroid_std,spectral,538.8063127571289,565.6694754689129,0.06928353171690917,48.14188173855092,0.0,0.04985680767978072,0.06928353171690917,True
roundtrip_wav,spectral_centroid_min,spectral,98.41420409907238,79.28722047176981,-0.6203438701832624,-36.71760106444317,2.0880135101272065e-271,-0.19435186010393035,0.6203438701832624,True
roundtrip_wav,spectral_centroid_max,spectral,3383.956579538759,3617.9849264365253,0.1432513808771586,34.65615576478457,4.152562280210218e-244,0.06915820028922032,0.1432513808771586,True
roundtrip_wav,spectral_centroid_median,spectral,341.1464111065633,343.1474406961831,0.0170181068065526,23.88625537200196,1.4650486850520696e-121,0.005865603519407234,0.0170181068065526,True
roundtrip_wav,spectral_centroid_iqr,spectral,349.1650449650911,358.263726650343,0.033397418518617494,29.523695359867794,2.953596455555056e-181,0.026058397930874135,0.033397418518617494,True
roundtrip_wav,spectral_centroid_skew,spectral,3.171235869527321,3.4291090753095026,0.1655440332024307,17.63382113983741,3.26363890101208e-68,0.08131631212301406,0.1655440332024307,True
roundtrip_wav,spectral_centroid_kurt,spectral,15.214954786398348,17.305242691982148,0.1388633519391145,11.751291710176828,1.3217601347271068e-31,0.13738377372323488,0.1388633519391145,True
roundtrip_wav,spectral_bandwidth_mean,spectral,536.4169886266386,545.7489505791219,0.06162656421395026,55.46019103181195,0.0,0.01739684266222713,0.06162656421395026,True
roundtrip_wav,spectral_bandwidth_std,spectral,441.5860412977488,469.83879599064585,0.1467626879249417,71.53750455491307,0.0,0.06398018064580764,0.1467626879249417,True
roundtrip_wav,spectral_bandwidth_min,spectral,131.53556552957326,105.47562877670968,-0.6188362809027704,-36.15698389425548,7.1357098208632605e-264,-0.19812084015409884,0.6188362809027704,True
roundtrip_wav,spectral_bandwidth_max,spectral,2536.5377391584957,2657.3109724271676,0.19605308973827973,32.48808475198016,1.235027184056062e-216,0.047613418639195486,0.19605308973827973,True
roundtrip_wav,spectral_bandwidth_median,spectral,388.04457240112066,385.2298071477916,-0.03521752333832765,-34.99914367711459,1.4257308428795535e-248,-0.007253716334471675,0.03521752333832765,True
roundtrip_wav,spectral_bandwidth_iqr,spectral,300.985082338697,311.12225602399064,0.0485478428661726,30.98468744219351,2.2870556943809198e-198,0.033679987082836,0.0485478428661726,True
roundtrip_wav,spectral_bandwidth_skew,spectral,2.7399461101974603,2.83022156961238,0.08076840339993802,9.039897288062155,1.970177020700598e-19,0.032947895974645154,0.08076840339993802,True
roundtrip_wav,spectral_bandwidth_kurt,spectral,9.951030895610666,10.346390240365562,0.045198796137363904,4.217370082675175,2.500980029471732e-05,0.039730491132259085,0.045198796137363904,True
roundtrip_wav,spectral_rolloff85_mean,spectral,789.7642319167921,818.3865356924092,0.0753427506456563,71.37730418074246,0.0,0.03624158023230489,0.0753427506456563,True
roundtrip_wav,spectral_rolloff85_std,spectral,1048.1582904841068,1120.1219057203357,0.12107148321904809,55.156055554087104,0.0,0.06865720176958333,0.12107148321904809,True
roundtrip_wav,spectral_rolloff85_min,spectral,138.7078349684182,112.21190028222013,-0.6137597046309758,-35.6344002277461,6.351405613583676e-257,-0.19101974082596582,0.6137597046309758,True
roundtrip_wav,spectral_rolloff85_max,spectral,5750.856739685526,6179.2685794920035,0.24394667114173305,33.71892106090825,4.514591374828975e-232,0.07449530725571583,0.24394667114173305,True
roundtrip_wav,spectral_rolloff85_median,spectral,412.51175917215426,415.7581306276038,0.0223182377189292,18.489158485560857,1.1663058682443135e-74,0.007869767063039611,0.0223182377189292,True
roundtrip_wav,spectral_rolloff85_iqr,spectral,520.4221122832953,539.877242642118,0.0339206377658472,16.06499722816655,4.0703613122169167e-57,0.03738336611691112,0.0339206377658472,True
roundtrip_wav,spectral_rolloff85_skew,spectral,3.727684625374601,3.833563212400972,0.05658707261203178,6.276013582127926,3.6684282984650143e-10,0.02840331134926182,0.05658707261203178,True
roundtrip_wav,spectral_rolloff85_kurt,spectral,19.261652272165243,19.766104237415313,0.02319537859854622,2.2005615271949113,0.027797697257764445,0.026189444089334248,0.02319537859854622,False
roundtrip_wav,spectral_rolloff95_mean,spectral,1185.7332808016208,1229.6909515410503,0.08956493123611163,82.33110372087917,0.0,0.03707214046460063,0.08956493123611163,True
roundtrip_wav,spectral_rolloff95_std,spectral,1387.0924578004906,1485.947579740361,0.17014419588356944,72.24564667962879,0.0,0.07126786782232589,0.17014419588356944,True
roundtrip_wav,spectral_rolloff95_min,spectral,220.39628410159924,178.58822738879184,-0.8980595775486184,-36.275930040044564,1.8270931832786876e-265,-0.18969492558928325,0.8980595775486184,True
roundtrip_wav,spectral_rolloff95_max,spectral,6592.023921515925,7017.47916946647,0.3378790346700653,36.33098419230791,3.3405574931743074e-266,0.06454091384011626,0.3378790346700653,True
roundtrip_wav,spectral_rolloff95_median,spectral,626.3439053890606,631.234461093939,0.01674066079918074,14.610728554880929,1.0934564063614713e-47,0.007808099772026245,0.01674066079918074,True
roundtrip_wav,spectral_rolloff95_iqr,spectral,985.0270040989114,1022.8253930923263,0.039513985376501345,25.575165913785344,2.3887603250810254e-138,0.038372946971126205,0.039513985376501345,True
roundtrip_wav,spectral_rolloff95_skew,spectral,2.7699408446898173,2.8341354533684138,0.049338293871840626,6.35924304861172,2.1473662528249416e-10,0.023175443909447504,0.049338293871840626,True
roundtrip_wav,spectral_rolloff95_kurt,spectral,9.720421966589983,10.23373794832238,0.047186856578015066,4.3069036155545515,1.6768247606456032e-05,0.05280799367524507,0.047186856578015066,True
roundtrip_wav,spectral_flatness_mean,spectral,0.018858878473348058,0.024298338105974763,0.4542752562374534,77.66222804300024,0.0,0.288429645501662,0.4542752562374534,True
roundtrip_wav,spectral_flatness_std,spectral,0.03348606317079628,0.06314489905866967,1.2825987181986922,69.30151700282894,0.0,0.8857068606900115,1.2825987181986922,True
roundtrip_wav,spectral_flatness_min,spectral,0.0007474449663231525,0.0007431544484168993,-0.008418693161622259,-4.384717834376704,1.1773420805882687e-05,-0.0057402459038009964,0.008418693161622259,True
roundtrip_wav,spectral_flatness_max,spectral,0.22665454648903718,0.5257000335716357,1.9075698603321802,79.347078333073,0.0,1.319388874897609,1.9075698603321802,True
roundtrip_wav,spectral_flatness_median,spectral,0.007380955879861058,0.007360777490268972,-0.0066965596992830615,-4.797702426086921,1.6362140417348846e-06,-0.0027338450358635534,0.0066965596992830615,True
roundtrip_wav,spectral_flatness_iqr,spectral,0.012879556728581872,0.013613128670071958,0.04940842984513728,26.212223261666065,6.261734526076185e-145,0.05695630346207244,0.04940842984513728,True
roundtrip_wav,spectral_flatness_skew,spectral,4.020212785968584,5.927937111926722,1.2005195171793714,66.13650116405282,0.0,0.4745331721287266,1.2005195171793714,True
roundtrip_wav,spectral_flatness_kurt,spectral,21.647649224310648,45.98943333327709,1.3176577244284924,56.004059453528946,0.0,1.1244539236911804,1.3176577244284924,True
roundtrip_wav,spectral_zcr_mean,spectral,0.08170194466667564,0.08268056580194723,0.032583685480587044,41.06598396188705,0.0,0.011977941764594763,0.032583685480587044,True
roundtrip_wav,spectral_zcr_std,spectral,0.07076774406525582,0.07337465789314197,0.057383078664647556,45.006737590175334,0.0,0.0368375997047791,0.057383078664647556,True
roundtrip_wav,spectral_zcr_min,spectral,0.014834699637145548,0.0113170272812794,-0.6997884385528507,-40.371775452023286,0.0,-0.23712460932191878,0.6997884385528507,True
roundtrip_wav,spectral_zcr_max,spectral,0.4201488375218385,0.4371341217578283,0.0943365241835569,29.404521442959368,6.879148946884318e-180,0.040426826684024586,0.0943365241835569,True
roundtrip_wav,spectral_zcr_median,spectral,0.059303353043945704,0.059340814406665776,0.0025106077523001902,1.7502987347706223,0.08010799697760325,0.0006316904660063942,0.0025106077523001902,False
roundtrip_wav,spectral_zcr_iqr,spectral,0.05034353581507862,0.051784370380325226,0.04063269484733584,28.075607999819425,6.087294211743887e-165,0.02862005105360632,0.04063269484733584,True
roundtrip_wav,spectral_zcr_skew,spectral,2.666170051647696,2.7653170087083345,0.08392088122296502,11.31254334527743,1.976554144964704e-29,0.0371870342626366,0.08392088122296502,True
roundtrip_wav,spectral_zcr_kurt,spectral,10.1625689340023,10.615025203330648,0.0513899467519346,6.378860814712843,1.8908859990547325e-10,0.044521840123957525,0.0513899467519346,True
roundtrip_wav,spectral_rms_mean,spectral,0.025080431255209472,0.02466085523938964,-0.07015715045657653,-162.581674309336,0.0,-0.01672921855092434,0.07015715045657653,True
roundtrip_wav,spectral_rms_std,spectral,0.02330374379100816,0.023267060297651385,-0.013125612974528586,-19.445057997612263,3.430781847244008e-82,-0.0015741459263266188,0.013125612974528586,True
roundtrip_wav,spectral_rms_min,spectral,0.002668155101517657,0.00013486338677425562,-0.8867657378600559,-77.13240615430553,0.0,-0.9494544426230901,0.8867657378600559,True
roundtrip_wav,spectral_rms_max,spectral,0.12273789506153768,0.12239738501845678,-0.01296932200497757,-46.11511375152251,0.0,-0.0027742861559600564,0.01296932200497757,True
roundtrip_wav,spectral_rms_median,spectral,0.014998728734104388,0.014661528812802414,-0.04268361975013457,-75.58867123306715,0.0,-0.022481900118324183,0.04268361975013457,True
roundtrip_wav,spectral_rms_iqr,spectral,0.024340358772397416,0.02397703792898955,-0.04992755349853238,-64.81763648981125,0.0,-0.014926683982155586,0.04992755349853238,True
roundtrip_wav,spectral_rms_skew,spectral,1.7884620519440027,1.7788072151834715,-0.015341076673299786,-15.292139187527921,5.299849825478522e-52,-0.005398401800047493,0.015341076673299786,True
roundtrip_wav,spectral_rms_kurt,spectral,3.5111806865246713,3.5338163976764077,0.006438924427667469,17.49290245642706,3.5409086894637274e-67,0.006446752010971253,0.006438924427667469,True
roundtrip_wav,spectral_flux_mean,spectral,4.588783633641527,4.512030472667736,-0.05897498888092258,-154.6187472691177,0.0,-0.016726254079859875,0.05897498888092258,True
roundtrip_wav,spectral_flux_std,spectral,3.818774145879517,3.810513514414118,-0.01097811262321821,-19.008772785042037,1.0358773764765269e-78,-0.0021631631381793795,0.01097811262321821,True
roundtrip_wav,spectral_flux_min,spectral,0.8339992713795452,0.14459082715589883,-1.0072321187164217,-87.69847543724624,0.0,-0.8266295521856674,1.0072321187164217,True
roundtrip_wav,spectral_flux_max,spectral,22.83219048618357,22.740406692068095,-0.014950674470048046,-34.724078618170246,5.454458239303655e-245,-0.004019929413737862,0.014950674470048046,True
roundtrip_wav,spectral_flux_median,spectral,3.1440280320541127,3.084113207089374,-0.03625025714779483,-82.2041383329916,0.0,-0.01905670825892546,0.03625025714779483,True
roundtrip_wav,spectral_flux_iqr,spectral,3.9245545567093303,3.874322906907504,-0.051772233259433226,-55.01599278111075,0.0,-0.012799325140212757,0.051772233259433226,True
roundtrip_wav,spectral_flux_skew,spectral,1.8913005912642662,1.8701066189184576,-0.033280067401355244,-27.93770848301742,2.012227705141518e-163,-0.011206030624482144,0.033280067401355244,True
roundtrip_wav,spectral_flux_kurt,spectral,4.595607968526402,4.60059802176968,0.0012351627668104794,2.475086718847513,0.013342494657775858,0.0010858309232320556,0.0012351627668104794,False
roundtrip_wav,spectral_entropy_mean,spectral,0.4553076323734261,0.45670412526266435,0.050814763515494805,25.816101575175015,8.033321919007281e-141,0.0030671414005485303,0.050814763515494805,True
roundtrip_wav,spectral_entropy_std,spectral,0.09357175291325517,0.1020765256526799,0.3474958047438598,97.85488216051705,0.0,0.09089038598335326,0.3474958047438598,True
roundtrip_wav,spectral_entropy_min,spectral,0.2614628126253237,0.21055353011212202,-1.000846813685814,-36.911516697571265,4.956388070665075e-274,-0.19470945792262517,1.000846813685814,True
roundtrip_wav,spectral_entropy_max,spectral,0.7645829943728544,0.831566129420541,0.8523777893503985,69.33880773484462,0.0,0.08760740892835213,0.8523777893503985,True
roundtrip_wav,spectral_entropy_median,spectral,0.4394673509828445,0.43949443977839026,0.001176009059124462,1.2586304659084488,0.20820332992939927,6.164006378441137e-05,0.001176009059124462,False
roundtrip_wav,spectral_entropy_iqr,spectral,0.11085927974484291,0.11350695033090973,0.07032482685503841,55.47109727832653,0.0,0.023883166047630563,0.07032482685503841,True
roundtrip_wav,spectral_entropy_skew,spectral,0.783395645980392,0.8189025969579484,0.0817426632202546,3.6226705756750435,0.00029351995455657826,0.045324417055089335,0.0817426632202546,False
roundtrip_wav,spectral_entropy_kurt,spectral,1.095921857871836,2.9608844360371256,1.20003553435896,56.910903472069656,0.0,1.7017295209230057,1.20003553435896,True
roundtrip_wav,spectral_slope_mean,spectral,-9.18098808095238e-05,-9.02001935438107e-05,0.06113634269909213,157.7697003194572,0.0,0.0175328325395901,0.06113634269909213,True
roundtrip_wav,spectral_slope_std,spectral,8.94791171791807e-05,8.910345405386961e-05,-0.028943953091801304,-54.71906926091285,0.0,-0.0041983329424096424,0.028943953091801304,True
roundtrip_wav,spectral_slope_min,spectral,-0.0004364055378561872,-0.00043417447980499587,0.022351599706895254,57.28598727160745,0.0,0.005112350457675838,0.022351599706895254,True
roundtrip_wav,spectral_slope_max,spectral,1.529144480079586e-05,2.0390624841623314e-05,0.11725807840387507,44.46982382149745,0.0,0.333466203308798,0.11725807840387507,True
roundtrip_wav,spectral_slope_median,spectral,-5.258355102009808e-05,-5.136901907417769e-05,0.04062643755719581,70.72946603427336,0.0,0.023097183859952335,0.04062643755719581,True
roundtrip_wav,spectral_slope_iqr,spectral,9.380009545390365e-05,9.22259669834159e-05,-0.054254373839280966,-66.51910263024396,0.0,-0.01678173633907796,0.054254373839280966,True
roundtrip_wav,spectral_slope_skew,spectral,-1.5951580481602294,-1.5928243685985835,0.004127023386982775,4.830297434963179,1.3905470689639118e-06,0.001462977016188162,0.004127023386982775,True
roundtrip_wav,spectral_slope_kurt,spectral,2.5442185197457055,2.566969998967681,0.008592557110439884,21.082592437179212,7.015565831556556e-96,0.008942423398541023,0.008592557110439884,True
roundtrip_wav,spectral_band_0_500_mean,spectral,0.7693535329643189,0.764413404938012,-0.04821441868094289,-81.56191228568932,0.0,-0.006421141665876964,0.04821441868094289,True
roundtrip_wav,spectral_band_0_500_std,spectral,0.25973851718990315,0.26572852045005013,0.08222739386053142,48.560604412363375,0.0,0.023061667268114486,0.08222739386053142,True
roundtrip_wav,spectral_band_500_1000_mean,spectral,0.1471983119298208,0.14661916041481785,-0.008857993730328459,-36.43705895158981,1.2583536335484679e-267,-0.0039344983472302105,0.008857993730328459,True
roundtrip_wav,spectral_band_500_1000_std,spectral,0.19953377924927693,0.1988733044230763,-0.010601303034445814,-55.52101906864492,0.0,-0.0033100902949144305,0.010601303034445814,True
roundtrip_wav,spectral_band_1000_2000_mean,spectral,0.03672035008978666,0.03741739414449443,0.02081986961055019,56.487632466651675,0.0,0.01898250024859217,0.02081986961055019,True
roundtrip_wav,spectral_band_1000_2000_std,spectral,0.0707253967824291,0.07185303982150903,0.020924557473840418,35.99158619691348,1.1497958777480262e-261,0.015943962004891586,0.020924557473840418,True
roundtrip_wav,spectral_band_2000_3000_mean,spectral,0.011943167673330904,0.012441296334769682,0.03806247543705556,61.5637057747797,0.0,0.04170825320916317,0.03806247543705556,True
roundtrip_wav,spectral_band_2000_3000_std,spectral,0.026015926215873373,0.027729792772595466,0.06374755619391692,47.61878796938599,0.0,0.06587759138386523,0.06374755619391692,True
roundtrip_wav,spectral_band_3000_4000_mean,spectral,0.007921231796358038,0.00831569902199948,0.05194289270421128,58.79573170946605,0.0,0.049798722696488586,0.05194289270421128,True
roundtrip_wav,spectral_band_3000_4000_std,spectral,0.019623979879824897,0.020973892929848723,0.072210853765959,42.82045403069717,0.0,0.06878895403942249,0.072210853765959,True
roundtrip_wav,spectral_band_4000_5000_mean,spectral,0.005698215615865969,0.006101352149011476,0.05512281403430674,63.3409145154774,0.0,0.07074785517470132,0.05512281403430674,True
roundtrip_wav,spectral_band_4000_5000_std,spectral,0.016345645297372178,0.01788378917644121,0.08090285724005125,47.90771010876901,0.0,0.09410114137961337,0.08090285724005125,True
roundtrip_wav,spectral_band_5000_6000_mean,spectral,0.006691287152336642,0.007043264635640183,0.03918340613703216,57.90659243372266,0.0,0.05260235815475775,0.03918340613703216,True
roundtrip_wav,spectral_band_5000_6000_std,spectral,0.02089955002555576,0.02203680929712773,0.05134459481556385,39.905833794224854,0.0,0.05441549077283206,0.05134459481556385,True
roundtrip_wav,spectral_band_6000_8000_mean,spectral,0.014231293230456552,0.014794524428107999,0.026538226647059765,54.21347674180586,0.0,0.03957695119696283,0.026538226647059765,True
roundtrip_wav,spectral_band_6000_8000_std,spectral,0.04409968191848519,0.04589759304220824,0.0368932493745724,38.19369118575971,1.2719564053509257e-291,0.040769253779343415,0.0368932493745724,True
roundtrip_wav,spectral_hf_ratio_4000_mean,spectral,0.02664336027191596,0.027967234458765228,0.039796061944252115,60.78256612711959,0.0,0.04968870943222307,0.039796061944252115,True
roundtrip_wav,spectral_hf_ratio_4000_std,spectral,0.07543539327386911,0.079378561468674,0.0565185705067952,42.223647457037416,0.0,0.052272123517526733,0.0565185705067952,True
roundtrip_wav,spectral_hf_ratio_6000_mean,spectral,0.014253857528220174,0.014822617697892476,0.026752901840978595,54.377545807277635,0.0,0.0399021926903826,0.026752901840978595,True
roundtrip_wav,spectral_hf_ratio_6000_std,spectral,0.04415820957764447,0.045978812585114534,0.03729950564840404,38.34779116467271,9.184042760541906e-294,0.041229094768184656,0.03729950564840404,True
roundtrip_wav,spectral_contrast_0_mean,spectral,8.487300525645809,8.481467926975746,-0.003300107285614638,-4.506350502083514,6.6960280334276935e-06,-0.0006872148161171523,0.003300107285614638,True
roundtrip_wav,spectral_contrast_0_std,spectral,4.467314096583467,4.473006394791317,0.008391036173354597,1.7352933637887915,0.08273026381852351,0.0012742104281862796,0.008391036173354597,False
roundtrip_wav,spectral_contrast_1_mean,spectral,8.511870109191422,8.49453229184227,-0.01730173177618973,-28.23125789504914,1.1544517887359582e-166,-0.002036898722224322,0.01730173177618973,True
roundtrip_wav,spectral_contrast_1_std,spectral,3.6124479245208554,3.621131196068271,0.01887628695246248,9.485190925998069,3.1877450825728575e-21,0.0024037084350682744,0.01887628695246248,True
roundtrip_wav,spectral_contrast_2_mean,spectral,12.549798228221995,12.516679892550771,-0.028085846987578284,-30.17834917789129,7.632947371175733e-189,-0.0026389536364614685,0.028085846987578284,True
roundtrip_wav,spectral_contrast_2_std,spectral,4.291795970110948,4.307755733443935,0.022470113769855922,11.155948033441504,1.1299214345261862e-28,0.0037186677661601338,0.022470113769855922,True
roundtrip_wav,spectral_contrast_3_mean,spectral,14.052696176196482,13.978159274217928,-0.06599517713015965,-37.71601468017844,5.07658042889408e-285,-0.0053040997289054365,0.06599517713015965,True
roundtrip_wav,spectral_contrast_3_std,spectral,4.3823284936778615,4.370574809672423,-0.015147659179665084,-5.3479839902054565,9.158462985150248e-08,-0.0026820636614519004,0.015147659179665084,True
roundtrip_wav,spectral_contrast_4_mean,spectral,15.922925921936981,15.756203599029648,-0.1462329397266102,-51.959686695339,0.0,-0.010470583341572916,0.1462329397266102,True
roundtrip_wav,spectral_contrast_4_std,spectral,4.130585546320781,4.0987649657154925,-0.055117496331319,-10.58412230842473,5.400257237406658e-26,-0.007703648852795566,0.055117496331319,True
roundtrip_wav,spectral_contrast_5_mean,spectral,16.29696466759332,16.132168053762854,-0.11708730160798238,-46.465820808354444,0.0,-0.010112104750289137,0.11708730160798238,True
roundtrip_wav,spectral_contrast_5_std,spectral,3.568230460609731,3.479135709984132,-0.07618430484274132,-24.891382129634643,1.9566818211372504e-131,-0.024968889091982846,0.07618430484274132,True
roundtrip_wav,spectral_contrast_6_mean,spectral,16.375835292612727,16.194231888953627,-0.2268525333978493,-44.49654817327291,0.0,-0.01108971850376528,0.2268525333978493,True
roundtrip_wav,spectral_contrast_6_std,spectral,3.9310929259120058,3.919679812032613,-0.019770072892640166,-2.1406808451336077,0.0323321927426584,-0.002903292823266161,0.019770072892640166,False
roundtrip_wav,mfcc_00_mean,mfcc,-232.57030899708263,-235.99325326152743,-0.13575644249750998,-174.29449299050816,0.0,-0.014717890169237947,0.13575644249750998,True
roundtrip_wav,mfcc_00_std,mfcc,54.649420241193994,59.47329901223883,0.24221870060490863,97.0833920164231,0.0,0.08826953240775032,0.24221870060490863,True
roundtrip_wav,mfcc_00_min,mfcc,-335.2041861020562,-426.0121834694322,-1.6803984438278694,-142.78759996090812,0.0,-0.2709035302432906,1.6803984438278694,True
roundtrip_wav,mfcc_00_max,mfcc,-114.76391744081764,-115.57538272481887,-0.04121465325384323,-129.2652306041534,0.0,-0.007070735315563732,0.04121465325384323,True
roundtrip_wav,mfcc_00_median,mfcc,-240.27150874579405,-242.60336474836586,-0.07779277640994942,-84.95512846252086,0.0,-0.009705087443550796,0.07779277640994942,True
roundtrip_wav,mfcc_00_iqr,mfcc,96.44749551421131,96.86025498826855,0.009391593806179332,18.90447727936397,6.865185197557058e-78,0.004279628743666236,0.009391593806179332,True
roundtrip_wav,mfcc_00_skew,mfcc,0.40367540659194995,-0.3694716304934652,-1.708206824953971,-67.63200577131207,0.0,-1.9152691109244138,1.708206824953971,True
roundtrip_wav,mfcc_00_kurt,mfcc,-0.6426130788667378,2.113792495219615,1.8430280468815112,52.74053569571967,0.0,4.289370485498575,1.8430280468815112,True
roundtrip_wav,mfcc_01_mean,mfcc,60.16657194438453,59.6961204742538,-0.06338076233108936,-78.13214298370588,0.0,-0.007819150317648009,0.06338076233108936,True
roundtrip_wav,mfcc_01_std,mfcc,17.793638392294596,18.80734345944433,0.228379966376644,104.54062463259098,0.0,0.05697008362206069,0.228379966376644,True
roundtrip_wav,mfcc_01_min,mfcc,5.29331604451664,-1.5571940071076533,-0.4080898921085795,-53.784570327594004,0.0,-1.2941811888826769,0.4080898921085795,True
roundtrip_wav,mfcc_01_max,mfcc,97.23062635374845,97.389302527355,0.016815108121375107,14.991200068849702,4.491140164481705e-50,0.001631956715256045,0.016815108121375107,True
roundtrip_wav,mfcc_01_median,mfcc,59.72670034304243,59.81931788933211,0.017342148852540804,16.396776612993293,2.1999040477568228e-59,0.0015506891517148712,0.017342148852540804,True
roundtrip_wav,mfcc_01_iqr,mfcc,20.635167266729457,20.89947086437273,0.03438205696029924,23.599279112982323,8.344562798340081e-119,0.012808405874635971,0.03438205696029924,True
roundtrip_wav,mfcc_01_skew,mfcc,-0.4500619617035882,-0.6986319583531354,-0.4021125254100425,-60.76529027642845,0.0,-0.5523017224309571,0.4021125254100425,True
roundtrip_wav,mfcc_01_kurt,mfcc,0.923285359228895,1.417271041499471,0.3155425656577145,37.4072446216607,8.761041327771613e-281,0.5350303428217907,0.3155425656577145,True
roundtrip_wav,mfcc_02_mean,mfcc,19.908221298556434,19.733707450136603,-0.0248116863665067,-78.81794060899566,0.0,-0.008765918652536056,0.0248116863665067,True
roundtrip_wav,mfcc_02_std,mfcc,15.459048571538762,15.55638720377401,0.021191822687430757,36.09815649506419,4.3579661802374046e-263,0.00629654740942178,0.021191822687430757,True
roundtrip_wav,mfcc_02_min,mfcc,-23.868052795521354,-24.052429625685637,-0.011583196293408763,-16.978936837550755,1.8239074214494903e-63,-0.007724837536762921,0.011583196293408763,True
roundtrip_wav,mfcc_02_max,mfcc,48.59164026145284,48.674069845873476,0.011500842031521805,7.250587602291109,4.567439087764365e-13,0.0016963737790516185,0.011500842031521805,True
roundtrip_wav,mfcc_02_median,mfcc,23.802444957345905,23.61090760832539,-0.02797640408313712,-34.31317242732927,1.1241428825812256e-239,-0.008046961115286685,0.02797640408313712,True
roundtrip_wav,mfcc_02_iqr,mfcc,20.682857482026105,21.02383461806529,0.03670765758619447,36.2166573322102,1.1359895491044288e-264,0.016485978126354304,0.03670765758619447,True
roundtrip_wav,mfcc_02_skew,mfcc,-0.7659894303064093,-0.7487188502758458,0.04310856091468134,22.673291582826753,4.141361547326077e-110,0.022546760238786767,0.04310856091468134,True
roundtrip_wav,mfcc_02_kurt,mfcc,0.26381361972885536,0.19128153863333905,-0.06958091286430156,-32.98100268488512,9.134371702684956e-223,-0.274936832943136,0.06958091286430156,True
roundtrip_wav,mfcc_03_mean,mfcc,15.448066008699366,15.344596957733192,-0.025760296287359704,-59.144840171070356,0.0,-0.0066978643739550835,0.025760296287359704,True
roundtrip_wav,mfcc_03_std,mfcc,11.427590444690074,11.527290363726054,0.03440109698781393,68.22530002679548,0.0,0.008724491791907651,0.03440109698781393,True
roundtrip_wav,mfcc_03_min,mfcc,-15.9039831824837,-16.02099471060944,-0.013183561788486889,-13.296124383868415,6.9354956230482384e-40,-0.007357372476010549,0.013183561788486889,True
roundtrip_wav,mfcc_03_max,mfcc,44.45800556141336,44.55824646592829,0.010488638936498809,10.067443726991526,1.090703522331084e-23,0.0022547323760725795,0.010488638936498809,True
roundtrip_wav,mfcc_03_median,mfcc,16.649511114075256,16.604706754028083,-0.014312680529200062,-12.914332683413273,9.489438723233695e-38,-0.002691031570848739,0.014312680529200062,True
roundtrip_wav,mfcc_03_iqr,mfcc,13.106738471226437,13.463821999248266,0.07479076943851705,55.03193817883134,0.0,0.02724427048008496,0.07479076943851705,True
roundtrip_wav,mfcc_03_skew,mfcc,-0.27863215430017524,-0.27555666997074885,0.005230210469006612,4.250915846117407,2.1549943903718692e-05,0.011037794030451775,0.005230210469006612,True
roundtrip_wav,mfcc_03_kurt,mfcc,0.5675497006257167,0.4838840847716895,-0.09182335561691056,-57.517823431087756,0.0,-0.14741548759833178,0.09182335561691056,True
roundtrip_wav,mfcc_04_mean,mfcc,3.7322737033865425,3.7106265599092487,-0.004629499495751901,-18.924045141682665,4.8179578253356e-78,-0.005799988210310484,0.004629499495751901,True
roundtrip_wav,mfcc_04_std,mfcc,10.95734263625844,10.939189852720435,-0.005164057644024696,-19.26330939500725,9.855939235455044e-81,-0.0016566775486180677,0.005164057644024696,True
roundtrip_wav,mfcc_04_min,mfcc,-29.49284161677557,-29.559963155611438,-0.005525757663137643,-8.784740461662178,1.921682580831619e-18,-0.002275858654382356,0.005525757663137643,True
roundtrip_wav,mfcc_04_max,mfcc,24.317287404055623,24.379543218957433,0.01399296952853968,6.996267057628085,2.857374803943409e-12,0.002560146362847504,0.01399296952853968,True
roundtrip_wav,mfcc_04_median,mfcc,6.5146711693125186,6.419878207333611,-0.024175512506700796,-26.457924597082243,1.6691311395931087e-147,-0.014550690206043127,0.024175512506700796,True
roundtrip_wav,mfcc_04_iqr,mfcc,13.88488369665124,13.849371589260157,-0.005694110086417985,-6.220566970711382,5.221703607642581e-10,-0.002557609279770069,0.005694110086417985,True
roundtrip_wav,mfcc_04_skew,mfcc,-0.8595793116964991,-0.8487939643643085,0.02707712831287473,24.801631483332574,1.5389771555709696e-130,0.012547239312803176,0.02707712831287473,True
roundtrip_wav,mfcc_04_kurt,mfcc,0.5969079590029862,0.586899241499095,-0.008527611938640618,-6.993564772192913,2.912615520959409e-12,-0.016767606048692568,0.008527611938640618,True
roundtrip_wav,mfcc_05_mean,mfcc,2.27544297074246,2.276247124295334,0.0002542659198082128,0.9296683680427646,0.3525729788421485,0.00035340527678072686,0.0002542659198082128,False
roundtrip_wav,mfcc_05_std,mfcc,8.251713305039285,8.246428196664075,-0.0027793442562200183,-6.747804807218985,1.613696255330043e-11,-0.0006404861850910779,0.0027793442562200183,True
roundtrip_wav,mfcc_05_min,mfcc,-22.14853938837283,-22.218681799381784,-0.00936109026382238,-10.729497252239845,1.1587024620371159e-26,-0.0031669091030796215,0.00936109026382238,True
roundtrip_wav,mfcc_05_max,mfcc,20.40958480722176,20.447658469353033,0.008938353871491632,4.382795550542743,1.1877550721788292e-05,0.0018654795034244351,0.008938353871491632,True
roundtrip_wav,mfcc_05_median,mfcc,3.699178971040795,3.658060879567597,-0.014465584013079518,-14.007627611191635,5.057418956763782e-44,-0.011115464213841325,0.014465584013079518,True
roundtrip_wav,mfcc_05_iqr,mfcc,10.910918315307324,10.866369811249445,-0.012713325846427771,-10.454286337543122,2.0992185181049244e-25,-0.004082928931415432,0.012713325846427771,True
roundtrip_wav,mfcc_05_skew,mfcc,-0.5700763518854828,-0.5664059953281817,0.009894132195235581,9.660328889496855,5.977792086263777e-22,0.006438359607729147,0.009894132195235581,True
roundtrip_wav,mfcc_05_kurt,mfcc,0.2299524123823442,0.23875895742823636,0.010634752905060212,9.490746591363019,3.0242580197786444e-21,0.03829725009037704,0.010634752905060212,True
roundtrip_wav,mfcc_06_mean,mfcc,-0.5228687460765672,-0.5172120609604567,0.002462085419828609,7.048119515747854,1.976090087786579e-12,0.010818556585292934,0.002462085419828609,True
roundtrip_wav,mfcc_06_std,mfcc,7.126740410609265,7.102440938700657,-0.018156699342942687,-35.09910094593047,7.032071080716328e-250,-0.003409619336272417,0.018156699342942687,True
roundtrip_wav,mfcc_06_min,mfcc,-22.25809270145912,-22.308144145299632,-0.008130276399059427,-7.838584517498733,5.190389936539698e-15,-0.0022486852090984207,0.008130276399059427,True
roundtrip_wav,mfcc_06_max,mfcc,16.40492892396689,16.423419070234225,0.004091549156223471,2.4998189016090775,0.012447044074670337,0.00112710919706105,0.004091549156223471,False
roundtrip_wav,mfcc_06_median,mfcc,0.39429299580897026,0.3947777290216614,0.0002520917270076149,0.19145564216528865,0.8481738545452927,0.0012293731256793723,0.0002520917270076149,False
roundtrip_wav,mfcc_06_iqr,mfcc,9.078711615636932,8.968405816594958,-0.04935460516547432,-29.38969317921902,1.0170488419673493e-179,-0.012149939739465505,0.04935460516547432,True
roundtrip_wav,mfcc_06_skew,mfcc,-0.4738580282552421,-0.4782193572005715,-0.01025166343014614,-11.483199902461617,2.879762290818451e-30,-0.009203872648075527,0.01025166343014614,True
roundtrip_wav,mfcc_06_kurt,mfcc,0.3725700786791473,0.40779618879575835,0.04499078954793031,37.5470020797598,1.0659047745748463e-282,0.09454895100942155,0.04499078954793031,True
roundtrip_wav,mfcc_07_mean,mfcc,-1.5869632393684958,-1.5813252437388212,0.0020262629697183924,6.6706045613771945,2.730104937879443e-11,0.003552694536212533,0.0020262629697183924,True
roundtrip_wav,mfcc_07_std,mfcc,6.958412412989599,6.933730013606555,-0.016623278966653682,-36.37069292700916,9.796744891053664e-267,-0.0035471308565971854,0.016623278966653682,True
roundtrip_wav,mfcc_07_min,mfcc,-22.923088731664496,-22.96334426291863,-0.006331695922154951,-6.881205553770057,6.417321793907867e-12,-0.0017561128748991824,0.006331695922154951,True
roundtrip_wav,mfcc_07_max,mfcc,13.624869962386459,13.641321475556133,0.004911844095028351,2.0191234536755776,0.043510184260453055,0.0012074620319379769,0.004911844095028351,False
roundtrip_wav,mfcc_07_median,mfcc,-0.5326856688241227,-0.5158493690128992,0.00644665431697726,6.339145316242311,2.445297311596744e-10,0.03160644409373501,0.00644665431697726,True
roundtrip_wav,mfcc_07_iqr,mfcc,9.231024600821387,9.129819461736018,-0.037358319502152154,-27.806097025006384,5.597799079430511e-162,-0.010963586758978398,0.037358319502152154,True
roundtrip_wav,mfcc_07_skew,mfcc,-0.5678940338208495,-0.5742861527330498,-0.01908262277337127,-16.102151289777424,2.2796582873323617e-57,-0.011255830368904459,0.01908262277337127,True
roundtrip_wav,mfcc_07_kurt,mfcc,0.25189529761787705,0.2817933389589599,0.038613173095002215,32.027315923140776,5.755889735214122e-211,0.11869233615642137,0.038613173095002215,True
roundtrip_wav,mfcc_08_mean,mfcc,-0.7934494833567001,-0.7738208178589362,0.011672699315452253,27.35008037580806,5.124628048185797e-157,0.024738393444689772,0.011672699315452253,True
roundtrip_wav,mfcc_08_std,mfcc,5.67288838008245,5.656257138941849,-0.016522957167769376,-25.812316685237136,8.788153161580455e-141,-0.0029317060421977462,0.016522957167769376,True
roundtrip_wav,mfcc_08_min,mfcc,-17.88672795191261,-17.9133073294488,-0.005568714173966449,-4.04668293074649,5.247453617006253e-05,-0.0014859832165862957,0.005568714173966449,True
roundtrip_wav,mfcc_08_max,mfcc,14.70344309434505,14.73502749131742,0.007866233928228574,4.711599300684772,2.502422502419567e-06,0.0021480952977957603,0.007866233928228574,True
roundtrip_wav,mfcc_08_median,mfcc,-0.5393774310919758,-0.5041924857994574,0.025524320552794195,16.696071173512816,1.821745642931447e-61,0.06523251301280078,0.025524320552794195,True
roundtrip_wav,mfcc_08_iqr,mfcc,7.108354348153189,7.0331144363422275,-0.05198830459276769,-23.68828902281911,1.1742983362040782e-119,-0.010584715973045104,0.05198830459276769,True
roundtrip_wav,mfcc_08_skew,mfcc,-0.18225319906023818,-0.1879061801254181,-0.013678095396288423,-12.20455768822538,6.194506750417427e-34,-0.031017184303642868,0.013678095396288423,True
roundtrip_wav,mfcc_08_kurt,mfcc,0.4299831852846007,0.4594174845306973,0.04588370243360467,26.33451485236158,3.2955771844166415e-146,0.06845453555727854,0.04588370243360467,True
roundtrip_wav,mfcc_09_mean,mfcc,0.09481104001417891,0.08762135911541129,-0.003827029403975131,-9.71145339525092,3.6470759858286057e-22,-0.07583168476679941,0.003827029403975131,True
roundtrip_wav,mfcc_09_std,mfcc,5.453465199259565,5.4319463519921305,-0.021269541606327186,-33.72304321656661,4.0013587004997865e-232,-0.003945903472595011,0.021269541606327186,True
roundtrip_wav,mfcc_09_min,mfcc,-16.497228786487476,-16.479785269329806,0.0034793051664519055,2.5744266480422255,0.010059796205192498,0.001057360444195166,0.0034793051664519055,False
roundtrip_wav,mfcc_09_max,mfcc,14.864465673129063,14.893519014172169,0.007293864309194371,4.483168726834237,7.464483078959405e-06,0.0019545499772404577,0.007293864309194371,True
roundtrip_wav,mfcc_09_median,mfcc,0.36566232998192433,0.34733870683520524,-0.011614192455334935,-8.774513593203126,2.1026385361213465e-18,-0.05011077610216201,0.011614192455334935,True
roundtrip_wav,mfcc_09_iqr,mfcc,6.829150524966648,6.757655909907437,-0.05149482128242667,-23.190960107365353,6.205881740133275e-115,-0.010469034881839895,0.05149482128242667,True
roundtrip_wav,mfcc_09_skew,mfcc,-0.20675737511389178,-0.20275704538141656,0.009469749041263794,8.254404254214728,1.7907451188718484e-16,0.01934794214848029,0.009469749041263794,True
roundtrip_wav,mfcc_09_kurt,mfcc,0.4446468598908722,0.4703609025779134,0.03734733129039288,21.109141704645154,4.13084044537597e-96,0.05783025813642782,0.03734733129039288,True
roundtrip_wav,mfcc_10_mean,mfcc,-1.0237147295672702,-1.0013778890202267,0.012510614395401938,30.69191273830655,6.912234244633409e-195,0.021819399391161773,0.012510614395401938,True
roundtrip_wav,mfcc_10_std,mfcc,5.021748270920103,5.01031575923646,-0.01196146169245037,-18.450486194389036,2.313559241696161e-74,-0.0022765999143856755,0.01196146169245037,True
roundtrip_wav,mfcc_10_min,mfcc,-15.660272312779497,-15.680243875915975,-0.004512365840718275,-3.067913061609412,0.0021633432840904125,-0.0012753011402094295,0.004512365840718275,False
roundtrip_wav,mfcc_10_max,mfcc,13.005106517823533,13.043044396937335,0.00928218508165377,5.594372382171187,2.2928381736396688e-08,0.002917152509424485,0.00928218508165377,True
roundtrip_wav,mfcc_10_median,mfcc,-0.8744786400909921,-0.8331338112913336,0.027517115255840222,20.708510619767814,1.1479028836044797e-92,0.0472794038689801,0.027517115255840222,True
roundtrip_wav,mfcc_10_iqr,mfcc,6.452512291490735,6.402110921397471,-0.03841068712843574,-17.1379583199787,1.3285703413077255e-64,-0.007811123453376651,0.03841068712843574,True
roundtrip_wav,mfcc_10_skew,mfcc,-0.09622503333952097,-0.10284489219489924,-0.016946832092108198,-13.639067009310969,7.452547857265105e-42,-0.06879559949873673,0.016946832092108198,True
roundtrip_wav,mfcc_10_kurt,mfcc,0.29514390553543896,0.32016428096401733,0.041741190877476644,21.902490819796338,4.2173997708388003e-103,0.08477347815529972,0.041741190877476644,True
roundtrip_wav,mfcc_11_mean,mfcc,0.27041779017296613,0.254304384300402,-0.00949616243277722,-22.903149370548952,3.0664406557172333e-112,-0.059587077692845616,0.00949616243277722,True
roundtrip_wav,mfcc_11_std,mfcc,4.809509036834139,4.793669792193183,-0.015835215093219494,-26.557370338486987,1.4961184529147558e-148,-0.003293318407273913,0.015835215093219494,True
roundtrip_wav,mfcc_11_min,mfcc,-13.661960875630747,-13.671647520030703,-0.002157439782621548,-1.4955976746228539,0.13480094358176545,-0.0007090229937076079,0.002157439782621548,False
roundtrip_wav,mfcc_11_max,mfcc,13.970859632554866,13.978295743153021,0.0017900338223335813,1.1490816698694057,0.2505592449125279,0.0005322586292991769,0.0017900338223335813,False
roundtrip_wav,mfcc_11_median,mfcc,0.32651092954466343,0.29765063437753747,-0.020122676986219463,-14.706388226456857,2.780897803167154e-48,-0.0883899819444732,0.020122676986219463,True
roundtrip_wav,mfcc_11_iqr,mfcc,6.134643005931863,6.070791877265366,-0.05073410750500823,-22.044352841788125,2.2446343115903074e-104,-0.01040828758980044,0.05073410750500823,True
roundtrip_wav,mfcc_11_skew,mfcc,-0.03540516373431238,-0.030126029048399044,0.013432134304066203,10.455989909133024,2.0623667490109815e-25,0.14910634859731325,0.013432134304066203,True
roundtrip_wav,mfcc_11_kurt,mfcc,0.3140463220049161,0.3373190687748164,0.037631949889399705,19.898600937161383,6.962119631173814e-86,0.0741060956273067,0.037631949889399705,True
roundtrip_wav,mfcc_12_mean,mfcc,-1.7276071492641025,-1.6939333973235031,0.02248630863075649,48.24999422722858,0.0,0.019491556257418358,0.02248630863075649,True
roundtrip_wav,mfcc_12_std,mfcc,4.688958951585392,4.677815495885221,-0.010830160016852148,-18.578112844881364,2.4012173187497633e-75,-0.0023765308707605058,0.010830160016852148,True
roundtrip_wav,mfcc_12_min,mfcc,-15.18281220069673,-15.187530426260702,-0.0011333294637238247,-0.7061844736694975,0.48009553704848806,-0.0003107609777163011,0.0011333294637238247,False
roundtrip_wav,mfcc_12_max,mfcc,11.902021205933115,11.928309704215756,0.005864076636658492,3.9789617757946,6.98741698574074e-05,0.002208742349537765,0.005864076636658492,True
roundtrip_wav,mfcc_12_median,mfcc,-1.6985554444777158,-1.6358345782610442,0.04997626320587484,33.5377871909394,8.974116306732367e-230,0.036926004635637596,0.04997626320587484,True
roundtrip_wav,mfcc_12_iqr,mfcc,5.939045012818372,5.906003915471784,-0.027467594016088732,-11.69996700378637,2.396706042624155e-31,-0.005563368736097321,0.027467594016088732,True
roundtrip_wav,mfcc_12_skew,mfcc,0.005274117070325734,-0.005607404258221899,-0.02621953666272141,-20.83115027865453,1.0277394485776416e-93,-2.063192982531876,0.02621953666272141,True
roundtrip_wav,mfcc_12_kurt,mfcc,0.369211801614192,0.38717965310818897,0.02570823285115293,14.249100238532082,1.7940868216032363e-45,0.048665431103344044,0.02570823285115293,True
roundtrip_wav,mfcc_13_mean,mfcc,-0.33015276454057835,-0.34305833800558166,-0.00816227519051472,-19.4897171157671,1.4968454309584737e-82,-0.039089702862134056,0.00816227519051472,True
roundtrip_wav,mfcc_13_std,mfcc,4.592576183197079,4.578682520618801,-0.013640961670397855,-23.874553296120972,1.9000826197329467e-121,-0.003025243789991092,0.013640961670397855,True
roundtrip_wav,mfcc_13_min,mfcc,-13.384910055713425,-13.423561449862186,-0.008900693072101383,-6.097597079246236,1.1305532995228706e-09,-0.0028876842644349958,0.008900693072101383,True
roundtrip_wav,mfcc_13_max,mfcc,12.963305360350361,12.962369432437805,-0.00021189704620329668,-0.14440997140686768,0.8851806546994236,-7.219824624500833e-05,0.00021189704620329668,False
roundtrip_wav,mfcc_13_median,mfcc,-0.37402438555020945,-0.37980182302696186,-0.004421013135988788,-3.1301129583528167,0.0017541540303627912,-0.015446686633154945,0.004421013135988788,False
roundtrip_wav,mfcc_13_iqr,mfcc,5.8372969337715395,5.783758589464452,-0.045890093664670034,-19.368547676924,1.415118262256815e-81,-0.009171769898725313,0.045890093664670034,True
roundtrip_wav,mfcc_13_skew,mfcc,0.03339240035553463,0.0304975861062935,-0.006973386874437549,-5.646956855069281,1.693301036179878e-08,-0.08669081043649299,0.006973386874437549,True
roundtrip_wav,mfcc_13_kurt,mfcc,0.32798492937713514,0.3531943338239773,0.037382187396769365,21.51924999249054,1.072642847885869e-99,0.07686147194237393,0.037382187396769365,True
roundtrip_wav,mfcc_14_mean,mfcc,-2.362983337396816,-2.333503820822932,0.01929749128163048,41.85424876259378,0.0,0.012475549914947802,0.01929749128163048,True
roundtrip_wav,mfcc_14_std,mfcc,4.438593298443306,4.432694481764759,-0.005388262158942447,-10.203487347942481,2.763041984056859e-24,-0.0013289833697120042,0.005388262158942447,True
roundtrip_wav,mfcc_14_min,mfcc,-15.221344985174982,-15.255839434286516,-0.008154281679596446,-5.516130030124793,3.581870106343563e-08,-0.0022661892983261668,0.008154281679596446,True
roundtrip_wav,mfcc_14_max,mfcc,10.39929196043467,10.404475407708702,0.0011041583056238193,0.7842780490466192,0.43290194551344885,0.0004984423260499642,0.0011041583056238193,False
roundtrip_wav,mfcc_14_median,mfcc,-2.3115852119028366,-2.2564865973285686,0.04255054343404985,31.051256948894167,3.6676339394859428e-199,0.023835857008668207,0.04255054343404985,True
roundtrip_wav,mfcc_14_iqr,mfcc,5.636722449186396,5.624990574267458,-0.009754814657115954,-4.242226510652506,2.2399616802106674e-05,-0.0020813291810441586,0.009754814657115954,True
roundtrip_wav,mfcc_14_skew,mfcc,-0.034967367755033146,-0.050043173860727604,-0.0370710382283681,-28.55057125483841,3.204078048161993e-170,-0.431139289960551,0.0370710382283681,True
roundtrip_wav,mfcc_14_kurt,mfcc,0.33822159699902976,0.348483411619775,0.014144272804638317,8.170821852161515,3.570476749108461e-16,0.030340506673128417,0.014144272804638317,True
roundtrip_wav,mfcc_15_mean,mfcc,-1.1255824356967263,-1.1249093222893345,0.00046295324464882865,1.0307229040473391,0.302704285877141,0.000598013424912049,0.00046295324464882865,False
roundtrip_wav,mfcc_15_std,mfcc,4.352679329762987,4.340643653585077,-0.010860383692105027,-21.964158737678375,1.1807544552494062e-103,-0.0027651189683586216,0.010860383692105027,True
roundtrip_wav,mfcc_15_min,mfcc,-13.654193028953829,-13.67300024476043,-0.004785467827113403,-3.3168855816367806,0.0009146331375976992,-0.0013773948974297391,0.004785467827113403,False
roundtrip_wav,mfcc_15_max,mfcc,11.436744904873784,11.444216248809996,0.0014954186947810932,1.1220738797731786,0.26186723964153563,0.0006532753854663503,0.0014954186947810932,False
roundtrip_wav,mfcc_15_median,mfcc,-1.1190680850199837,-1.0989890065959842,0.01683190884078822,11.402247611049217,7.205540086719036e-30,0.017942678102236213,0.01683190884078822,True
roundtrip_wav,mfcc_15_iqr,mfcc,5.50386172555364,5.464367115909911,-0.033525571186040055,-14.939623240695584,9.532760392546556e-50,-0.007175799758987575,0.033525571186040055,True
roundtrip_wav,mfcc_15_skew,mfcc,-0.014597489258277712,-0.021094016606393925,-0.015350849146501158,-12.43489314563476,3.7705825085682256e-35,-0.4450441602094186,0.015350849146501158,True
roundtrip_wav,mfcc_15_kurt,mfcc,0.3480511530553885,0.37147340334589013,0.029990802857690832,19.080888552756978,2.7861338413410734e-79,0.06729542506866588,0.029990802857690832,True
roundtrip_wav,mfcc_16_mean,mfcc,-1.9634104081123271,-1.9356306800284242,0.01939042102123907,43.1417496279654,0.0,0.014148711837893884,0.01939042102123907,True
roundtrip_wav,mfcc_16_std,mfcc,4.205176805278491,4.197959583740507,-0.0065350489682336425,-13.200178006435781,2.4178511153446842e-39,-0.0017162706521459193,0.0065350489682336425,True
roundtrip_wav,mfcc_16_min,mfcc,-13.857347370748029,-13.875892563158427,-0.004768611826291034,-3.1727150972339384,0.001516349818932738,-0.0013382931028737886,0.004768611826291034,False
roundtrip_wav,mfcc_16_max,mfcc,10.379392230883992,10.398836749933881,0.00409334842368722,3.147690972480025,0.0016521576257544884,0.0018733774210817407,0.00409334842368722,False
roundtrip_wav,mfcc_16_median,mfcc,-1.9870286126467631,-1.9321725954294564,0.04495097513970381,32.45170001480722,3.4793548135828113e-216,0.02760705954014289,0.04495097513970381,True
roundtrip_wav,mfcc_16_iqr,mfcc,5.322998178209221,5.302908919628894,-0.01745030644642998,-7.55291702263603,4.7633608186521335e-14,-0.0037740494938671943,0.01745030644642998,True
roundtrip_wav,mfcc_16_skew,mfcc,0.03465886932601083,0.022090810892135247,-0.030180408458557295,-24.35301814133109,4.20096406165023e-126,-0.36262170919821357,0.030180408458557295,True
roundtrip_wav,mfcc_16_kurt,mfcc,0.34496050263213607,0.35676369983084316,0.015047322790353918,9.415555073841944,6.151631435139733e-21,0.03421608302587023,0.015047322790353918,True
roundtrip_wav,mfcc_17_mean,mfcc,-0.6974917658423915,-0.7008575958212412,-0.0024996148118184972,-5.49715791687705,3.98751490645623e-08,-0.00482561966130833,0.0024996148118184972,True
roundtrip_wav,mfcc_17_std,mfcc,4.037585516945116,4.025445241034339,-0.010702328694266223,-22.71737046828405,1.6219093091091833e-110,-0.0030068157961798043,0.010702328694266223,True
roundtrip_wav,mfcc_17_min,mfcc,-12.03001808822195,-12.045137008212777,-0.004443304700723852,-2.635635222071894,0.008415419252511365,-0.0012567661893732466,0.004443304700723852,False
roundtrip_wav,mfcc_17_max,mfcc,11.278629793689515,11.281125160750964,0.0004744254366821914,0.4051269693275653,0.685395831319351,0.00022124735957248547,0.0004744254366821914,False
roundtrip_wav,mfcc_17_median,mfcc,-0.7566387475117893,-0.7462589081676927,0.009089731563075607,6.2471310153580495,4.410747608772079e-10,0.013718355527298524,0.009089731563075607,True
roundtrip_wav,mfcc_17_iqr,mfcc,5.101106442682239,5.053642663898341,-0.04221397144970083,-18.962560024865727,2.3974213551172615e-78,-0.009304604661207798,0.04221397144970083,True
roundtrip_wav,mfcc_17_skew,mfcc,0.05424301387528234,0.05044746982475792,-0.008789320885376572,-7.125847380757849,1.1314073369881034e-12,-0.06997295650369427,0.008789320885376572,True
roundtrip_wav,mfcc_17_kurt,mfcc,0.35641762904074725,0.3799914052526669,0.026656692468013624,18.31131219144076,2.6923676842342886e-73,0.06614088162632545,0.026656692468013624,True
roundtrip_wav,mfcc_18_mean,mfcc,-2.098664632028567,-2.0727285845928436,0.0214517012785628,42.40829145334784,0.0,0.01235835732870467,0.0214517012785628,True
roundtrip_wav,mfcc_18_std,mfcc,3.9658225470165385,3.95901491596127,-0.006483275938057943,-13.032866785645577,2.090821921960342e-38,-0.0017165748024680543,0.006483275938057943,True
roundtrip_wav,mfcc_18_min,mfcc,-13.644822365461282,-13.650877314699448,-0.0017029492463304415,-1.1173693431531346,0.2638725179943722,-0.00044375434695967755,0.0017029492463304415,False
roundtrip_wav,mfcc_18_max,mfcc,9.296280963128332,9.325507790567157,0.006300147391246968,4.752424938876156,2.04764192142693e-06,0.003143926862230861,0.006300147391246968,True
roundtrip_wav,mfcc_18_median,mfcc,-2.049125312751555,-2.000654781623241,0.04831822443872882,30.902790302083385,2.1646611245730946e-197,0.02365425424530421,0.04831822443872882,True
roundtrip_wav,mfcc_18_iqr,mfcc,4.985679273121641,4.970709874569802,-0.014258299644375689,-5.9638358008307755,2.576553345823365e-09,-0.003002479247419912,0.014258299644375689,True
roundtrip_wav,mfcc_18_skew,mfcc,-0.053692763948621026,-0.06664320107516761,-0.031052105189791356,-24.030264591357316,5.920435803013143e-123,-0.24119520349034262,0.031052105189791356,True
roundtrip_wav,mfcc_18_kurt,mfcc,0.371787175753499,0.3845609782884506,0.015839991217003784,9.841641896251648,1.0246937192321068e-22,0.03435783525632101,0.015839991217003784,True
roundtrip_wav,mfcc_19_mean,mfcc,-0.5474202609398403,-0.5483592629049395,-0.0007946574576265975,-1.6288620160895255,0.10338457005923554,-0.0017153219054901055,0.0007946574576265975,False
roundtrip_wav,mfcc_19_std,mfcc,3.8057659573537324,3.7920334564161395,-0.013367951926521906,-27.18368112083428,3.1880014972593307e-155,-0.0036083408941787513,0.013367951926521906,True
roundtrip_wav,mfcc_19_min,mfcc,-11.474654826725736,-11.49994932748092,-0.006950510238822758,-4.666679731489908,3.114608915101896e-06,-0.002204380100068022,0.006950510238822758,True
roundtrip_wav,mfcc_19_max,mfcc,10.656085372980428,10.65509147359517,-0.00022256744971924474,-0.17869640560380237,0.8581809572289912,-9.327059144789806e-05,0.00022256744971924474,False
roundtrip_wav,mfcc_19_median,mfcc,-0.5634483520828709,-0.5520375353223352,0.011567361852541553,7.408418957972944,1.4187511037840411e-13,0.02025175283298619,0.011567361852541553,True
roundtrip_wav,mfcc_19_iqr,mfcc,4.760932293257385,4.719309929412616,-0.04215969124151469,-17.69207766110458,1.2118253596869177e-68,-0.008742481783182675,0.04215969124151469,True
roundtrip_wav,mfcc_19_skew,mfcc,0.020630889099338794,0.016400600209883213,-0.009717710879320446,-7.803445729566062,6.8463036442206056e-15,-0.2050463685344108,0.009717710879320446,True
roundtrip_wav,mfcc_19_kurt,mfcc,0.4087461482476621,0.43474792438789883,0.030566336322706295,20.189047619617586,2.741728238604947e-88,0.06361350743415957,0.030566336322706295,True
roundtrip_wav,mfcc_d1_00_mean,mfcc,-0.02616819855140234,-0.5171135233892179,-3.4718685985809272,-133.01886697201488,0.0,-18.761143373069753,3.4718685985809272,True
roundtrip_wav,mfcc_d1_00_std,mfcc,5.586916580173161,6.527940366923266,0.5307965240771298,79.94362950461017,0.0,0.16843347725820876,0.5307965240771298,True
roundtrip_wav,mfcc_d2_00_mean,mfcc,-0.05374497811239215,-0.1405237742327041,-1.126963261903823,-56.685691815379734,0.0,-1.6146400867228763,1.126963261903823,True
roundtrip_wav,mfcc_d2_00_std,mfcc,2.4215625754559063,2.6930927468401755,0.39845391771111194,74.06767967191986,0.0,0.11213014858108651,0.39845391771111194,True
roundtrip_wav,mfcc_d1_01_mean,mfcc,0.0026126360155217273,-0.20448789571809056,-4.155467735656477,-162.07887936544023,0.0,-79.26880380704527,4.155467735656477,True
roundtrip_wav,mfcc_d1_01_std,mfcc,2.699114084130301,2.918863367976799,0.320922455072347,103.14673095877782,0.0,0.08141533740219967,0.320922455072347,True
roundtrip_wav,mfcc_d2_01_mean,mfcc,-0.007373475627980725,-0.052585123830923786,-1.5460954335713855,-85.66305989235714,0.0,-6.131660357209937,1.5460954335713855,True
roundtrip_wav,mfcc_d2_01_std,mfcc,1.251629128148721,1.3070566715346517,0.18910842610491194,80.931069391492,0.0,0.04428431884444333,0.18910842610491194,True
roundtrip_wav,mfcc_d1_02_mean,mfcc,-0.010639058939246993,-0.08585028864357917,-1.85954834598566,-119.00314802528872,0.0,-7.069349848874459,1.85954834598566,True
roundtrip_wav,mfcc_d1_02_std,mfcc,2.144294136435201,2.2216358674493524,0.14299449898791386,94.44951776842102,0.0,0.03606862029792653,0.14299449898791386,True
roundtrip_wav,mfcc_d2_02_mean,mfcc,-0.02639596465575873,-0.03427596426116616,-0.35166669262564854,-24.319558417809205,8.942609219141471e-126,-0.29853046509850784,0.35166669262564854,True
roundtrip_wav,mfcc_d2_02_std,mfcc,0.9982922744631674,1.000941231546805,0.013477623167132278,8.537633878963174,1.6438103873464227e-17,0.0026534885137341445,0.013477623167132278,True
roundtrip_wav,mfcc_d1_03_mean,mfcc,-0.004336567633102532,-0.07221017013813794,-2.377830754543032,-165.15825735449906,0.0,-15.651457154024891,2.377830754543032,True
roundtrip_wav,mfcc_d1_03_std,mfcc,1.5553615144163926,1.5918354484420967,0.11580419395125094,81.42660038661657,0.0,0.02345045424335959,0.11580419395125094,True
roundtrip_wav,mfcc_d2_03_mean,mfcc,-0.013756039524384443,-0.017394127770122586,-0.215412270931749,-15.606822197651391,4.677329674667288e-54,-0.26447206983442717,0.215412270931749,True
roundtrip_wav,mfcc_d2_03_std,mfcc,0.766336686313705,0.7678071525338342,0.0130029193714727,6.760488109711228,1.479334947510267e-11,0.0019188252975367887,0.0130029193714727,True
roundtrip_wav,mfcc_d1_04_mean,mfcc,-0.0017099521889732945,-0.02738513680748216,-1.063304036598025,-90.96492472646669,0.0,-15.015147665575958,1.063304036598025,True
roundtrip_wav,mfcc_d1_04_std,mfcc,1.4736286501461349,1.4829476064786926,0.02536668682089007,36.019367124799984,4.9021681490724233e-262,0.006323815929904469,0.02536668682089007,True
roundtrip_wav,mfcc_d2_04_mean,mfcc,-0.007286515278118179,-0.013392424117611554,-0.415669726955399,-33.31419970269081,5.990723542380753e-227,-0.8379737921952579,0.415669726955399,True
roundtrip_wav,mfcc_d2_04_std,mfcc,0.7299490521093706,0.7270118279181431,-0.02410867366005431,-17.99616403203348,6.554824825451443e-71,-0.004023875615345474,0.02410867366005431,True
roundtrip_wav,mfcc_d1_05_mean,mfcc,-0.00043803263711660127,-0.027666213769668112,-1.1934357864717413,-117.76287843432955,0.0,-62.16016530590975,1.1934357864717413,True
roundtrip_wav,mfcc_d1_05_std,mfcc,1.174177629632129,1.1766580957630592,0.01078190826440158,11.496674629604824,2.4705682294581924e-30,0.002112513531455602,0.01078190826440158,True
roundtrip_wav,mfcc_d2_05_mean,mfcc,-0.004523460866950114,-0.007085239652847756,-0.17900761524587597,-15.186302240502178,2.549305737321158e-51,-0.566331590180173,0.17900761524587597,True
roundtrip_wav,mfcc_d2_05_std,mfcc,0.6520708656876646,0.6483075729601188,-0.042149333681342355,-25.13265469693701,7.415037733804029e-134,-0.005771294081015437,0.042149333681342355,True
roundtrip_wav,mfcc_d1_06_mean,mfcc,-0.000379443396820734,-0.006543700666793377,-0.3032497619908644,-33.520761216684114,1.4742229636381442e-229,-16.24552521303965,0.3032497619908644,True
roundtrip_wav,mfcc_d1_06_std,mfcc,1.0576265287876598,1.0528640873715147,-0.025436531911226197,-26.78429206188933,5.9230632314027006e-151,-0.004502951927278369,0.025436531911226197,True
roundtrip_wav,mfcc_d2_06_mean,mfcc,-0.0013374395300725535,-0.002956546013906511,-0.12066790593877429,-10.37829148777649,4.612793691919504e-25,-1.2106016365062306,0.12066790593877429,True
roundtrip_wav,mfcc_d2_06_std,mfcc,0.6246827182466939,0.6198212617264987,-0.05946398513702949,-34.62887556176771,9.3763427924403e-244,-0.007782281113586634,0.05946398513702949,True
roundtrip_wav,mfcc_d1_07_mean,mfcc,-2.8941909662705066e-05,-0.0075217930270704125,-0.3950928626998218,-42.29049485004065,0.0,-258.8927684707377,0.3950928626998218,True
roundtrip_wav,mfcc_d1_07_std,mfcc,0.9716895511820173,0.967216201441883,-0.02656502938786229,-25.45189735244024,4.325841516570606e-137,-0.004603682045044752,0.02656502938786229,True
roundtrip_wav,mfcc_d2_07_mean,mfcc,-0.0018892032277111638,-0.00279741506716664,-0.06995727115088411,-6.060249014705365,1.425382078471154e-09,-0.4807380307918523,0.06995727115088411,True
roundtrip_wav,mfcc_d2_07_std,mfcc,0.594452681388743,0.5899966837853043,-0.060150052758218005,-33.264894890854535,2.5029361013719738e-226,-0.007495966866578262,0.060150052758218005,True
roundtrip_wav,mfcc_d1_08_mean,mfcc,-0.000195376764870089,-0.002602063700733636,-0.13036347173419002,-14.985160177893373,4.905553593418257e-50,-12.318183983974832,0.13036347173419002,True
roundtrip_wav,mfcc_d1_08_std,mfcc,0.8778932423108486,0.8730065371367922,-0.03420245250163154,-30.945797391402166,6.653440749225595e-198,-0.005566400262056146,0.03420245250163154,True
roundtrip_wav,mfcc_d2_08_mean,mfcc,-0.0008706404328972024,-0.000292383057640516,0.04680529431081159,4.033365511722235,5.553345339496636e-05,0.664174730930469,0.04680529431081159,True
roundtrip_wav,mfcc_d2_08_std,mfcc,0.5566832617744955,0.5525644494921267,-0.06312914663866775,-31.639237499689433,3.0674356034243947e-206,-0.0073988434091579345,0.06312914663866775,True
roundtrip_wav,mfcc_d1_09_mean,mfcc,0.0004017842382319356,-0.0011398534402516272,-0.0865660363093165,-9.671647849635114,5.359478049055359e-22,-3.8369789847097753,0.0865660363093165,True
roundtrip_wav,mfcc_d1_09_std,mfcc,0.8458998953364265,0.8413357030267541,-0.031174967484891215,-28.023801994883403,2.269257966947254e-164,-0.005395664823740375,0.031174967484891215,True
roundtrip_wav,mfcc_d2_09_mean,mfcc,-0.0017067192848398073,-0.0019823555889261386,-0.022173014924139915,-1.9465861562319289,0.05162195773917423,-0.1615006677048256,0.022173014924139915,False
roundtrip_wav,mfcc_d2_09_std,mfcc,0.5412803442851496,0.5370429104681383,-0.06650544744166373,-33.55886188136679,4.8534054920740635e-230,-0.007828538135090574,0.06650544744166373,True
roundtrip_wav,mfcc_d1_10_mean,mfcc,-0.0001952757557811903,-0.0019799674296248414,-0.10273810977369482,-11.700836313876149,2.372717451419883e-31,-9.13934075791481,0.10273810977369482,True
roundtrip_wav,mfcc_d1_10_std,mfcc,0.7751595158709566,0.7714075448367926,-0.027379657402808497,-23.808720958934682,8.187426218722827e-121,-0.0048402566921316335,0.027379657402808497,True
roundtrip_wav,mfcc_d2_10_mean,mfcc,-0.001328925394817112,0.0003612458123330916,0.1435054490617455,12.328130239265105,1.388441925075261e-34,1.271833026701101,0.1435054490617455,True
roundtrip_wav,mfcc_d2_10_std,mfcc,0.5143143569464674,0.5109534047692702,-0.05415484777155581,-27.038165656652478,1.1612031325373218e-153,-0.006534820838273926,0.05415484777155581,True
roundtrip_wav,mfcc_d1_11_mean,mfcc,-0.00029084824740711424,0.0005858816052762165,0.051283616593864836,5.775568413619817,7.978275995604702e-09,3.0143893267341233,0.051283616593864836,True
roundtrip_wav,mfcc_d1_11_std,mfcc,0.7562943129534261,0.7525314491717991,-0.02581682554231162,-24.148573955631644,4.189838196859302e-124,-0.00497539610860284,0.02581682554231162,True
roundtrip_wav,mfcc_d2_11_mean,mfcc,-0.0012158489314797142,-0.0014513042485452688,-0.020278060449831648,-1.7545788391385837,0.07937253493732692,-0.19365507586456526,0.020278060449831648,False
roundtrip_wav,mfcc_d2_11_std,mfcc,0.5030939702294086,0.49975293305679286,-0.0534840389378367,-27.2140377297015,1.5028900989369596e-155,-0.006640980354211457,0.0534840389378367,True
roundtrip_wav,mfcc_d1_12_mean,mfcc,-0.00011493584602817732,0.003403297476995638,0.21184521004767126,23.18201189741549,7.5334385940430635e-115,30.610409585894516,0.21184521004767126,True
roundtrip_wav,mfcc_d1_12_std,mfcc,0.7348339726218669,0.7321912604795806,-0.017898222077472752,-16.652939558617508,3.653040711991608e-61,-0.003596339092566941,0.017898222077472752,True
roundtrip_wav,mfcc_d2_12_mean,mfcc,0.0009115182480436508,0.0021032164833157648,0.10236152277336243,8.923425893767686,5.615519843929323e-19,1.3073772662585752,0.10236152277336243,True
roundtrip_wav,mfcc_d2_12_std,mfcc,0.491023270519395,0.4878278057729817,-0.050422435084960485,-25.970792479024027,2.026610176957483e-142,-0.0065077664099976364,0.050422435084960485,True
roundtrip_wav,mfcc_d1_13_mean,mfcc,0.0010030778698068125,0.005276679957956535,0.2639033467765647,29.84051696441793,6.524853787933659e-185,4.26048885813102,0.2639033467765647,True
roundtrip_wav,mfcc_d1_13_std,mfcc,0.7095205483843222,0.7060651872729349,-0.02329475156768851,-22.94322858483777,1.2979109858271484e-112,-0.004869994419831358,0.02329475156768851,True
roundtrip_wav,mfcc_d2_13_mean,mfcc,0.0008921845044902303,1.0000937798811935e-05,-0.07941507635504852,-6.856823641863543,7.60507464584816e-12,-0.9887905049365028,0.07941507635504852,True
roundtrip_wav,mfcc_d2_13_std,mfcc,0.47507680786152495,0.47208597790248363,-0.048550842451978035,-24.54804670655776,5.049301363497342e-128,-0.006295466142630738,0.048550842451978035,True
roundtrip_wav,mfcc_d1_14_mean,mfcc,0.0002651456165900001,0.006794098007403307,0.4064585958025198,44.99203098505521,0.0,24.624025374363082,0.4064585958025198,True
roundtrip_wav,mfcc_d1_14_std,mfcc,0.6897227474330971,0.6881698118803088,-0.009920018840746806,-10.030805837517462,1.5739673032861464e-23,-0.002251535937545662,0.009920018840746806,True
roundtrip_wav,mfcc_d2_14_mean,mfcc,0.002187265383781702,0.003403122042177404,0.11009982340459501,9.511108212056065,2.492928453583757e-21,0.5558798065434247,0.11009982340459501,True
roundtrip_wav,mfcc_d2_14_std,mfcc,0.466291987666568,0.46384964703929826,-0.039085477645913955,-20.095198340545537,1.6536299343780204e-87,-0.005237792395901452,0.039085477645913955,True
roundtrip_wav,mfcc_d1_15_mean,mfcc,0.000780718061717868,0.0048909769117715714,0.2661928509527651,29.197790255920903,1.5806062642246496e-177,5.2647159731511985,0.2661928509527651,True
roundtrip_wav,mfcc_d1_15_std,mfcc,0.6751355460134465,0.6725057978123954,-0.016678202471468898,-17.912373254154645,2.784275739692881e-70,-0.0038951410817861624,0.016678202471468898,True
roundtrip_wav,mfcc_d2_15_mean,mfcc,0.0014189786315719475,0.0006902970658217564,-0.0662230362960345,-5.771955419375918,8.150505473371019e-09,-0.5135253974494007,0.0662230362960345,True
roundtrip_wav,mfcc_d2_15_std,mfcc,0.45805689276979883,0.45530491052319283,-0.043485538235943595,-23.125070897962434,2.582676065257605e-114,-0.006007948554087224,0.043485538235943595,True
roundtrip_wav,mfcc_d1_16_mean,mfcc,0.0004963126915584831,0.006173709428701168,0.3739896932752234,39.989675673960875,0.0,11.439152843976162,0.3739896932752234,True
roundtrip_wav,mfcc_d1_16_std,mfcc,0.6506489189669394,0.6493892054492907,-0.007814344290878624,-8.14656535723755,4.356674425296881e-16,-0.0019360879284159097,0.007814344290878624,True
roundtrip_wav,mfcc_d2_16_mean,mfcc,0.002120861381664532,0.0026331032441362936,0.048653364217922206,4.2209768591936205,2.4613872017930923e-05,0.2415253853458989,0.048653364217922206,True
roundtrip_wav,mfcc_d2_16_std,mfcc,0.44260534813010916,0.4401468071285722,-0.039138849984796976,-21.2450141625917,2.721669076593642e-97,-0.005554702427170527,0.039138849984796976,True
roundtrip_wav,mfcc_d1_17_mean,mfcc,0.00041789781724880983,0.0039136192907486215,0.24158043972610624,26.46560039844992,1.385963722770017e-147,8.365014913247354,0.24158043972610624,True
roundtrip_wav,mfcc_d1_17_std,mfcc,0.6264018716701251,0.6239696153475278,-0.01474732169529198,-17.086345078998555,3.116632999464169e-64,-0.0038829007903701156,0.01474732169529198,True
roundtrip_wav,mfcc_d2_17_mean,mfcc,0.0013145422904929467,0.001213355710234649,-0.010005163468951757,-0.8722226016730175,0.38311509826289986,-0.07697476223481041,0.010005163468951757,False
roundtrip_wav,mfcc_d2_17_std,mfcc,0.42941391049252836,0.42674732695104156,-0.04118483111377755,-23.649019062886865,2.791530761351337e-119,-0.006209821052206453,0.04118483111377755,True
roundtrip_wav,mfcc_d1_18_mean,mfcc,-0.00013833748305787716,0.004439978657415513,0.32327576070992964,34.98204236959679,2.384362268798991e-248,33.095268464281155,0.32327576070992964,True
roundtrip_wav,mfcc_d1_18_std,mfcc,0.6158930220069353,0.6138483768211218,-0.013010182119387382,-14.845116156261868,3.76199423312291e-49,-0.003319805733714683,0.013010182119387382,True
roundtrip_wav,mfcc_d2_18_mean,mfcc,0.0016573118928973696,0.001763698878587878,0.010734826644919643,0.9389557963742698,0.3477839210399188,0.06419249517634185,0.010734826644919643,False
roundtrip_wav,mfcc_d2_18_std,mfcc,0.4207298044564501,0.41823428275582625,-0.040728240070124475,-22.230989964469934,4.615721912159317e-106,-0.00593141173786786,0.040728240070124475,True
roundtrip_wav,mfcc_d1_19_mean,mfcc,0.000366059412306074,0.002259864829571072,0.14089327702252105,15.411685932863689,8.880534391696877e-53,5.173491934914452,0.14089327702252105,True
roundtrip_wav,mfcc_d1_19_std,mfcc,0.5923189474017683,0.589576538331698,-0.017530507730519073,-21.291109745663604,1.0779221452624329e-97,-0.004629953308264029,0.017530507730519073,True
roundtrip_wav,mfcc_d2_19_mean,mfcc,0.001009484036112107,0.0009747382796298389,-0.003733453333644362,-0.3245800219661793,0.7455080746607756,-0.03441932238580684,0.003733453333644362,False
roundtrip_wav,mfcc_d2_19_std,mfcc,0.40539978973717145,0.40286734184172424,-0.04099475113309019,-24.087229808799837,1.6563848553085573e-123,-0.006246791339208747,0.04099475113309019,True
roundtrip_wav,chroma_00_mean,chroma,0.5638034055683684,0.5635706311627031,-0.0033190897260917383,-4.707350489197763,2.554972873014075e-06,-0.00041286449029269553,0.0033190897260917383,True
roundtrip_wav,chroma_00_std,chroma,0.2689866546578494,0.2700333830475652,0.03239680998811922,24.222078459874595,8.03885644872953e-125,0.003891376659735216,0.03239680998811922,True
roundtrip_wav,chroma_01_mean,chroma,0.518691515374762,0.5189416420420065,0.0037587107271068606,5.105382736459912,3.383131086930776e-07,0.0004822262555496681,0.0037587107271068606,True
roundtrip_wav,chroma_01_std,chroma,0.2725331112341243,0.27354422428065844,0.03854694107925029,28.559577867092163,2.5404945080299393e-170,0.0037100557871865467,0.03854694107925029,True
roundtrip_wav,chroma_02_mean,chroma,0.48354419120041475,0.48422094728258486,0.010434900745454454,13.838684058209589,5.065576568373186e-43,0.001399574422536304,0.010434900745454454,True
roundtrip_wav,chroma_02_std,chroma,0.2664334135331439,0.26764863631066843,0.052249057742125966,37.15616417344912,2.3463455801628754e-277,0.004561074984588347,0.052249057742125966,True
roundtrip_wav,chroma_03_mean,chroma,0.47883677601072466,0.47961744042255816,0.01064605193322584,15.557460675556749,9.881058268230972e-54,0.0016303351182366441,0.01064605193322584,True
roundtrip_wav,chroma_03_std,chroma,0.28055548526465474,0.28170894728263124,0.0521321940083921,36.2874194133592,1.281806465038996e-265,0.004111350797110292,0.0521321940083921,True
roundtrip_wav,chroma_04_mean,chroma,0.4773055953317377,0.47804037961663687,0.00996573684324534,14.771261348840216,1.0936372423510598e-48,0.0015394420096593612,0.00996573684324534,True
roundtrip_wav,chroma_04_std,chroma,0.2646631728207127,0.26597733517193156,0.05435209225107412,38.90362873869007,1.5531233267194544e-301,0.0049654144821617285,0.05435209225107412,True
roundtrip_wav,chroma_05_mean,chroma,0.5125718109311375,0.5130730248342524,0.006396038801109421,9.863383837578382,8.2762499222758e-23,0.000977841333499139,0.006396038801109421,True
roundtrip_wav,chroma_05_std,chroma,0.26707743524670946,0.26840101021057894,0.04912643804236805,35.11780811618517,4.001185790007675e-250,0.00495577233114749,0.04912643804236805,True
roundtrip_wav,chroma_06_mean,chroma,0.5594112655777281,0.5594794194153195,0.000779902851505755,1.3158034198246116,0.18828057296624218,0.00012183136412352183,0.000779902851505755,False
roundtrip_wav,chroma_06_std,chroma,0.2873756081483589,0.28840551513668367,0.035636538678643796,25.397892734516528,1.5330650826434718e-136,0.0035838357853707832,0.035636538678643796,True
roundtrip_wav,chroma_07_mean,chroma,0.5711258549024091,0.5709927343956366,-0.0016490888555357685,-2.59990593667371,0.009343359268207311,-0.0002330843642076865,0.0016490888555357685,False
roundtrip_wav,chroma_07_std,chroma,0.2691755963133359,0.2703552583509402,0.03505477066742415,25.558623314804844,3.525958221145431e-138,0.004382499950817012,0.03505477066742415,True
roundtrip_wav,chroma_08_mean,chroma,0.6203552420219739,0.6198984615501498,-0.0055803859750899075,-8.518385558322954,1.9381905136133883e-17,-0.0007363208060195451,0.0055803859750899075,True
roundtrip_wav,chroma_08_std,chroma,0.2782784176810422,0.2795280694292755,0.030514085963247735,22.95908789797023,9.232921501619647e-113,0.004490652773746903,0.030514085963247735,True
roundtrip_wav,chroma_09_mean,chroma,0.6504645356764953,0.6497644697385303,-0.007835247127761005,-12.607396718219308,4.4867465004101446e-36,-0.0010762553522413473,0.007835247127761005,True
roundtrip_wav,chroma_09_std,chroma,0.30774498424678365,0.3087179119667407,0.02347010889810532,18.06711298843968,1.916876708807972e-71,0.003161473849324708,0.02347010889810532,True
roundtrip_wav,chroma_10_mean,chroma,0.6185028755448,0.6180939194924858,-0.004906508481219598,-7.652935720810203,2.211669211899317e-14,-0.0006612031543975368,0.004906508481219598,True
roundtrip_wav,chroma_10_std,chroma,0.28672147415387483,0.2878920717492745,0.02862868831762953,22.21640858043339,6.258625789716383e-106,0.004082699417105552,0.02862868831762953,True
roundtrip_wav,chroma_11_mean,chroma,0.6142018602682928,0.6137928642012884,-0.005005583256613748,-7.706322297908014,1.4627287350538528e-14,-0.0006658984504308422,0.005005583256613748,True
roundtrip_wav,chroma_11_std,chroma,0.29791585898597195,0.2988816130541153,0.026625131838729582,20.396013407441224,5.076135827050622e-90,0.003241700765546825,0.026625131838729582,True
roundtrip_wav,prosody_f0_mean,prosody,187.4541243570512,187.63625624187569,0.00296694828790135,4.8378689738650085,1.3387829104203895e-06,0.0009716077757647626,0.00296694828790135,True
roundtrip_wav,prosody_f0_std,prosody,43.208174017995205,43.455236646705686,0.012519721831267852,4.7221136597131625,2.376802126864651e-06,0.005717960416646739,0.012519721831267852,True
roundtrip_wav,prosody_f0_min,prosody,104.99431399348764,105.11070481301516,0.0026705000881926204,0.7335347277119012,0.4632554677061864,0.001108544025867375,0.0026705000881926204,False
roundtrip_wav,prosody_f0_max,prosody,288.0785945489409,289.29534190861756,0.013620514080655701,4.033033002456088,5.561194850825824e-05,0.0042236645925803565,0.013620514080655701,True
roundtrip_wav,prosody_f0_median,prosody,185.0003449634417,185.12922489692548,0.0019492412413872737,2.445108514137518,0.014503885156644762,0.0006966469900866487,0.0019492412413872737,False
roundtrip_wav,prosody_f0_iqr,prosody,50.24593629289673,50.22560268970813,-0.0005653114319476158,-0.1980646390459619,0.8429999019500929,-0.0004046815461864793,0.0005653114319476158,False
roundtrip_wav,prosody_f0_skew,prosody,0.35886052526073586,0.36813778088983207,0.00669574425548631,1.663633079538905,0.09622789245918323,0.025851981413546853,0.00669574425548631,False
roundtrip_wav,prosody_f0_kurt,prosody,1.8038465948140985,1.8499725476339544,0.010267921506501637,1.6848968301922678,0.09205041813657484,0.025570884437991548,0.010267921506501637,False
roundtrip_wav,prosody_voiced_fraction,prosody,0.43792628163815633,0.4330778942887402,-0.03940135764065776,-31.87836328793892,3.797255341994468e-209,-0.011071240874787633,0.03940135764065776,True
roundtrip_wav,prosody_f0_slope_abs_mean,prosody,799.2911479515574,802.5929179617121,0.008041744439610596,2.112806517216163,0.034650550472521094,0.004130872734693265,0.008041744439610596,False
roundtrip_wav,prosody_n_voiced_segments,prosody,8.426689961026744,8.446714151323746,0.004543516309923784,1.7647075304003117,0.07765395544680533,0.0023762818365946604,0.004543516309923784,False
roundtrip_wav,prosody_voiced_rate_per_s,prosody,3.292588153486145,3.2571074172006953,-0.023513093117672332,-7.859542629748324,4.397738404548553e-15,-0.010775941184105636,0.023513093117672332,True
roundtrip_wav,prosody_mean_voiced_seg_s,prosody,0.17700402625181777,0.1771832887873467,0.001224762505105912,0.341880243449618,0.732450674259095,0.0010127596491726649,0.001224762505105912,False
roundtrip_wav,prosody_pause_fraction,prosody,0.5620737183618437,0.5669221057112597,0.039401357640657775,31.87836328793893,3.797255341993879e-209,0.008625892282504348,0.039401357640657775,True
roundtrip_wav,prosody_jitter_local,prosody,0.03576666522579706,0.03582291665620085,0.004491609053325993,1.3923438549042622,0.16385990925051885,0.0015727334390464034,0.004491609053325993,False
roundtrip_wav,prosody_jitter_rap,prosody,0.018277505110502256,0.018315621751029673,0.0054232480012839385,1.5188410840537445,0.1288449925224528,0.0020854400147597408,0.0054232480012839385,False
roundtrip_wav,prosody_jitter_ppq5,prosody,0.019579694189115898,0.01960504997170039,0.0032559361528488053,0.7942169262873936,0.4270944944437172,0.0012950040148526135,0.0032559361528488053,False
roundtrip_wav,prosody_jitter_ddp,prosody,0.05483251533150677,0.054946865253089026,0.005423248001283942,1.5188410840537456,0.12884499252245246,0.0020854400147598037,0.005423248001283942,False
roundtrip_wav,prosody_shimmer_local,prosody,0.19486144961242366,0.19478151958213674,-0.002514518040285637,-0.4589436752634139,0.6462880209784685,-0.0004101890365995802,0.002514518040285637,False
roundtrip_wav,prosody_shimmer_localdb,prosody,1.643431473279747,1.6434447575798357,7.208581518023432e-05,0.010726425005296534,0.9914420028039216,8.083269856157636e-06,7.208581518023432e-05,False
roundtrip_wav,prosody_shimmer_apq3,prosody,0.09307821292111343,0.09286154517018579,-0.009055119039516507,-1.686981120592101,0.09164892587283249,-0.0023278030822452044,0.009055119039516507,False
roundtrip_wav,prosody_shimmer_apq5,prosody,0.13857012194980922,0.138603746398027,0.0007223376264261658,0.1093413226978435,0.9129347442792568,0.000242652945271689,0.0007223376264261658,False
roundtrip_wav,prosody_shimmer_apq11,prosody,0.23078262297939367,0.2311675241061392,0.003840218032621693,0.49811645266721255,0.618418885004612,0.001667808094805696,0.003840218032621693,False
roundtrip_wav,prosody_shimmer_dda,prosody,0.27923463876334037,0.2785846355105573,-0.009055119039516505,-1.6869811205921013,0.09164892587283245,-0.0023278030822457504,0.009055119039516505,False
roundtrip_wav,prosody_hnr_mean,prosody,6.3088501681496485,6.333455839185256,0.009715325968519612,14.634191783603939,7.821513601078849e-48,0.003900183136355011,0.009715325968519612,True
roundtrip_wav,prosody_hnr_std,prosody,4.511096428621219,4.51731084771905,0.007714431865700656,4.070309886011294,4.743669460893267e-05,0.0013775850718691987,0.007714431865700656,True
roundtrip_wav,prosody_hnr_min,prosody,-3.7901435154448224,-3.811779746568726,-0.006777604181799443,-0.9295674586849605,0.35262524086664077,-0.00570855194156527,0.006777604181799443,False
roundtrip_wav,prosody_hnr_max,prosody,17.421706160981806,17.44869946462742,0.007048204737701687,2.728610977517076,0.006375109128177579,0.001549406435637717,0.007048204737701687,False
roundtrip_wav,prosody_hnr_median,prosody,6.100184117058622,6.12494980354988,0.009285438085381894,7.3429601806590235,2.310783819032882e-13,0.004059826066889186,0.009285438085381894,True
roundtrip_wav,prosody_f1_mean,prosody,514.5652673696262,514.4774471392683,-0.0011517133725362687,-0.7826849431801451,0.43383705680585644,-0.00017066878766777786,0.0011517133725362687,False
roundtrip_wav,prosody_f1_std,prosody,289.879275069404,289.8933077950573,0.0001547236278424571,0.07024686672137027,0.9439990601428385,4.840886141285677e-05,0.0001547236278424571,False
roundtrip_wav,prosody_f1_median,prosody,438.51400161632597,437.87504075173354,-0.008789994273907658,-9.133373927084568,8.420794608484896e-20,-0.0014571048181751956,0.008789994273907658,True
roundtrip_wav,prosody_f1_bw_median,prosody,298.68624708142386,297.9499313982759,-0.009035369495784575,-8.65484969997414,5.9819151988313104e-18,-0.0024651810732592098,0.009035369495784575,True
roundtrip_wav,prosody_f2_mean,prosody,1789.3034215304676,1788.5324712508068,-0.007102959034326762,-5.728172381113141,1.0547606577944387e-08,-0.0004308661518130955,0.007102959034326762,True
roundtrip_wav,prosody_f2_std,prosody,421.5193400304929,420.682798202691,-0.01058648908140731,-5.6119757097219845,2.0722106256301065e-08,-0.0019845870600893266,0.01058648908140731,True
roundtrip_wav,prosody_f2_median,prosody,1768.826538119031,1768.135679616224,-0.006483074492160618,-4.585425906921961,4.604679228178334e-06,-0.0003905744785702336,0.006483074492160618,True
roundtrip_wav,prosody_f2_bw_median,prosody,608.4470159680318,610.33747131955,0.015023710757656687,11.377698317279743,9.504451453259818e-30,0.003107017212518509,0.015023710757656687,True
roundtrip_wav,prosody_f3_mean,prosody,2949.414150533745,2949.3681643065433,-0.0005046837760677366,-0.3256824595381156,0.7446737754607646,-1.5591647986615727e-05,0.0005046837760677366,False
roundtrip_wav,prosody_f3_std,prosody,385.0950740762941,385.32129014807487,0.003406097831909337,1.3729768142274021,0.16980093325366102,0.000587429149342838,0.003406097831909337,False
roundtrip_wav,prosody_f3_median,prosody,2906.244576463886,2906.3010548121692,0.0005088139429401383,0.35174226151289417,0.7250415245776652,1.9433446427951455e-05,0.0005088139429401383,False
roundtrip_wav,prosody_f3_bw_median,prosody,634.6317970984,635.6404610798669,0.010959074423094102,6.257326466547758,4.1333378979931563e-10,0.0015893688057840014,0.010959074423094102,True
roundtrip_wav,prosody_f4_mean,prosody,4013.6788229854915,4014.8152159885644,0.010565018876255756,8.036772567766103,1.0648616739056645e-15,0.00028313002937979757,0.010565018876255756,True
roundtrip_wav,prosody_f4_std,prosody,384.4782203842861,385.0719868458186,0.010865177332761898,4.6537028166386065,3.316690388686701e-06,0.0015443435545947678,0.010865177332761898,True
roundtrip_wav,prosody_f4_median,prosody,3966.9937234440686,3968.4976641119038,0.011367632530644349,7.8627020374481065,4.289078823038935e-15,0.0003791134477847125,0.011367632530644349,True
roundtrip_wav,prosody_f5_mean,prosody,4885.319151211559,4885.685174589063,0.004464443278160807,2.9660736455387755,0.0030258676132608416,7.492312501482701e-05,0.004464443278160807,False
roundtrip_wav,prosody_f5_std,prosody,211.79903942513957,211.63390123558293,-0.0029080378740511093,-1.567307855620199,0.11708527767123211,-0.0007796928163831979,0.0029080378740511093,False
roundtrip_wav,prosody_f5_median,prosody,4896.779393636723,4897.189311513858,0.005454128895354926,2.4984320756485743,0.012495809655480354,8.37117305442658e-05,0.005454128895354926,False
roundtrip_wav,prosody_intensity_mean,prosody,63.548753660233146,63.35894259832641,-0.04477934916675725,-109.83988318216495,0.0,-0.0029868573492656245,0.04477934916675725,True
roundtrip_wav,prosody_intensity_std,prosody,7.847467810581058,7.938259282154814,0.030201221232520132,37.05933110110508,4.877120150354022e-276,0.011569524560691748,0.030201221232520132,True
roundtrip_wav,prosody_intensity_min,prosody,52.010182789302235,47.471134450405984,-0.5075989250725391,-50.72070324867415,0.0,-0.08727230122001935,0.5075989250725391,True
roundtrip_wav,prosody_intensity_max,prosody,80.1497123944369,80.12532758542334,-0.014131701522052537,-23.142573534245518,1.768958940262669e-114,-0.00030424075502061396,0.014131701522052537,True
roundtrip_wav,prosody_intensity_median,prosody,62.253373735637034,61.98984718977341,-0.05224334285538735,-59.63952372048879,0.0,-0.004233128745483086,0.05224334285538735,True
roundtrip_wav,prosody_intensity_iqr,prosody,13.657019115167827,13.668621032242248,0.0017045640947850331,3.0128145565158575,0.0025970788964512367,0.0008495204536643885,0.0017045640947850331,False
roundtrip_wav,prosody_intensity_skew,prosody,0.4827716893025062,0.41099996001644845,-0.16286522176627014,-21.361710800376795,2.6002008950459226e-98,-0.148665986171955,0.16286522176627014,True
roundtrip_wav,prosody_intensity_kurt,prosody,-0.7926065989766222,-0.4865533706155464,0.29357453323885463,15.228485934915346,1.36477502503353e-51,0.3861351000057758,0.29357453323885463,True
roundtrip_wav,prosody_cpps,prosody,6.521932211291211,6.414621049754666,-0.09061561953944934,-96.55532737286393,0.0,-0.01645389097279497,0.09061561953944934,True
