emotion,feature,importance,family
ANG,duration_s,0.0014103519043247867,other
ANG,peak_amplitude,0.0,other
ANG,spectral_centroid_mean,0.0,spectral
ANG,spectral_centroid_std,0.0,spectral
ANG,spectral_centroid_min,0.0023108647680745147,spectral
ANG,spectral_centroid_max,0.0,spectral
ANG,spectral_centroid_median,0.0009015599831543029,spectral
ANG,spectral_centroid_iqr,0.0008430259652540195,spectral
ANG,spectral_centroid_skew,0.00029174437540059465,spectral
ANG,spectral_centroid_kurt,0.0008200477745500753,spectral
ANG,spectral_bandwidth_mean,0.0,spectral
ANG,spectral_bandwidth_std,9.391482315617584e-05,spectral
ANG,spectral_bandwidth_min,0.009746523194003775,spectral
ANG,spectral_bandwidth_max,0.0,spectral
ANG,spectral_bandwidth_median,0.0011665419139030631,spectral
ANG,spectral_bandwidth_iqr,0.0005610246799671871,spectral
ANG,spectral_bandwidth_skew,0.0027818339890007464,spectral
ANG,spectral_bandwidth_kurt,0.002194649745699201,spectral
ANG,spectral_rolloff85_mean,0.0,spectral
ANG,spectral_rolloff85_std,0.0,spectral
ANG,spectral_rolloff85_min,0.0009903550107633343,spectral
ANG,spectral_rolloff85_max,3.421564519342735e-05,spectral
ANG,spectral_rolloff85_median,0.00047759211801754484,spectral
ANG,spectral_rolloff85_iqr,0.0010677379141843112,spectral
ANG,spectral_rolloff85_skew,0.0014981778851669188,spectral
ANG,spectral_rolloff85_kurt,0.00032751397360499494,spectral
ANG,spectral_rolloff95_mean,0.0,spectral
ANG,spectral_rolloff95_std,0.00029254810861044286,spectral
ANG,spectral_rolloff95_min,0.0012905421860656893,spectral
ANG,spectral_rolloff95_max,0.0011481110148072455,spectral
ANG,spectral_rolloff95_median,0.0,spectral
ANG,spectral_rolloff95_iqr,0.0,spectral
ANG,spectral_rolloff95_skew,0.016393522868009013,spectral
ANG,spectral_rolloff95_kurt,0.0007887214914574778,spectral
ANG,spectral_flatness_mean,0.0,spectral
ANG,spectral_flatness_std,0.0002672974586004037,spectral
ANG,spectral_flatness_min,0.0,spectral
ANG,spectral_flatness_max,0.00045649628007151934,spectral
ANG,spectral_flatness_median,0.00040323368376942446,spectral
ANG,spectral_flatness_iqr,0.0,spectral
ANG,spectral_flatness_skew,0.0,spectral
ANG,spectral_flatness_kurt,0.0007709874020747765,spectral
ANG,spectral_zcr_mean,3.7194494955631185e-05,spectral
ANG,spectral_zcr_std,0.0008356583611076603,spectral
ANG,spectral_zcr_min,0.0,spectral
ANG,spectral_zcr_max,0.0015459056714358145,spectral
ANG,spectral_zcr_median,0.0009169129298536342,spectral
ANG,spectral_zcr_iqr,0.0008593669395209075,spectral
ANG,spectral_zcr_skew,0.0006638210338699199,spectral
ANG,spectral_zcr_kurt,0.0,spectral
ANG,spectral_rms_mean,0.0008200750029856916,spectral
ANG,spectral_rms_std,0.0007976938200303413,spectral
ANG,spectral_rms_min,0.0,spectral
ANG,spectral_rms_max,0.0,spectral
ANG,spectral_rms_median,0.0003439355149290732,spectral
ANG,spectral_rms_iqr,5.931792498247743e-05,spectral
ANG,spectral_rms_skew,0.000719157467719745,spectral
ANG,spectral_rms_kurt,0.0,spectral
ANG,spectral_flux_mean,7.614778460041261e-05,spectral
ANG,spectral_flux_std,0.0008210435409543971,spectral
ANG,spectral_flux_min,0.0,spectral
ANG,spectral_flux_max,0.00027840638817042986,spectral
ANG,spectral_flux_median,0.0016749077757619002,spectral
ANG,spectral_flux_iqr,0.0,spectral
ANG,spectral_flux_skew,0.0,spectral
ANG,spectral_flux_kurt,0.0006489098945146325,spectral
ANG,spectral_entropy_mean,0.0009903499015473378,spectral
ANG,spectral_entropy_std,0.0007004175261441564,spectral
ANG,spectral_entropy_min,0.0008206181798750082,spectral
ANG,spectral_entropy_max,0.0016931789658386224,spectral
ANG,spectral_entropy_median,0.0016432705243494207,spectral
ANG,spectral_entropy_iqr,0.0,spectral
ANG,spectral_entropy_skew,0.0006447227439019826,spectral
ANG,spectral_entropy_kurt,0.0,spectral
ANG,spectral_slope_mean,0.0,spectral
ANG,spectral_slope_std,0.0,spectral
ANG,spectral_slope_min,0.0,spectral
ANG,spectral_slope_max,0.0007952302121976081,spectral
ANG,spectral_slope_median,0.0019494493241095632,spectral
ANG,spectral_slope_iqr,0.0,spectral
ANG,spectral_slope_skew,0.0,spectral
ANG,spectral_slope_kurt,0.0007945907008308793,spectral
ANG,spectral_band_0_500_mean,0.0022766685218284367,spectral
ANG,spectral_band_0_500_std,0.0010521835203306106,spectral
ANG,spectral_band_500_1000_mean,0.0011574617644645587,spectral
ANG,spectral_band_500_1000_std,0.00026315343332090994,spectral
ANG,spectral_band_1000_2000_mean,4.302137844067147e-05,spectral
ANG,spectral_band_1000_2000_std,3.1447006936628476e-05,spectral
ANG,spectral_band_2000_3000_mean,0.001550689998027842,spectral
ANG,spectral_band_2000_3000_std,0.0,spectral
ANG,spectral_band_3000_4000_mean,0.0020578886744548096,spectral
ANG,spectral_band_3000_4000_std,0.0012655006827265918,spectral
ANG,spectral_band_4000_5000_mean,0.0012552313103224011,spectral
ANG,spectral_band_4000_5000_std,0.0,spectral
ANG,spectral_band_5000_6000_mean,0.0007879387480991685,spectral
ANG,spectral_band_5000_6000_std,0.00027312233399021286,spectral
ANG,spectral_band_6000_8000_mean,0.00018758536744690018,spectral
ANG,spectral_band_6000_8000_std,0.0014969217161942207,spectral
ANG,spectral_hf_ratio_4000_mean,0.0,spectral
ANG,spectral_hf_ratio_4000_std,0.0,spectral
ANG,spectral_hf_ratio_6000_mean,0.0013214392457245538,spectral
ANG,spectral_hf_ratio_6000_std,0.0003016334125192196,spectral
ANG,spectral_contrast_0_mean,0.0,spectral
ANG,spectral_contrast_0_std,0.00030075430470500214,spectral
ANG,spectral_contrast_1_mean,0.0,spectral
ANG,spectral_contrast_1_std,0.00010960296198550265,spectral
ANG,spectral_contrast_2_mean,0.0005057710624341664,spectral
ANG,spectral_contrast_2_std,0.0019907700454835347,spectral
ANG,spectral_contrast_3_mean,0.0006836381571277145,spectral
ANG,spectral_contrast_3_std,0.0007561575084244251,spectral
ANG,spectral_contrast_4_mean,0.0,spectral
ANG,spectral_contrast_4_std,0.00017008382293168522,spectral
ANG,spectral_contrast_5_mean,0.0,spectral
ANG,spectral_contrast_5_std,0.002221487382203267,spectral
ANG,spectral_contrast_6_mean,0.0017701944586750948,spectral
ANG,spectral_contrast_6_std,0.0,spectral
ANG,mfcc_00_mean,0.0005873447517189517,mfcc
ANG,mfcc_00_std,0.004553643619602576,mfcc
ANG,mfcc_00_min,0.00023694346873580425,mfcc
ANG,mfcc_00_max,0.00033486425605024745,mfcc
ANG,mfcc_00_median,0.0022702540464605747,mfcc
ANG,mfcc_00_iqr,0.0037056676564901914,mfcc
ANG,mfcc_00_skew,0.0020707483515690016,mfcc
ANG,mfcc_00_kurt,0.0,mfcc
ANG,mfcc_01_mean,0.0,mfcc
ANG,mfcc_01_std,0.00039852540218218263,mfcc
ANG,mfcc_01_min,0.004232763962796315,mfcc
ANG,mfcc_01_max,0.0003518178672283647,mfcc
ANG,mfcc_01_median,0.000888944556283253,mfcc
ANG,mfcc_01_iqr,0.0009984734092335248,mfcc
ANG,mfcc_01_skew,0.0,mfcc
ANG,mfcc_01_kurt,0.0009924693022924692,mfcc
ANG,mfcc_02_mean,0.0014119378429485513,mfcc
ANG,mfcc_02_std,0.0010323480406918895,mfcc
ANG,mfcc_02_min,0.0004582967141888607,mfcc
ANG,mfcc_02_max,0.0,mfcc
ANG,mfcc_02_median,0.0,mfcc
ANG,mfcc_02_iqr,0.001286641038440551,mfcc
ANG,mfcc_02_skew,0.0,mfcc
ANG,mfcc_02_kurt,0.002707664829819464,mfcc
ANG,mfcc_03_mean,0.00019389313700430885,mfcc
ANG,mfcc_03_std,0.0031498841041214818,mfcc
ANG,mfcc_03_min,0.0017434772978990993,mfcc
ANG,mfcc_03_max,0.0010191789661883755,mfcc
ANG,mfcc_03_median,0.0031432627854318302,mfcc
ANG,mfcc_03_iqr,0.0018584273670824217,mfcc
ANG,mfcc_03_skew,0.0005047186641505502,mfcc
ANG,mfcc_03_kurt,0.0005942150900853868,mfcc
ANG,mfcc_04_mean,0.00038490920218399883,mfcc
ANG,mfcc_04_std,0.0017174983234973583,mfcc
ANG,mfcc_04_min,0.0013126051394731573,mfcc
ANG,mfcc_04_max,0.0,mfcc
ANG,mfcc_04_median,0.0025776310310751662,mfcc
ANG,mfcc_04_iqr,0.0006741620861669862,mfcc
ANG,mfcc_04_skew,0.0,mfcc
ANG,mfcc_04_kurt,0.0,mfcc
ANG,mfcc_05_mean,0.0012895347285809683,mfcc
ANG,mfcc_05_std,0.0013321612692930415,mfcc
ANG,mfcc_05_min,0.0010835089755366887,mfcc
ANG,mfcc_05_max,0.0,mfcc
ANG,mfcc_05_median,0.0007469595255797445,mfcc
ANG,mfcc_05_iqr,0.00046448329825824836,mfcc
ANG,mfcc_05_skew,0.0,mfcc
ANG,mfcc_05_kurt,0.0021858734328022438,mfcc
ANG,mfcc_06_mean,0.0007366353426912852,mfcc
ANG,mfcc_06_std,0.0006242552371002248,mfcc
ANG,mfcc_06_min,0.0005609577785622382,mfcc
ANG,mfcc_06_max,0.0004931621815817004,mfcc
ANG,mfcc_06_median,0.0005870606029369596,mfcc
ANG,mfcc_06_iqr,0.0,mfcc
ANG,mfcc_06_skew,0.00014464213458258436,mfcc
ANG,mfcc_06_kurt,0.00018608221016448945,mfcc
ANG,mfcc_07_mean,0.0020868683233314237,mfcc
ANG,mfcc_07_std,0.0,mfcc
ANG,mfcc_07_min,0.0,mfcc
ANG,mfcc_07_max,0.0,mfcc
ANG,mfcc_07_median,0.006158012953617267,mfcc
ANG,mfcc_07_iqr,0.000133485167085697,mfcc
ANG,mfcc_07_skew,0.0,mfcc
ANG,mfcc_07_kurt,0.0018623785719396452,mfcc
ANG,mfcc_08_mean,0.0008979850084559222,mfcc
ANG,mfcc_08_std,0.0,mfcc
ANG,mfcc_08_min,0.0008192511484920062,mfcc
ANG,mfcc_08_max,0.0,mfcc
ANG,mfcc_08_median,0.0017099796461900346,mfcc
ANG,mfcc_08_iqr,0.0,mfcc
ANG,mfcc_08_skew,0.0005720818487583823,mfcc
ANG,mfcc_08_kurt,0.00029528577665264346,mfcc
ANG,mfcc_09_mean,0.0,mfcc
ANG,mfcc_09_std,0.0006293554508063769,mfcc
ANG,mfcc_09_min,0.0004612268329256227,mfcc
ANG,mfcc_09_max,0.0,mfcc
ANG,mfcc_09_median,0.0017005340479059846,mfcc
ANG,mfcc_09_iqr,0.0,mfcc
ANG,mfcc_09_skew,0.0005782704108532444,mfcc
ANG,mfcc_09_kurt,0.0008844511650964498,mfcc
ANG,mfcc_10_mean,0.0,mfcc
ANG,mfcc_10_std,0.0,mfcc
ANG,mfcc_10_min,0.0,mfcc
ANG,mfcc_10_max,0.0,mfcc
ANG,mfcc_10_median,0.0,mfcc
ANG,mfcc_10_iqr,0.00044982132750421406,mfcc
ANG,mfcc_10_skew,0.0016384833591669174,mfcc
ANG,mfcc_10_kurt,0.0,mfcc
ANG,mfcc_11_mean,0.0,mfcc
ANG,mfcc_11_std,0.0003460401482146761,mfcc
ANG,mfcc_11_min,0.0,mfcc
ANG,mfcc_11_max,0.0003773500711113211,mfcc
ANG,mfcc_11_median,0.006276454704812565,mfcc
ANG,mfcc_11_iqr,7.92338345725545e-05,mfcc
ANG,mfcc_11_skew,0.0021109038544794333,mfcc
ANG,mfcc_11_kurt,0.0,mfcc
ANG,mfcc_12_mean,0.0,mfcc
ANG,mfcc_12_std,0.0010415372251448573,mfcc
ANG,mfcc_12_min,0.0009474547586901166,mfcc
ANG,mfcc_12_max,0.00027118564095775444,mfcc
ANG,mfcc_12_median,0.0005096029116852398,mfcc
ANG,mfcc_12_iqr,0.00018169936227491375,mfcc
ANG,mfcc_12_skew,0.0,mfcc
ANG,mfcc_12_kurt,0.0002604488997168876,mfcc
ANG,mfcc_13_mean,0.0008712723773753909,mfcc
ANG,mfcc_13_std,0.001300488510672894,mfcc
ANG,mfcc_13_min,0.00253521118037857,mfcc
ANG,mfcc_13_max,0.0003090382272058927,mfcc
ANG,mfcc_13_median,0.002288557619987739,mfcc
ANG,mfcc_13_iqr,0.0006139533077607004,mfcc
ANG,mfcc_13_skew,0.0,mfcc
ANG,mfcc_13_kurt,0.0003030662420717353,mfcc
ANG,mfcc_14_mean,0.0009680873365993321,mfcc
ANG,mfcc_14_std,0.0003152356938793922,mfcc
ANG,mfcc_14_min,0.0,mfcc
ANG,mfcc_14_max,0.0011847128758512998,mfcc
ANG,mfcc_14_median,0.0002501104051423105,mfcc
ANG,mfcc_14_iqr,0.0019019071350047556,mfcc
ANG,mfcc_14_skew,0.0003354197152551395,mfcc
ANG,mfcc_14_kurt,0.0,mfcc
ANG,mfcc_15_mean,0.0,mfcc
ANG,mfcc_15_std,0.000428337875973743,mfcc
ANG,mfcc_15_min,0.0005580366194463476,mfcc
ANG,mfcc_15_max,6.530959879342463e-05,mfcc
ANG,mfcc_15_median,0.0001804386002572505,mfcc
ANG,mfcc_15_iqr,0.0002753218769783816,mfcc
ANG,mfcc_15_skew,0.0,mfcc
ANG,mfcc_15_kurt,0.0010567789581508373,mfcc
ANG,mfcc_16_mean,0.00013733408960811124,mfcc
ANG,mfcc_16_std,0.00014329137093108677,mfcc
ANG,mfcc_16_min,0.0011706905909201943,mfcc
ANG,mfcc_16_max,0.0012004027349559808,mfcc
ANG,mfcc_16_median,0.000678230164160165,mfcc
ANG,mfcc_16_iqr,0.0007969102864027411,mfcc
ANG,mfcc_16_skew,8.831769795666009e-05,mfcc
ANG,mfcc_16_kurt,0.0018463684925079905,mfcc
ANG,mfcc_17_mean,0.0,mfcc
ANG,mfcc_17_std,0.0,mfcc
ANG,mfcc_17_min,0.0,mfcc
ANG,mfcc_17_max,0.0020755888625865393,mfcc
ANG,mfcc_17_median,0.0002153806368044402,mfcc
ANG,mfcc_17_iqr,0.00031224955094611497,mfcc
ANG,mfcc_17_skew,0.0001476912613196634,mfcc
ANG,mfcc_17_kurt,0.0005130553463518349,mfcc
ANG,mfcc_18_mean,0.0010873098437371642,mfcc
ANG,mfcc_18_std,0.0,mfcc
ANG,mfcc_18_min,0.0009266754670020081,mfcc
ANG,mfcc_18_max,0.00041223184390059236,mfcc
ANG,mfcc_18_median,0.0005072471432964688,mfcc
ANG,mfcc_18_iqr,0.0,mfcc
ANG,mfcc_18_skew,0.0006380328095766663,mfcc
ANG,mfcc_18_kurt,0.00029073324818873296,mfcc
ANG,mfcc_19_mean,0.0,mfcc
ANG,mfcc_19_std,0.0007526284972626574,mfcc
ANG,mfcc_19_min,0.0,mfcc
ANG,mfcc_19_max,0.0009633787327915458,mfcc
ANG,mfcc_19_median,0.001894836590601892,mfcc
ANG,mfcc_19_iqr,0.0002799995862902727,mfcc
ANG,mfcc_19_skew,0.00017947247880318028,mfcc
ANG,mfcc_19_kurt,2.647302403681329e-05,mfcc
ANG,mfcc_d1_00_mean,2.199331818852185e-06,mfcc
ANG,mfcc_d1_00_std,0.006530618867634313,mfcc
ANG,mfcc_d2_00_mean,0.0009445537014038947,mfcc
ANG,mfcc_d2_00_std,0.008108483477975723,mfcc
ANG,mfcc_d1_01_mean,0.0009961274949004284,mfcc
ANG,mfcc_d1_01_std,0.0007110725752086019,mfcc
ANG,mfcc_d2_01_mean,0.0,mfcc
ANG,mfcc_d2_01_std,0.0003171203051757595,mfcc
ANG,mfcc_d1_02_mean,7.983941965902771e-05,mfcc
ANG,mfcc_d1_02_std,0.0016897488731422974,mfcc
ANG,mfcc_d2_02_mean,0.0007658054356695248,mfcc
ANG,mfcc_d2_02_std,0.0010785612936426705,mfcc
ANG,mfcc_d1_03_mean,0.0007133581099335056,mfcc
ANG,mfcc_d1_03_std,0.0018215017534420166,mfcc
ANG,mfcc_d2_03_mean,0.0,mfcc
ANG,mfcc_d2_03_std,0.0035729129043166516,mfcc
ANG,mfcc_d1_04_mean,0.0003350563416604269,mfcc
ANG,mfcc_d1_04_std,0.00031037301831110943,mfcc
ANG,mfcc_d2_04_mean,0.0,mfcc
ANG,mfcc_d2_04_std,0.0012326563736121154,mfcc
ANG,mfcc_d1_05_mean,0.0008840913643538642,mfcc
ANG,mfcc_d1_05_std,0.0,mfcc
ANG,mfcc_d2_05_mean,0.0,mfcc
ANG,mfcc_d2_05_std,0.0,mfcc
ANG,mfcc_d1_06_mean,0.001124112082780178,mfcc
ANG,mfcc_d1_06_std,0.00031916295328552696,mfcc
ANG,mfcc_d2_06_mean,0.0008139710581185407,mfcc
ANG,mfcc_d2_06_std,0.000861989452985583,mfcc
ANG,mfcc_d1_07_mean,0.0009704522926473692,mfcc
ANG,mfcc_d1_07_std,0.005949817242006541,mfcc
ANG,mfcc_d2_07_mean,0.0013922514510026041,mfcc
ANG,mfcc_d2_07_std,0.0007438810221545352,mfcc
ANG,mfcc_d1_08_mean,10144777280985.115,mfcc
ANG,mfcc_d1_08_std,0.0007831940039210515,mfcc
ANG,mfcc_d2_08_mean,0.0,mfcc
ANG,mfcc_d2_08_std,0.0005052895842154949,mfcc
ANG,mfcc_d1_09_mean,0.0006543520993116294,mfcc
ANG,mfcc_d1_09_std,0.0007593826102554184,mfcc
ANG,mfcc_d2_09_mean,0.0,mfcc
ANG,mfcc_d2_09_std,0.00027487842992067333,mfcc
ANG,mfcc_d1_10_mean,0.00026892211272832374,mfcc
ANG,mfcc_d1_10_std,0.0024200323869762847,mfcc
ANG,mfcc_d2_10_mean,0.0,mfcc
ANG,mfcc_d2_10_std,0.001386004003580597,mfcc
ANG,mfcc_d1_11_mean,0.0011173109956238352,mfcc
ANG,mfcc_d1_11_std,0.0,mfcc
ANG,mfcc_d2_11_mean,0.0004014935858103848,mfcc
ANG,mfcc_d2_11_std,0.0006371144673871548,mfcc
ANG,mfcc_d1_12_mean,0.0,mfcc
ANG,mfcc_d1_12_std,0.0,mfcc
ANG,mfcc_d2_12_mean,0.003535671662007034,mfcc
ANG,mfcc_d2_12_std,0.0009247166265480848,mfcc
ANG,mfcc_d1_13_mean,0.00019418912777416621,mfcc
ANG,mfcc_d1_13_std,0.0020893062910694736,mfcc
ANG,mfcc_d2_13_mean,0.0,mfcc
ANG,mfcc_d2_13_std,0.0,mfcc
ANG,mfcc_d1_14_mean,8.49789483776394e-05,mfcc
ANG,mfcc_d1_14_std,0.00045264623121655433,mfcc
ANG,mfcc_d2_14_mean,0.0006265483258357788,mfcc
ANG,mfcc_d2_14_std,10144777280985.117,mfcc
ANG,mfcc_d1_15_mean,0.0,mfcc
ANG,mfcc_d1_15_std,0.0,mfcc
ANG,mfcc_d2_15_mean,0.0,mfcc
ANG,mfcc_d2_15_std,0.000606679289709622,mfcc
ANG,mfcc_d1_16_mean,0.00027205229222924574,mfcc
ANG,mfcc_d1_16_std,0.0011839466886462437,mfcc
ANG,mfcc_d2_16_mean,0.0,mfcc
ANG,mfcc_d2_16_std,0.0,mfcc
ANG,mfcc_d1_17_mean,0.0,mfcc
ANG,mfcc_d1_17_std,0.0004463532166247812,mfcc
ANG,mfcc_d2_17_mean,0.0008075100783184496,mfcc
ANG,mfcc_d2_17_std,0.0,mfcc
ANG,mfcc_d1_18_mean,0.0001399751455715431,mfcc
ANG,mfcc_d1_18_std,0.0,mfcc
ANG,mfcc_d2_18_mean,0.0006836718901982552,mfcc
ANG,mfcc_d2_18_std,0.0,mfcc
ANG,mfcc_d1_19_mean,0.0006243140097263261,mfcc
ANG,mfcc_d1_19_std,0.0,mfcc
ANG,mfcc_d2_19_mean,0.0,mfcc
ANG,mfcc_d2_19_std,0.0,mfcc
ANG,chroma_00_mean,0.0008501188158524656,chroma
ANG,chroma_00_std,0.0005427983508984683,chroma
ANG,chroma_01_mean,0.00262171113288593,chroma
ANG,chroma_01_std,0.0007978892277395137,chroma
ANG,chroma_02_mean,0.0,chroma
ANG,chroma_02_std,0.001658471538211262,chroma
ANG,chroma_03_mean,0.0002556761166503926,chroma
ANG,chroma_03_std,0.0005428132081935704,chroma
ANG,chroma_04_mean,0.0007856927671388376,chroma
ANG,chroma_04_std,0.0,chroma
ANG,chroma_05_mean,0.0,chroma
ANG,chroma_05_std,0.0005761707735133549,chroma
ANG,chroma_06_mean,0.001926947075331256,chroma
ANG,chroma_06_std,0.0,chroma
ANG,chroma_07_mean,0.0009011417669674126,chroma
ANG,chroma_07_std,0.0,chroma
ANG,chroma_08_mean,0.0007945000973841066,chroma
ANG,chroma_08_std,0.00040047519113999935,chroma
ANG,chroma_09_mean,0.002332159239599243,chroma
ANG,chroma_09_std,0.0008069290889324652,chroma
ANG,chroma_10_mean,0.0013780668466975214,chroma
ANG,chroma_10_std,0.0005267795936504924,chroma
ANG,chroma_11_mean,0.0,chroma
ANG,chroma_11_std,0.0011332013423621058,chroma
ANG,prosody_f0_mean,0.0,prosody
ANG,prosody_f0_std,0.0,prosody
ANG,prosody_f0_min,0.00023704259676756928,prosody
ANG,prosody_f0_max,0.0,prosody
ANG,prosody_f0_median,0.001126741004371046,prosody
ANG,prosody_f0_iqr,0.000248453455956659,prosody
ANG,prosody_f0_skew,0.0,prosody
ANG,prosody_f0_kurt,0.0006227607947540459,prosody
ANG,prosody_voiced_fraction,0.004125196408063069,prosody
ANG,prosody_f0_slope_abs_mean,0.0006047310745679351,prosody
ANG,prosody_n_voiced_segments,0.0006166766908934688,prosody
ANG,prosody_voiced_rate_per_s,0.00022581957375858165,prosody
ANG,prosody_mean_voiced_seg_s,0.0014077507453701215,prosody
ANG,prosody_pause_fraction,0.0,prosody
ANG,prosody_jitter_local,0.0007153829970676953,prosody
ANG,prosody_jitter_rap,0.0,prosody
ANG,prosody_jitter_ppq5,0.000717670904486874,prosody
ANG,prosody_jitter_ddp,0.00020334572141444385,prosody
ANG,prosody_shimmer_local,0.0003825622137331123,prosody
ANG,prosody_shimmer_localdb,0.0008834661748212745,prosody
ANG,prosody_shimmer_apq3,0.0005159129227347119,prosody
ANG,prosody_shimmer_apq5,0.0004892311847190665,prosody
ANG,prosody_shimmer_apq11,0.0004982671321362679,prosody
ANG,prosody_shimmer_dda,0.0,prosody
ANG,prosody_hnr_mean,0.0011928324196756768,prosody
ANG,prosody_hnr_std,0.0007895197084285765,prosody
ANG,prosody_hnr_min,0.0006223535870662674,prosody
ANG,prosody_hnr_max,0.0015157070928941232,prosody
ANG,prosody_hnr_median,0.000562877787459829,prosody
ANG,prosody_f1_mean,0.0,prosody
ANG,prosody_f1_std,0.00042443465444955,prosody
ANG,prosody_f1_median,0.0006051290887054945,prosody
ANG,prosody_f1_bw_median,0.0037780746543544757,prosody
ANG,prosody_f2_mean,0.00025126838014431465,prosody
ANG,prosody_f2_std,0.0006263268549800879,prosody
ANG,prosody_f2_median,0.00046302879718849814,prosody
ANG,prosody_f2_bw_median,0.00034121527988062125,prosody
ANG,prosody_f3_mean,0.0008670494615124668,prosody
ANG,prosody_f3_std,0.0007280202978137715,prosody
ANG,prosody_f3_median,0.001219339610947089,prosody
ANG,prosody_f3_bw_median,0.0,prosody
ANG,prosody_f4_mean,0.0,prosody
ANG,prosody_f4_std,0.00012748539904770207,prosody
ANG,prosody_f4_median,0.0,prosody
ANG,prosody_f5_mean,0.0,prosody
ANG,prosody_f5_std,0.001390982034728252,prosody
ANG,prosody_f5_median,0.00033472697147461487,prosody
ANG,prosody_intensity_mean,0.001339401656012901,prosody
ANG,prosody_intensity_std,0.0003477141516677616,prosody
ANG,prosody_intensity_min,0.0004773939929446084,prosody
ANG,prosody_intensity_max,0.002505319886812328,prosody
ANG,prosody_intensity_median,0.001621997202567425,prosody
ANG,prosody_intensity_iqr,0.0005327282842155695,prosody
ANG,prosody_intensity_skew,0.0,prosody
ANG,prosody_intensity_kurt,0.0,prosody
ANG,prosody_cpps,0.0,prosody
DIS,duration_s,0.006655971772599952,other
DIS,peak_amplitude,8.838577473933542e-05,other
DIS,spectral_centroid_mean,0.0,spectral
DIS,spectral_centroid_std,0.0,spectral
DIS,spectral_centroid_min,0.0013323081182410347,spectral
DIS,spectral_centroid_max,0.0,spectral
DIS,spectral_centroid_median,0.00025131270020926726,spectral
DIS,spectral_centroid_iqr,0.0,spectral
DIS,spectral_centroid_skew,0.0,spectral
DIS,spectral_centroid_kurt,0.000447721713444337,spectral
DIS,spectral_bandwidth_mean,0.0004250934212434322,spectral
DIS,spectral_bandwidth_std,0.0004722297025770876,spectral
DIS,spectral_bandwidth_min,0.0001741567361888614,spectral
DIS,spectral_bandwidth_max,0.0006233656202976254,spectral
DIS,spectral_bandwidth_median,0.0003835598020668224,spectral
DIS,spectral_bandwidth_iqr,0.0,spectral
DIS,spectral_bandwidth_skew,0.0021340671316852394,spectral
DIS,spectral_bandwidth_kurt,0.0006579357084756637,spectral
DIS,spectral_rolloff85_mean,0.0023850080453449033,spectral
DIS,spectral_rolloff85_std,0.00041893024979955396,spectral
DIS,spectral_rolloff85_min,0.0006675124189938093,spectral
DIS,spectral_rolloff85_max,0.0,spectral
DIS,spectral_rolloff85_median,0.0,spectral
DIS,spectral_rolloff85_iqr,0.0013374171365070212,spectral
DIS,spectral_rolloff85_skew,0.0,spectral
DIS,spectral_rolloff85_kurt,0.0,spectral
DIS,spectral_rolloff95_mean,0.00038353643348813853,spectral
DIS,spectral_rolloff95_std,0.0010199759349817194,spectral
DIS,spectral_rolloff95_min,0.0007097101224255458,spectral
DIS,spectral_rolloff95_max,0.002196076921454866,spectral
DIS,spectral_rolloff95_median,0.0005667974770680108,spectral
DIS,spectral_rolloff95_iqr,0.0,spectral
DIS,spectral_rolloff95_skew,0.0,spectral
DIS,spectral_rolloff95_kurt,0.0019096381016269137,spectral
DIS,spectral_flatness_mean,0.0001941953166765698,spectral
DIS,spectral_flatness_std,0.002041079313591403,spectral
DIS,spectral_flatness_min,0.0,spectral
DIS,spectral_flatness_max,0.0,spectral
DIS,spectral_flatness_median,0.0009689462781820263,spectral
DIS,spectral_flatness_iqr,0.0,spectral
DIS,spectral_flatness_skew,0.0010475839465668517,spectral
DIS,spectral_flatness_kurt,0.0,spectral
DIS,spectral_zcr_mean,0.0002687503149195739,spectral
DIS,spectral_zcr_std,0.0009881150614796464,spectral
DIS,spectral_zcr_min,0.0023716862514893415,spectral
DIS,spectral_zcr_max,0.000503091410905762,spectral
DIS,spectral_zcr_median,0.00012315032530461613,spectral
DIS,spectral_zcr_iqr,0.004122131944836447,spectral
DIS,spectral_zcr_skew,0.00037098681312141847,spectral
DIS,spectral_zcr_kurt,0.0012732757021780457,spectral
DIS,spectral_rms_mean,0.00010710576656771296,spectral
DIS,spectral_rms_std,0.0003615915530606137,spectral
DIS,spectral_rms_min,0.000633812003215747,spectral
DIS,spectral_rms_max,0.00030607131029811185,spectral
DIS,spectral_rms_median,0.0,spectral
DIS,spectral_rms_iqr,0.00032698838674569396,spectral
DIS,spectral_rms_skew,0.0007435863466273274,spectral
DIS,spectral_rms_kurt,0.00010403721428224099,spectral
DIS,spectral_flux_mean,0.00041702101810051436,spectral
DIS,spectral_flux_std,0.0021474751754194223,spectral
DIS,spectral_flux_min,0.0008978676343955325,spectral
DIS,spectral_flux_max,0.0008728567393335334,spectral
DIS,spectral_flux_median,0.00021897498875841004,spectral
DIS,spectral_flux_iqr,0.0009961699649488388,spectral
DIS,spectral_flux_skew,0.0001283344097328895,spectral
DIS,spectral_flux_kurt,0.00045131322034399517,spectral
DIS,spectral_entropy_mean,0.00022909057102655597,spectral
DIS,spectral_entropy_std,0.0006611838835129898,spectral
DIS,spectral_entropy_min,0.0011034597082187245,spectral
DIS,spectral_entropy_max,4.3556984227098084e-05,spectral
DIS,spectral_entropy_median,0.000847087971040114,spectral
DIS,spectral_entropy_iqr,0.0004311024539629418,spectral
DIS,spectral_entropy_skew,0.00020895925841936708,spectral
DIS,spectral_entropy_kurt,0.000552846173048052,spectral
DIS,spectral_slope_mean,0.005976834993705232,spectral
DIS,spectral_slope_std,0.0,spectral
DIS,spectral_slope_min,0.0003153159352160796,spectral
DIS,spectral_slope_max,0.0009829551763512253,spectral
DIS,spectral_slope_median,0.002625789642192672,spectral
DIS,spectral_slope_iqr,0.0002885650197126196,spectral
DIS,spectral_slope_skew,0.0003265912222637593,spectral
DIS,spectral_slope_kurt,0.0022774477268580734,spectral
DIS,spectral_band_0_500_mean,0.0009772890462164878,spectral
DIS,spectral_band_0_500_std,0.0013409845684812243,spectral
DIS,spectral_band_500_1000_mean,0.0006271210692656338,spectral
DIS,spectral_band_500_1000_std,0.0022352086619056516,spectral
DIS,spectral_band_1000_2000_mean,0.0,spectral
DIS,spectral_band_1000_2000_std,0.00012898222143755084,spectral
DIS,spectral_band_2000_3000_mean,0.00025759833310978547,spectral
DIS,spectral_band_2000_3000_std,0.0,spectral
DIS,spectral_band_3000_4000_mean,0.0,spectral
DIS,spectral_band_3000_4000_std,0.0,spectral
DIS,spectral_band_4000_5000_mean,0.0004907827492660693,spectral
DIS,spectral_band_4000_5000_std,0.0009209262375236202,spectral
DIS,spectral_band_5000_6000_mean,0.0,spectral
DIS,spectral_band_5000_6000_std,3.833545861906687e-05,spectral
DIS,spectral_band_6000_8000_mean,0.001175369684885952,spectral
DIS,spectral_band_6000_8000_std,0.0003355879569458661,spectral
DIS,spectral_hf_ratio_4000_mean,0.004724155854347716,spectral
DIS,spectral_hf_ratio_4000_std,0.0031330445955203554,spectral
DIS,spectral_hf_ratio_6000_mean,0.0013304002035544106,spectral
DIS,spectral_hf_ratio_6000_std,8.384720981525004e-05,spectral
DIS,spectral_contrast_0_mean,0.0,spectral
DIS,spectral_contrast_0_std,0.0,spectral
DIS,spectral_contrast_1_mean,0.0001579031168986669,spectral
DIS,spectral_contrast_1_std,8.31757773389331e-05,spectral
DIS,spectral_contrast_2_mean,0.001334838894887997,spectral
DIS,spectral_contrast_2_std,0.0002830181144150555,spectral
DIS,spectral_contrast_3_mean,0.0008839573073846896,spectral
DIS,spectral_contrast_3_std,0.00034192155304958456,spectral
DIS,spectral_contrast_4_mean,0.0009181911095353306,spectral
DIS,spectral_contrast_4_std,1.9067258979093974e-05,spectral
DIS,spectral_contrast_5_mean,0.002475063152308713,spectral
DIS,spectral_contrast_5_std,0.0009267012130072204,spectral
DIS,spectral_contrast_6_mean,0.0,spectral
DIS,spectral_contrast_6_std,0.0008412355268332632,spectral
DIS,mfcc_00_mean,0.0008877282753799186,mfcc
DIS,mfcc_00_std,0.00025648923307942,mfcc
DIS,mfcc_00_min,0.0007616133838328779,mfcc
DIS,mfcc_00_max,0.0,mfcc
DIS,mfcc_00_median,0.000548348771139608,mfcc
DIS,mfcc_00_iqr,0.0017590616315143975,mfcc
DIS,mfcc_00_skew,0.00024134335440610078,mfcc
DIS,mfcc_00_kurt,0.003662752619286481,mfcc
DIS,mfcc_01_mean,0.000277648956582705,mfcc
DIS,mfcc_01_std,0.0003227750702846094,mfcc
DIS,mfcc_01_min,0.000378640440461219,mfcc
DIS,mfcc_01_max,0.0006365590628828673,mfcc
DIS,mfcc_01_median,0.0,mfcc
DIS,mfcc_01_iqr,0.0003948565632511362,mfcc
DIS,mfcc_01_skew,0.0016798757753238526,mfcc
DIS,mfcc_01_kurt,0.0006750112264286637,mfcc
DIS,mfcc_02_mean,0.0005572696653527131,mfcc
DIS,mfcc_02_std,0.0005233089185330939,mfcc
DIS,mfcc_02_min,0.0005566935666575454,mfcc
DIS,mfcc_02_max,0.0,mfcc
DIS,mfcc_02_median,0.0003636198869289923,mfcc
DIS,mfcc_02_iqr,0.0009190922282077137,mfcc
DIS,mfcc_02_skew,0.00011121585436240924,mfcc
DIS,mfcc_02_kurt,0.0,mfcc
DIS,mfcc_03_mean,0.0,mfcc
DIS,mfcc_03_std,0.0006382357668129245,mfcc
DIS,mfcc_03_min,0.0012068792853512649,mfcc
DIS,mfcc_03_max,0.0002885668226545888,mfcc
DIS,mfcc_03_median,2.042966292199343e-05,mfcc
DIS,mfcc_03_iqr,0.00021754458818734647,mfcc
DIS,mfcc_03_skew,0.0,mfcc
DIS,mfcc_03_kurt,0.0,mfcc
DIS,mfcc_04_mean,0.0,mfcc
DIS,mfcc_04_std,0.0018794881145703666,mfcc
DIS,mfcc_04_min,0.0009057931615582496,mfcc
DIS,mfcc_04_max,0.0005492682827359091,mfcc
DIS,mfcc_04_median,0.00017382412242732074,mfcc
DIS,mfcc_04_iqr,0.0,mfcc
DIS,mfcc_04_skew,0.0015661976586750204,mfcc
DIS,mfcc_04_kurt,0.00020556813669563606,mfcc
DIS,mfcc_05_mean,0.0002501059114987042,mfcc
DIS,mfcc_05_std,0.003291181025101404,mfcc
DIS,mfcc_05_min,0.0006386429354349709,mfcc
DIS,mfcc_05_max,0.0,mfcc
DIS,mfcc_05_median,0.0008949182148934997,mfcc
DIS,mfcc_05_iqr,0.000284305862868934,mfcc
DIS,mfcc_05_skew,0.00021945746053461185,mfcc
DIS,mfcc_05_kurt,0.005711466466727833,mfcc
DIS,mfcc_06_mean,0.0,mfcc
DIS,mfcc_06_std,0.0015871451961871218,mfcc
DIS,mfcc_06_min,0.00014134218955403585,mfcc
DIS,mfcc_06_max,0.0004937664516310244,mfcc
DIS,mfcc_06_median,0.0,mfcc
DIS,mfcc_06_iqr,0.0009597529398280558,mfcc
DIS,mfcc_06_skew,0.00035805232465209945,mfcc
DIS,mfcc_06_kurt,0.0,mfcc
DIS,mfcc_07_mean,0.0010851847281427738,mfcc
DIS,mfcc_07_std,5.2592469148644155e-05,mfcc
DIS,mfcc_07_min,0.0006267302994426039,mfcc
DIS,mfcc_07_max,0.0004324198123157227,mfcc
DIS,mfcc_07_median,0.0,mfcc
DIS,mfcc_07_iqr,0.0014802031434572728,mfcc
DIS,mfcc_07_skew,0.0,mfcc
DIS,mfcc_07_kurt,0.0,mfcc
DIS,mfcc_08_mean,0.00159028818924703,mfcc
DIS,mfcc_08_std,0.0,mfcc
DIS,mfcc_08_min,0.00028420589109454515,mfcc
DIS,mfcc_08_max,0.0005578903671151637,mfcc
DIS,mfcc_08_median,0.00024563525599033973,mfcc
DIS,mfcc_08_iqr,0.00020873017208065204,mfcc
DIS,mfcc_08_skew,0.0003744370610748667,mfcc
DIS,mfcc_08_kurt,0.0002939201558481726,mfcc
DIS,mfcc_09_mean,0.00011681595421797848,mfcc
DIS,mfcc_09_std,0.0,mfcc
DIS,mfcc_09_min,0.0005795691469592433,mfcc
DIS,mfcc_09_max,0.005501599972799903,mfcc
DIS,mfcc_09_median,0.0027231753638832204,mfcc
DIS,mfcc_09_iqr,0.0,mfcc
DIS,mfcc_09_skew,0.0010747482127495373,mfcc
DIS,mfcc_09_kurt,3.548541086034311e-05,mfcc
DIS,mfcc_10_mean,0.0001455070501837264,mfcc
DIS,mfcc_10_std,0.0,mfcc
DIS,mfcc_10_min,0.0001989046924229327,mfcc
DIS,mfcc_10_max,0.0007150154382828702,mfcc
DIS,mfcc_10_median,0.00037368651810211397,mfcc
DIS,mfcc_10_iqr,0.0,mfcc
DIS,mfcc_10_skew,0.0010769299394613233,mfcc
DIS,mfcc_10_kurt,0.00038455494065674326,mfcc
DIS,mfcc_11_mean,0.0004354565453276897,mfcc
DIS,mfcc_11_std,0.0011087848583581407,mfcc
DIS,mfcc_11_min,0.0,mfcc
DIS,mfcc_11_max,0.0025120380819434102,mfcc
DIS,mfcc_11_median,0.00020228167801429844,mfcc
DIS,mfcc_11_iqr,0.00029410497895691705,mfcc
DIS,mfcc_11_skew,0.0001978438088568456,mfcc
DIS,mfcc_11_kurt,0.0011075534938677135,mfcc
DIS,mfcc_12_mean,9.849337905853878e-05,mfcc
DIS,mfcc_12_std,0.0017326086732593019,mfcc
DIS,mfcc_12_min,0.0003949164068721367,mfcc
DIS,mfcc_12_max,0.0008232113219880479,mfcc
DIS,mfcc_12_median,0.0,mfcc
DIS,mfcc_12_iqr,0.0007516660181168845,mfcc
DIS,mfcc_12_skew,0.0011320958381293032,mfcc
DIS,mfcc_12_kurt,0.0,mfcc
DIS,mfcc_13_mean,0.0005690997414210206,mfcc
DIS,mfcc_13_std,0.0026186616350575395,mfcc
DIS,mfcc_13_min,0.000523831484765273,mfcc
DIS,mfcc_13_max,0.0006314283276604779,mfcc
DIS,mfcc_13_median,0.00042833689342682284,mfcc
DIS,mfcc_13_iqr,0.0016267676101526074,mfcc
DIS,mfcc_13_skew,0.0003708066970600138,mfcc
DIS,mfcc_13_kurt,0.0002663809280817543,mfcc
DIS,mfcc_14_mean,0.003459008659184254,mfcc
DIS,mfcc_14_std,0.0,mfcc
DIS,mfcc_14_min,0.0004756086836770534,mfcc
DIS,mfcc_14_max,4.5805676362378796e-05,mfcc
DIS,mfcc_14_median,0.00021341533896307219,mfcc
DIS,mfcc_14_iqr,0.00042124048062181847,mfcc
DIS,mfcc_14_skew,0.00040085007720893257,mfcc
DIS,mfcc_14_kurt,0.0,mfcc
DIS,mfcc_15_mean,0.0002974984830064863,mfcc
DIS,mfcc_15_std,0.00016397610875460006,mfcc
DIS,mfcc_15_min,0.0007253131108016189,mfcc
DIS,mfcc_15_max,0.0035244998849748646,mfcc
DIS,mfcc_15_median,0.00017501086786943617,mfcc
DIS,mfcc_15_iqr,0.0005376382142799743,mfcc
DIS,mfcc_15_skew,0.0,mfcc
DIS,mfcc_15_kurt,0.0,mfcc
DIS,mfcc_16_mean,0.001318685790757365,mfcc
DIS,mfcc_16_std,0.000945784217405008,mfcc
DIS,mfcc_16_min,0.00021661946199371396,mfcc
DIS,mfcc_16_max,0.0023079614391175846,mfcc
DIS,mfcc_16_median,0.0005411171713990252,mfcc
DIS,mfcc_16_iqr,5.6495925409589426e-05,mfcc
DIS,mfcc_16_skew,0.0002884897319944177,mfcc
DIS,mfcc_16_kurt,0.000535558175695611,mfcc
DIS,mfcc_17_mean,0.00013013849745205583,mfcc
DIS,mfcc_17_std,3.1439310433290444e-05,mfcc
DIS,mfcc_17_min,0.0005058540498540832,mfcc
DIS,mfcc_17_max,0.0008192077977991719,mfcc
DIS,mfcc_17_median,0.0012733574360217722,mfcc
DIS,mfcc_17_iqr,0.005024625443321303,mfcc
DIS,mfcc_17_skew,0.0,mfcc
DIS,mfcc_17_kurt,0.00015172315378895576,mfcc
DIS,mfcc_18_mean,0.0006249053427043347,mfcc
DIS,mfcc_18_std,0.0,mfcc
DIS,mfcc_18_min,0.002038342874267817,mfcc
DIS,mfcc_18_max,0.00041928172053637056,mfcc
DIS,mfcc_18_median,0.0007391260844428166,mfcc
DIS,mfcc_18_iqr,0.0,mfcc
DIS,mfcc_18_skew,0.003726632105294301,mfcc
DIS,mfcc_18_kurt,0.00040945781870617437,mfcc
DIS,mfcc_19_mean,0.0,mfcc
DIS,mfcc_19_std,0.0,mfcc
DIS,mfcc_19_min,0.0002346193191186373,mfcc
DIS,mfcc_19_max,0.0,mfcc
DIS,mfcc_19_median,0.0002337289730714735,mfcc
DIS,mfcc_19_iqr,0.00046666748123609284,mfcc
DIS,mfcc_19_skew,0.001145458660196409,mfcc
DIS,mfcc_19_kurt,0.0008006138520180626,mfcc
DIS,mfcc_d1_00_mean,0.0003280397927891644,mfcc
DIS,mfcc_d1_00_std,0.0005515577927871822,mfcc
DIS,mfcc_d2_00_mean,0.0004969917807486009,mfcc
DIS,mfcc_d2_00_std,0.0013734825584928816,mfcc
DIS,mfcc_d1_01_mean,0.0005090717785147309,mfcc
DIS,mfcc_d1_01_std,0.0019025297901915721,mfcc
DIS,mfcc_d2_01_mean,0.00011789148621251548,mfcc
DIS,mfcc_d2_01_std,0.00324165782327456,mfcc
DIS,mfcc_d1_02_mean,8.863302660337848e-05,mfcc
DIS,mfcc_d1_02_std,0.0008309224310062627,mfcc
DIS,mfcc_d2_02_mean,0.00187552662412051,mfcc
DIS,mfcc_d2_02_std,0.0007950919808538613,mfcc
DIS,mfcc_d1_03_mean,0.0001809748042470252,mfcc
DIS,mfcc_d1_03_std,0.0013685464170852288,mfcc
DIS,mfcc_d2_03_mean,0.0,mfcc
DIS,mfcc_d2_03_std,5.232318428604772e-05,mfcc
DIS,mfcc_d1_04_mean,0.0002005624354805244,mfcc
DIS,mfcc_d1_04_std,0.0009432250968515406,mfcc
DIS,mfcc_d2_04_mean,7.79254074260688e-06,mfcc
DIS,mfcc_d2_04_std,0.0018578390085803756,mfcc
DIS,mfcc_d1_05_mean,0.0002526447034947547,mfcc
DIS,mfcc_d1_05_std,0.0017892962012699303,mfcc
DIS,mfcc_d2_05_mean,7.952647266263888e-05,mfcc
DIS,mfcc_d2_05_std,0.0,mfcc
DIS,mfcc_d1_06_mean,0.00029843508872271884,mfcc
DIS,mfcc_d1_06_std,0.0008715153866078036,mfcc
DIS,mfcc_d2_06_mean,0.0008754722711104344,mfcc
DIS,mfcc_d2_06_std,0.0004753751932554046,mfcc
DIS,mfcc_d1_07_mean,0.00039793118757282475,mfcc
DIS,mfcc_d1_07_std,0.0003313769013457023,mfcc
DIS,mfcc_d2_07_mean,4.3629783663187706e-05,mfcc
DIS,mfcc_d2_07_std,0.0009163636088356662,mfcc
DIS,mfcc_d1_08_mean,0.00013927265302746768,mfcc
DIS,mfcc_d1_08_std,0.00025362118490888827,mfcc
DIS,mfcc_d2_08_mean,0.0006371111604942503,mfcc
DIS,mfcc_d2_08_std,0.002102155676883009,mfcc
DIS,mfcc_d1_09_mean,0.0004136584131042467,mfcc
DIS,mfcc_d1_09_std,0.0008496171953248833,mfcc
DIS,mfcc_d2_09_mean,0.0006380829220034044,mfcc
DIS,mfcc_d2_09_std,0.0,mfcc
DIS,mfcc_d1_10_mean,0.0006657700994194258,mfcc
DIS,mfcc_d1_10_std,0.00043002441235664274,mfcc
DIS,mfcc_d2_10_mean,0.0,mfcc
DIS,mfcc_d2_10_std,0.0,mfcc
DIS,mfcc_d1_11_mean,0.0010641985590565913,mfcc
DIS,mfcc_d1_11_std,0.00045731640332848653,mfcc
DIS,mfcc_d2_11_mean,0.00016424120759877872,mfcc
DIS,mfcc_d2_11_std,0.0007391298076722485,mfcc
DIS,mfcc_d1_12_mean,0.00017490288526727631,mfcc
DIS,mfcc_d1_12_std,0.0008922781448639766,mfcc
DIS,mfcc_d2_12_mean,0.0018606930052380926,mfcc
DIS,mfcc_d2_12_std,0.002264258899577966,mfcc
DIS,mfcc_d1_13_mean,0.0011803723099452206,mfcc
DIS,mfcc_d1_13_std,9.507358502524607e-06,mfcc
DIS,mfcc_d2_13_mean,0.0,mfcc
DIS,mfcc_d2_13_std,0.004292968773693723,mfcc
DIS,mfcc_d1_14_mean,0.0,mfcc
DIS,mfcc_d1_14_std,0.0,mfcc
DIS,mfcc_d2_14_mean,0.0012049875163592822,mfcc
DIS,mfcc_d2_14_std,0.0008794109131582084,mfcc
DIS,mfcc_d1_15_mean,0.000586037088113184,mfcc
DIS,mfcc_d1_15_std,0.0,mfcc
DIS,mfcc_d2_15_mean,0.0,mfcc
DIS,mfcc_d2_15_std,0.0011013667542322909,mfcc
DIS,mfcc_d1_16_mean,0.0009532044366975499,mfcc
DIS,mfcc_d1_16_std,0.00023704096543769815,mfcc
DIS,mfcc_d2_16_mean,0.00040515612660037915,mfcc
DIS,mfcc_d2_16_std,0.00040165327920021533,mfcc
DIS,mfcc_d1_17_mean,0.0005352073731881546,mfcc
DIS,mfcc_d1_17_std,0.0008354358548993675,mfcc
DIS,mfcc_d2_17_mean,0.0,mfcc
DIS,mfcc_d2_17_std,0.0017941572204318965,mfcc
DIS,mfcc_d1_18_mean,0.0,mfcc
DIS,mfcc_d1_18_std,0.0,mfcc
DIS,mfcc_d2_18_mean,7.118594841156218e-05,mfcc
DIS,mfcc_d2_18_std,0.00022064656905400893,mfcc
DIS,mfcc_d1_19_mean,0.0,mfcc
DIS,mfcc_d1_19_std,0.000336908800901918,mfcc
DIS,mfcc_d2_19_mean,0.0,mfcc
DIS,mfcc_d2_19_std,0.0,mfcc
DIS,chroma_00_mean,0.0003849136347067503,chroma
DIS,chroma_00_std,0.0017947621411347199,chroma
DIS,chroma_01_mean,0.0,chroma
DIS,chroma_01_std,0.0009103536722142685,chroma
DIS,chroma_02_mean,0.0004621641100364526,chroma
DIS,chroma_02_std,0.0009813613817620142,chroma
DIS,chroma_03_mean,0.0012051328014499008,chroma
DIS,chroma_03_std,0.0,chroma
DIS,chroma_04_mean,0.00046443853893874326,chroma
DIS,chroma_04_std,0.0001207961961785035,chroma
DIS,chroma_05_mean,0.0,chroma
DIS,chroma_05_std,0.0,chroma
DIS,chroma_06_mean,0.0003317758806018035,chroma
DIS,chroma_06_std,0.0,chroma
DIS,chroma_07_mean,0.0,chroma
DIS,chroma_07_std,0.0,chroma
DIS,chroma_08_mean,0.00013354396385414094,chroma
DIS,chroma_08_std,0.0006769179033197215,chroma
DIS,chroma_09_mean,3.6277879153341345e-05,chroma
DIS,chroma_09_std,0.0,chroma
DIS,chroma_10_mean,0.00017636619017508492,chroma
DIS,chroma_10_std,0.0005627022210193676,chroma
DIS,chroma_11_mean,0.0,chroma
DIS,chroma_11_std,0.0002844956544298223,chroma
DIS,prosody_f0_mean,0.0010674269046975252,prosody
DIS,prosody_f0_std,0.0,prosody
DIS,prosody_f0_min,0.0,prosody
DIS,prosody_f0_max,0.0007235885128164241,prosody
DIS,prosody_f0_median,0.00031639771305691766,prosody
DIS,prosody_f0_iqr,0.0,prosody
DIS,prosody_f0_skew,0.0006590851813237445,prosody
DIS,prosody_f0_kurt,0.0005432292706754067,prosody
DIS,prosody_voiced_fraction,3690891598396.9756,prosody
DIS,prosody_f0_slope_abs_mean,0.0038469069263286334,prosody
DIS,prosody_n_voiced_segments,0.0014012726018911,prosody
DIS,prosody_voiced_rate_per_s,0.0008185567280501687,prosody
DIS,prosody_mean_voiced_seg_s,0.0,prosody
DIS,prosody_pause_fraction,0.0013002453628999193,prosody
DIS,prosody_jitter_local,1.917910013482469e-05,prosody
DIS,prosody_jitter_rap,0.0,prosody
DIS,prosody_jitter_ppq5,0.0,prosody
DIS,prosody_jitter_ddp,0.0,prosody
DIS,prosody_shimmer_local,0.0,prosody
DIS,prosody_shimmer_localdb,0.000725271596542924,prosody
DIS,prosody_shimmer_apq3,0.0,prosody
DIS,prosody_shimmer_apq5,0.0003050778283206818,prosody
DIS,prosody_shimmer_apq11,0.0,prosody
DIS,prosody_shimmer_dda,0.0,prosody
DIS,prosody_hnr_mean,0.002838061743385145,prosody
DIS,prosody_hnr_std,2.026975767138168e-05,prosody
DIS,prosody_hnr_min,0.0,prosody
DIS,prosody_hnr_max,0.0,prosody
DIS,prosody_hnr_median,0.001138898325582922,prosody
DIS,prosody_f1_mean,0.0005401413756958538,prosody
DIS,prosody_f1_std,0.0007043030493837175,prosody
DIS,prosody_f1_median,0.00020928134977236436,prosody
DIS,prosody_f1_bw_median,0.0017686186752843642,prosody
DIS,prosody_f2_mean,0.002557610875959455,prosody
DIS,prosody_f2_std,0.00169050004272112,prosody
DIS,prosody_f2_median,0.0,prosody
DIS,prosody_f2_bw_median,6.12724153215917e-05,prosody
DIS,prosody_f3_mean,3690891598396.973,prosody
DIS,prosody_f3_std,0.0,prosody
DIS,prosody_f3_median,0.0,prosody
DIS,prosody_f3_bw_median,0.0006952559824290363,prosody
DIS,prosody_f4_mean,0.0,prosody
DIS,prosody_f4_std,0.0018315801731455593,prosody
DIS,prosody_f4_median,0.0,prosody
DIS,prosody_f5_mean,0.0002241590985790766,prosody
DIS,prosody_f5_std,0.0022530835577589067,prosody
DIS,prosody_f5_median,0.000360802264300618,prosody
DIS,prosody_intensity_mean,0.0020519326013179397,prosody
DIS,prosody_intensity_std,0.0,prosody
DIS,prosody_intensity_min,0.0006864242425631793,prosody
DIS,prosody_intensity_max,0.0006079986871475457,prosody
DIS,prosody_intensity_median,0.00022725425681913635,prosody
DIS,prosody_intensity_iqr,0.0,prosody
DIS,prosody_intensity_skew,0.00023846746822339503,prosody
DIS,prosody_intensity_kurt,0.0,prosody
DIS,prosody_cpps,0.0007918867695561905,prosody
FEA,duration_s,0.0002901634573463802,other
FEA,peak_amplitude,0.0003784791113927081,other
FEA,spectral_centroid_mean,4.537454914491612e-05,spectral
FEA,spectral_centroid_std,0.0003342346385762344,spectral
FEA,spectral_centroid_min,0.003324251387482338,spectral
FEA,spectral_centroid_max,0.0012795449255346356,spectral
FEA,spectral_centroid_median,0.0,spectral
FEA,spectral_centroid_iqr,0.00026750589619945365,spectral
FEA,spectral_centroid_skew,2.3694561528107548e-05,spectral
FEA,spectral_centroid_kurt,0.00018838634286452035,spectral
FEA,spectral_bandwidth_mean,0.00013962234223650435,spectral
FEA,spectral_bandwidth_std,0.0001923009426638774,spectral
FEA,spectral_bandwidth_min,0.0,spectral
FEA,spectral_bandwidth_max,0.001262548397942073,spectral
FEA,spectral_bandwidth_median,0.0049344464040312515,spectral
FEA,spectral_bandwidth_iqr,4.3437200692477554e-05,spectral
FEA,spectral_bandwidth_skew,0.000506766842349491,spectral
FEA,spectral_bandwidth_kurt,3.322216245975394e-05,spectral
FEA,spectral_rolloff85_mean,0.0001078589865624127,spectral
FEA,spectral_rolloff85_std,0.001942238557887056,spectral
FEA,spectral_rolloff85_min,0.0012887447056941102,spectral
FEA,spectral_rolloff85_max,0.00022878648791354556,spectral
FEA,spectral_rolloff85_median,0.0008534157915933804,spectral
FEA,spectral_rolloff85_iqr,0.0008229600627987142,spectral
FEA,spectral_rolloff85_skew,0.002920843455716232,spectral
FEA,spectral_rolloff85_kurt,0.0,spectral
FEA,spectral_rolloff95_mean,5.420869310197368e-05,spectral
FEA,spectral_rolloff95_std,0.0007547078590885587,spectral
FEA,spectral_rolloff95_min,0.0009637711346378747,spectral
FEA,spectral_rolloff95_max,0.00044115510075777944,spectral
FEA,spectral_rolloff95_median,0.00010177305934152551,spectral
FEA,spectral_rolloff95_iqr,0.0,spectral
FEA,spectral_rolloff95_skew,0.0013437405875189772,spectral
FEA,spectral_rolloff95_kurt,0.001442445428112987,spectral
FEA,spectral_flatness_mean,0.00019568659602202043,spectral
FEA,spectral_flatness_std,0.000978229153429682,spectral
FEA,spectral_flatness_min,0.0,spectral
FEA,spectral_flatness_max,0.0001670946503004129,spectral
FEA,spectral_flatness_median,0.000418312901636618,spectral
FEA,spectral_flatness_iqr,0.0,spectral
FEA,spectral_flatness_skew,0.0001038140518915676,spectral
FEA,spectral_flatness_kurt,9.112099019127372e-05,spectral
FEA,spectral_zcr_mean,0.0062323385188540635,spectral
FEA,spectral_zcr_std,0.0,spectral
FEA,spectral_zcr_min,0.0006468074243951516,spectral
FEA,spectral_zcr_max,0.0,spectral
FEA,spectral_zcr_median,7.627229161712855e-05,spectral
FEA,spectral_zcr_iqr,0.0004986115951470676,spectral
FEA,spectral_zcr_skew,0.0008021870167081961,spectral
FEA,spectral_zcr_kurt,0.0014040846407860448,spectral
FEA,spectral_rms_mean,0.0006524443734720784,spectral
FEA,spectral_rms_std,0.004203460241461311,spectral
FEA,spectral_rms_min,0.0,spectral
FEA,spectral_rms_max,0.0,spectral
FEA,spectral_rms_median,0.0006240826525766294,spectral
FEA,spectral_rms_iqr,0.0002180706684720683,spectral
FEA,spectral_rms_skew,0.0,spectral
FEA,spectral_rms_kurt,0.00036556850148350005,spectral
FEA,spectral_flux_mean,2.1545223614216917e-05,spectral
FEA,spectral_flux_std,0.001221635156837704,spectral
FEA,spectral_flux_min,0.0015177369893821437,spectral
FEA,spectral_flux_max,0.00010363737294754918,spectral
FEA,spectral_flux_median,0.000743519806079331,spectral
FEA,spectral_flux_iqr,0.00017452579184966337,spectral
FEA,spectral_flux_skew,9.005043067278382e-05,spectral
FEA,spectral_flux_kurt,12824374378270.238,spectral
FEA,spectral_entropy_mean,0.00040548886318992223,spectral
FEA,spectral_entropy_std,0.00022686114711454968,spectral
FEA,spectral_entropy_min,0.0015438199700250714,spectral
FEA,spectral_entropy_max,0.0,spectral
FEA,spectral_entropy_median,0.001752216079599511,spectral
FEA,spectral_entropy_iqr,0.0015317736370401402,spectral
FEA,spectral_entropy_skew,0.0,spectral
FEA,spectral_entropy_kurt,0.003746315254468337,spectral
FEA,spectral_slope_mean,0.0,spectral
FEA,spectral_slope_std,0.0005209159653183695,spectral
FEA,spectral_slope_min,0.0,spectral
FEA,spectral_slope_max,0.0015248163425648992,spectral
FEA,spectral_slope_median,0.00038487683977431956,spectral
FEA,spectral_slope_iqr,0.0,spectral
FEA,spectral_slope_skew,0.0003398872590124694,spectral
FEA,spectral_slope_kurt,0.0,spectral
FEA,spectral_band_0_500_mean,0.00038448411732028217,spectral
FEA,spectral_band_0_500_std,0.0009701239799690092,spectral
FEA,spectral_band_500_1000_mean,0.0,spectral
FEA,spectral_band_500_1000_std,0.0032299527977884407,spectral
FEA,spectral_band_1000_2000_mean,0.0011088316497831466,spectral
FEA,spectral_band_1000_2000_std,0.00020247902180451803,spectral
FEA,spectral_band_2000_3000_mean,0.00024763246612724527,spectral
FEA,spectral_band_2000_3000_std,0.0,spectral
FEA,spectral_band_3000_4000_mean,0.0016138169260067738,spectral
FEA,spectral_band_3000_4000_std,0.0004945752464621838,spectral
FEA,spectral_band_4000_5000_mean,0.0,spectral
FEA,spectral_band_4000_5000_std,0.0008315660999725809,spectral
FEA,spectral_band_5000_6000_mean,0.004403099608636879,spectral
FEA,spectral_band_5000_6000_std,4.918675628671685e-05,spectral
FEA,spectral_band_6000_8000_mean,0.0,spectral
FEA,spectral_band_6000_8000_std,0.001274927553658191,spectral
FEA,spectral_hf_ratio_4000_mean,0.0003030563800332151,spectral
FEA,spectral_hf_ratio_4000_std,0.002341141759385633,spectral
FEA,spectral_hf_ratio_6000_mean,0.003981374625934221,spectral
FEA,spectral_hf_ratio_6000_std,0.00044547186415916726,spectral
FEA,spectral_contrast_0_mean,0.0003818101195136056,spectral
FEA,spectral_contrast_0_std,0.0007705482778302823,spectral
FEA,spectral_contrast_1_mean,0.0007629005963487665,spectral
FEA,spectral_contrast_1_std,0.0018536067699609518,spectral
FEA,spectral_contrast_2_mean,0.0004620038312890722,spectral
FEA,spectral_contrast_2_std,0.010186278696021674,spectral
FEA,spectral_contrast_3_mean,0.0003663974476302228,spectral
FEA,spectral_contrast_3_std,0.00011907778625121454,spectral
FEA,spectral_contrast_4_mean,5.399719114452155e-05,spectral
FEA,spectral_contrast_4_std,0.0,spectral
FEA,spectral_contrast_5_mean,0.003973587354683049,spectral
FEA,spectral_contrast_5_std,0.0006183530156074664,spectral
FEA,spectral_contrast_6_mean,0.0,spectral
FEA,spectral_contrast_6_std,0.0010094642288801961,spectral
FEA,mfcc_00_mean,0.0009978856239238074,mfcc
FEA,mfcc_00_std,0.0,mfcc
FEA,mfcc_00_min,0.0,mfcc
FEA,mfcc_00_max,0.0,mfcc
FEA,mfcc_00_median,0.0,mfcc
FEA,mfcc_00_iqr,0.0,mfcc
FEA,mfcc_00_skew,3.756092395078662e-05,mfcc
FEA,mfcc_00_kurt,0.0008293714830584383,mfcc
FEA,mfcc_01_mean,0.004034492828293304,mfcc
FEA,mfcc_01_std,0.0011404608698592897,mfcc
FEA,mfcc_01_min,0.0,mfcc
FEA,mfcc_01_max,3.971924321094781e-05,mfcc
FEA,mfcc_01_median,0.0018826495973739337,mfcc
FEA,mfcc_01_iqr,0.0,mfcc
FEA,mfcc_01_skew,0.0004534691801683003,mfcc
FEA,mfcc_01_kurt,0.0007467714713951225,mfcc
FEA,mfcc_02_mean,0.0,mfcc
FEA,mfcc_02_std,0.0003392629333990036,mfcc
FEA,mfcc_02_min,0.0,mfcc
FEA,mfcc_02_max,0.0,mfcc
FEA,mfcc_02_median,0.0003173008566787589,mfcc
FEA,mfcc_02_iqr,0.0006310641923744973,mfcc
FEA,mfcc_02_skew,0.0,mfcc
FEA,mfcc_02_kurt,0.00143584701859688,mfcc
FEA,mfcc_03_mean,0.0,mfcc
FEA,mfcc_03_std,0.0004615971114608285,mfcc
FEA,mfcc_03_min,0.0014837797268106012,mfcc
FEA,mfcc_03_max,0.004093921080520621,mfcc
FEA,mfcc_03_median,0.0,mfcc
FEA,mfcc_03_iqr,8.139918341641198e-05,mfcc
FEA,mfcc_03_skew,0.0005348829991167907,mfcc
FEA,mfcc_03_kurt,0.00027600135210086637,mfcc
FEA,mfcc_04_mean,0.0,mfcc
FEA,mfcc_04_std,0.0002618799763272615,mfcc
FEA,mfcc_04_min,0.001005618291301934,mfcc
FEA,mfcc_04_max,0.0010805447042962866,mfcc
FEA,mfcc_04_median,0.00030966036444575966,mfcc
FEA,mfcc_04_iqr,0.00015192325448944475,mfcc
FEA,mfcc_04_skew,0.001948832909795152,mfcc
FEA,mfcc_04_kurt,0.0009047938417522857,mfcc
FEA,mfcc_05_mean,0.00045430375919197597,mfcc
FEA,mfcc_05_std,0.0016246107691584763,mfcc
FEA,mfcc_05_min,0.0,mfcc
FEA,mfcc_05_max,2.2296134825248667e-05,mfcc
FEA,mfcc_05_median,0.001463635883836445,mfcc
FEA,mfcc_05_iqr,0.0005298691209130677,mfcc
FEA,mfcc_05_skew,0.00042586985462889743,mfcc
FEA,mfcc_05_kurt,0.0005111323111409988,mfcc
FEA,mfcc_06_mean,0.0004761408847647944,mfcc
FEA,mfcc_06_std,0.0004350406874512897,mfcc
FEA,mfcc_06_min,0.0002714644474918062,mfcc
FEA,mfcc_06_max,0.0,mfcc
FEA,mfcc_06_median,0.0012594510331384303,mfcc
FEA,mfcc_06_iqr,0.0,mfcc
FEA,mfcc_06_skew,0.00034389917235945033,mfcc
FEA,mfcc_06_kurt,0.0,mfcc
FEA,mfcc_07_mean,0.0002819581130062382,mfcc
FEA,mfcc_07_std,0.0018230411903919007,mfcc
FEA,mfcc_07_min,0.0022342216612790057,mfcc
FEA,mfcc_07_max,0.0003220604978434029,mfcc
FEA,mfcc_07_median,0.0,mfcc
FEA,mfcc_07_iqr,0.0007983824729409177,mfcc
FEA,mfcc_07_skew,0.0,mfcc
FEA,mfcc_07_kurt,0.0005938419640332762,mfcc
FEA,mfcc_08_mean,0.00039372802002736023,mfcc
FEA,mfcc_08_std,0.00020735190792458048,mfcc
FEA,mfcc_08_min,0.0,mfcc
FEA,mfcc_08_max,0.007476013082058038,mfcc
FEA,mfcc_08_median,0.0,mfcc
FEA,mfcc_08_iqr,0.0004032229491756653,mfcc
FEA,mfcc_08_skew,0.0,mfcc
FEA,mfcc_08_kurt,0.0,mfcc
FEA,mfcc_09_mean,0.0,mfcc
FEA,mfcc_09_std,0.0,mfcc
FEA,mfcc_09_min,0.00011707019242934754,mfcc
FEA,mfcc_09_max,0.0005445387342620768,mfcc
FEA,mfcc_09_median,0.00045047906875608616,mfcc
FEA,mfcc_09_iqr,0.00015105550050090755,mfcc
FEA,mfcc_09_skew,0.0,mfcc
FEA,mfcc_09_kurt,0.0,mfcc
FEA,mfcc_10_mean,0.0002761700037965984,mfcc
FEA,mfcc_10_std,0.00014916290080735887,mfcc
FEA,mfcc_10_min,0.001069235052701722,mfcc
FEA,mfcc_10_max,8.986781651071455e-05,mfcc
FEA,mfcc_10_median,0.0007101919218090105,mfcc
FEA,mfcc_10_iqr,0.00032832303307503505,mfcc
FEA,mfcc_10_skew,0.0006881281360026695,mfcc
FEA,mfcc_10_kurt,0.0005347062458251598,mfcc
FEA,mfcc_11_mean,0.008990032829275662,mfcc
FEA,mfcc_11_std,0.00019001214700533248,mfcc
FEA,mfcc_11_min,0.0004962869475182505,mfcc
FEA,mfcc_11_max,0.00045043563143427374,mfcc
FEA,mfcc_11_median,0.00020514918702775267,mfcc
FEA,mfcc_11_iqr,0.0004804256083578606,mfcc
FEA,mfcc_11_skew,0.0009827670682557668,mfcc
FEA,mfcc_11_kurt,0.00017150355930827237,mfcc
FEA,mfcc_12_mean,0.0019881435695951635,mfcc
FEA,mfcc_12_std,0.0018559787900223395,mfcc
FEA,mfcc_12_min,0.0005778138209157198,mfcc
FEA,mfcc_12_max,0.0,mfcc
FEA,mfcc_12_median,0.0,mfcc
FEA,mfcc_12_iqr,0.0003104097493683891,mfcc
FEA,mfcc_12_skew,2.1920822812441527e-05,mfcc
FEA,mfcc_12_kurt,0.0014854527157744158,mfcc
FEA,mfcc_13_mean,0.0,mfcc
FEA,mfcc_13_std,0.0027130411402315484,mfcc
FEA,mfcc_13_min,0.0006391889662773052,mfcc
FEA,mfcc_13_max,0.0,mfcc
FEA,mfcc_13_median,1.1309225363948358e-05,mfcc
FEA,mfcc_13_iqr,0.0,mfcc
FEA,mfcc_13_skew,0.00012481442491159633,mfcc
FEA,mfcc_13_kurt,0.0,mfcc
FEA,mfcc_14_mean,0.0,mfcc
FEA,mfcc_14_std,0.0005562139753121509,mfcc
FEA,mfcc_14_min,0.0,mfcc
FEA,mfcc_14_max,0.00010797394338968516,mfcc
FEA,mfcc_14_median,0.00013562359147705716,mfcc
FEA,mfcc_14_iqr,0.00027691615760678856,mfcc
FEA,mfcc_14_skew,0.0002186119168740036,mfcc
FEA,mfcc_14_kurt,0.00022263405780502057,mfcc
FEA,mfcc_15_mean,0.0007965313655376114,mfcc
FEA,mfcc_15_std,0.001171858055689969,mfcc
FEA,mfcc_15_min,0.0008523153709621069,mfcc
FEA,mfcc_15_max,0.0002580803409336003,mfcc
FEA,mfcc_15_median,8.536905322549546e-05,mfcc
FEA,mfcc_15_iqr,0.00014088066632736337,mfcc
FEA,mfcc_15_skew,0.00025702843752267143,mfcc
FEA,mfcc_15_kurt,0.00030494892115778366,mfcc
FEA,mfcc_16_mean,0.00033780986421664633,mfcc
FEA,mfcc_16_std,0.0,mfcc
FEA,mfcc_16_min,0.0,mfcc
FEA,mfcc_16_max,0.0,mfcc
FEA,mfcc_16_median,0.0014751135702365302,mfcc
FEA,mfcc_16_iqr,0.00027138343978476046,mfcc
FEA,mfcc_16_skew,0.000801105613400607,mfcc
FEA,mfcc_16_kurt,7.580758963834904e-06,mfcc
FEA,mfcc_17_mean,0.0016022665559673125,mfcc
FEA,mfcc_17_std,0.0,mfcc
FEA,mfcc_17_min,0.0,mfcc
FEA,mfcc_17_max,0.0,mfcc
FEA,mfcc_17_median,0.00036143587471683495,mfcc
FEA,mfcc_17_iqr,0.0019248323656871132,mfcc
FEA,mfcc_17_skew,0.0,mfcc
FEA,mfcc_17_kurt,0.0006590883372167611,mfcc
FEA,mfcc_18_mean,0.0,mfcc
FEA,mfcc_18_std,0.0007389331132488376,mfcc
FEA,mfcc_18_min,0.0,mfcc
FEA,mfcc_18_max,0.0,mfcc
FEA,mfcc_18_median,0.0,mfcc
FEA,mfcc_18_iqr,5.7056139972951806e-05,mfcc
FEA,mfcc_18_skew,0.0005917395802461951,mfcc
FEA,mfcc_18_kurt,9.187715704313388e-05,mfcc
FEA,mfcc_19_mean,0.0,mfcc
FEA,mfcc_19_std,0.0003136771356156915,mfcc
FEA,mfcc_19_min,0.0,mfcc
FEA,mfcc_19_max,0.0014220371541453342,mfcc
FEA,mfcc_19_median,0.0004085806103481143,mfcc
FEA,mfcc_19_iqr,9.628914043917155e-05,mfcc
FEA,mfcc_19_skew,0.00046992016894269233,mfcc
FEA,mfcc_19_kurt,0.0,mfcc
FEA,mfcc_d1_00_mean,0.00018648985720807972,mfcc
FEA,mfcc_d1_00_std,0.0,mfcc
FEA,mfcc_d2_00_mean,0.001251755563667074,mfcc
FEA,mfcc_d2_00_std,0.00016875135901642165,mfcc
FEA,mfcc_d1_01_mean,0.0,mfcc
FEA,mfcc_d1_01_std,0.0,mfcc
FEA,mfcc_d2_01_mean,0.00017331728704577312,mfcc
FEA,mfcc_d2_01_std,0.00034508731912209734,mfcc
FEA,mfcc_d1_02_mean,0.0,mfcc
FEA,mfcc_d1_02_std,0.0005082450303584529,mfcc
FEA,mfcc_d2_02_mean,0.0,mfcc
FEA,mfcc_d2_02_std,0.0,mfcc
FEA,mfcc_d1_03_mean,0.00034533996001080935,mfcc
FEA,mfcc_d1_03_std,0.0,mfcc
FEA,mfcc_d2_03_mean,0.0005834978768041319,mfcc
FEA,mfcc_d2_03_std,0.0014745645212250727,mfcc
FEA,mfcc_d1_04_mean,0.0,mfcc
FEA,mfcc_d1_04_std,0.0,mfcc
FEA,mfcc_d2_04_mean,0.0017086929608672486,mfcc
FEA,mfcc_d2_04_std,0.0009010931462906456,mfcc
FEA,mfcc_d1_05_mean,0.0003785071640187408,mfcc
FEA,mfcc_d1_05_std,0.00033869246370181856,mfcc
FEA,mfcc_d2_05_mean,0.0,mfcc
FEA,mfcc_d2_05_std,0.000138367248287392,mfcc
FEA,mfcc_d1_06_mean,0.00027351950874001985,mfcc
FEA,mfcc_d1_06_std,0.0022692098680423575,mfcc
FEA,mfcc_d2_06_mean,0.0004824654466529795,mfcc
FEA,mfcc_d2_06_std,1.651881710727042e-05,mfcc
FEA,mfcc_d1_07_mean,0.00043812793650420775,mfcc
FEA,mfcc_d1_07_std,0.0006774832578112406,mfcc
FEA,mfcc_d2_07_mean,0.00014659383321799063,mfcc
FEA,mfcc_d2_07_std,0.0,mfcc
FEA,mfcc_d1_08_mean,0.0,mfcc
FEA,mfcc_d1_08_std,9.060858219551482e-05,mfcc
FEA,mfcc_d2_08_mean,0.0004744128641353168,mfcc
FEA,mfcc_d2_08_std,0.00018838318815316444,mfcc
FEA,mfcc_d1_09_mean,0.0003277459412744227,mfcc
FEA,mfcc_d1_09_std,0.00020622004879114104,mfcc
FEA,mfcc_d2_09_mean,0.00023120363273626296,mfcc
FEA,mfcc_d2_09_std,0.0,mfcc
FEA,mfcc_d1_10_mean,0.0,mfcc
FEA,mfcc_d1_10_std,0.00029998805738570947,mfcc
FEA,mfcc_d2_10_mean,6.7500172371504e-05,mfcc
FEA,mfcc_d2_10_std,0.0,mfcc
FEA,mfcc_d1_11_mean,0.0,mfcc
FEA,mfcc_d1_11_std,0.0007996402049644522,mfcc
FEA,mfcc_d2_11_mean,0.00014341225394540538,mfcc
FEA,mfcc_d2_11_std,0.0,mfcc
FEA,mfcc_d1_12_mean,0.0,mfcc
FEA,mfcc_d1_12_std,0.0004461292670864073,mfcc
FEA,mfcc_d2_12_mean,0.004568567122354331,mfcc
FEA,mfcc_d2_12_std,0.00027833839563689146,mfcc
FEA,mfcc_d1_13_mean,0.0,mfcc
FEA,mfcc_d1_13_std,6.0644720507817143e-05,mfcc
FEA,mfcc_d2_13_mean,0.001874809743364962,mfcc
FEA,mfcc_d2_13_std,0.0013130730557431843,mfcc
FEA,mfcc_d1_14_mean,9.710438506184397e-05,mfcc
FEA,mfcc_d1_14_std,2.989247245385352e-05,mfcc
FEA,mfcc_d2_14_mean,5.69711335832512e-05,mfcc
FEA,mfcc_d2_14_std,0.0006700368958837833,mfcc
FEA,mfcc_d1_15_mean,0.0,mfcc
FEA,mfcc_d1_15_std,0.0,mfcc
FEA,mfcc_d2_15_mean,0.001002814977052667,mfcc
FEA,mfcc_d2_15_std,0.0015043808010429436,mfcc
FEA,mfcc_d1_16_mean,0.0,mfcc
FEA,mfcc_d1_16_std,0.0013172318761327554,mfcc
FEA,mfcc_d2_16_mean,0.0,mfcc
FEA,mfcc_d2_16_std,0.00029177415965416035,mfcc
FEA,mfcc_d1_17_mean,0.00012661122074877,mfcc
FEA,mfcc_d1_17_std,0.0001539757589977723,mfcc
FEA,mfcc_d2_17_mean,0.00022580199801283443,mfcc
FEA,mfcc_d2_17_std,0.0,mfcc
FEA,mfcc_d1_18_mean,9.927752271267291e-05,mfcc
FEA,mfcc_d1_18_std,0.001578587086945856,mfcc
FEA,mfcc_d2_18_mean,0.00046246634223137673,mfcc
FEA,mfcc_d2_18_std,0.00045868731844155746,mfcc
FEA,mfcc_d1_19_mean,0.0006471507033623658,mfcc
FEA,mfcc_d1_19_std,0.0061456831675655195,mfcc
FEA,mfcc_d2_19_mean,0.0010629266713902896,mfcc
FEA,mfcc_d2_19_std,0.0,mfcc
FEA,chroma_00_mean,0.0009324382234649957,chroma
FEA,chroma_00_std,0.0009268753645438264,chroma
FEA,chroma_01_mean,0.0006004032435146012,chroma
FEA,chroma_01_std,0.0,chroma
FEA,chroma_02_mean,0.0,chroma
FEA,chroma_02_std,0.0005483442007833598,chroma
FEA,chroma_03_mean,0.0,chroma
FEA,chroma_03_std,0.0,chroma
FEA,chroma_04_mean,0.0,chroma
FEA,chroma_04_std,0.00014834852877713823,chroma
FEA,chroma_05_mean,3.677109309772721e-05,chroma
FEA,chroma_05_std,0.0,chroma
FEA,chroma_06_mean,0.00021175430743698866,chroma
FEA,chroma_06_std,0.0,chroma
FEA,chroma_07_mean,0.00025136640450085067,chroma
FEA,chroma_07_std,0.0,chroma
FEA,chroma_08_mean,0.0008439608413480407,chroma
FEA,chroma_08_std,0.0025709779643395625,chroma
FEA,chroma_09_mean,0.0003922600707904408,chroma
FEA,chroma_09_std,0.0010362309010812094,chroma
FEA,chroma_10_mean,7.972052281654321e-05,chroma
FEA,chroma_10_std,0.0007758332708852697,chroma
FEA,chroma_11_mean,0.0003145047836211491,chroma
FEA,chroma_11_std,0.0010827122826703795,chroma
FEA,prosody_f0_mean,0.0015223404792980215,prosody
FEA,prosody_f0_std,0.0013474339393539972,prosody
FEA,prosody_f0_min,0.0003623754004524993,prosody
FEA,prosody_f0_max,0.0,prosody
FEA,prosody_f0_median,12824374378270.24,prosody
FEA,prosody_f0_iqr,0.00013347689136925143,prosody
FEA,prosody_f0_skew,0.00963376415602375,prosody
FEA,prosody_f0_kurt,0.0003958440357868477,prosody
FEA,prosody_voiced_fraction,0.0013307767218136463,prosody
FEA,prosody_f0_slope_abs_mean,0.0,prosody
FEA,prosody_n_voiced_segments,2.856980881668404e-05,prosody
FEA,prosody_voiced_rate_per_s,0.0005533608535483582,prosody
FEA,prosody_mean_voiced_seg_s,0.0016847430146719646,prosody
FEA,prosody_pause_fraction,0.0,prosody
FEA,prosody_jitter_local,0.0005907239162466935,prosody
FEA,prosody_jitter_rap,0.0004975572724363297,prosody
FEA,prosody_jitter_ppq5,0.0008904189431515456,prosody
FEA,prosody_jitter_ddp,0.0012286018952454654,prosody
FEA,prosody_shimmer_local,0.0008704582037832839,prosody
FEA,prosody_shimmer_localdb,0.0008156864433519382,prosody
FEA,prosody_shimmer_apq3,0.0,prosody
FEA,prosody_shimmer_apq5,4.777854036511379e-05,prosody
FEA,prosody_shimmer_apq11,4.8952891486961354e-05,prosody
FEA,prosody_shimmer_dda,0.0,prosody
FEA,prosody_hnr_mean,0.0005570936457626391,prosody
FEA,prosody_hnr_std,0.0009891510747342806,prosody
FEA,prosody_hnr_min,0.0017968478292939944,prosody
FEA,prosody_hnr_max,0.0,prosody
FEA,prosody_hnr_median,0.0,prosody
FEA,prosody_f1_mean,0.0001250171488999446,prosody
FEA,prosody_f1_std,0.0,prosody
FEA,prosody_f1_median,0.0011470220193309831,prosody
FEA,prosody_f1_bw_median,0.002537242877940499,prosody
FEA,prosody_f2_mean,0.001733337517571041,prosody
FEA,prosody_f2_std,0.0,prosody
FEA,prosody_f2_median,0.0,prosody
FEA,prosody_f2_bw_median,0.0,prosody
FEA,prosody_f3_mean,0.001368035316804592,prosody
FEA,prosody_f3_std,5.294206573231892e-05,prosody
FEA,prosody_f3_median,0.0,prosody
FEA,prosody_f3_bw_median,0.0027119851882581353,prosody
FEA,prosody_f4_mean,0.000560904569025428,prosody
FEA,prosody_f4_std,0.0004549690208699802,prosody
FEA,prosody_f4_median,0.0,prosody
FEA,prosody_f5_mean,0.0,prosody
FEA,prosody_f5_std,3.7455167827927147e-05,prosody
FEA,prosody_f5_median,0.0,prosody
FEA,prosody_intensity_mean,0.0003355805038115402,prosody
FEA,prosody_intensity_std,0.0,prosody
FEA,prosody_intensity_min,0.0,prosody
FEA,prosody_intensity_max,0.00048235715419904095,prosody
FEA,prosody_intensity_median,0.0,prosody
FEA,prosody_intensity_iqr,0.0025572683091542314,prosody
FEA,prosody_intensity_skew,0.0017256520157561699,prosody
FEA,prosody_intensity_kurt,0.00029276122351570784,prosody
FEA,prosody_cpps,0.006355398682883762,prosody
HAP,duration_s,0.0038435253157644623,other
HAP,peak_amplitude,0.0006003688669005581,other
HAP,spectral_centroid_mean,0.0,spectral
HAP,spectral_centroid_std,0.0009022767879648238,spectral
HAP,spectral_centroid_min,0.00033059024850255633,spectral
HAP,spectral_centroid_max,0.0,spectral
HAP,spectral_centroid_median,0.0005351131073263452,spectral
HAP,spectral_centroid_iqr,0.0025286354787877443,spectral
HAP,spectral_centroid_skew,0.000340891284674561,spectral
HAP,spectral_centroid_kurt,0.00012918810073953623,spectral
HAP,spectral_bandwidth_mean,0.0005549663623720168,spectral
HAP,spectral_bandwidth_std,3.2432680903984506e-05,spectral
HAP,spectral_bandwidth_min,0.0018642170598692609,spectral
HAP,spectral_bandwidth_max,0.0010069790600816136,spectral
HAP,spectral_bandwidth_median,0.0,spectral
HAP,spectral_bandwidth_iqr,0.000556188524265496,spectral
HAP,spectral_bandwidth_skew,0.00046450154176214364,spectral
HAP,spectral_bandwidth_kurt,0.0005773043864390668,spectral
HAP,spectral_rolloff85_mean,0.0009139388151082811,spectral
HAP,spectral_rolloff85_std,0.0,spectral
HAP,spectral_rolloff85_min,0.0005996995019670297,spectral
HAP,spectral_rolloff85_max,0.0002466632226785436,spectral
HAP,spectral_rolloff85_median,0.0006178643274053515,spectral
HAP,spectral_rolloff85_iqr,0.0003654300020794514,spectral
HAP,spectral_rolloff85_skew,0.00022157678158144222,spectral
HAP,spectral_rolloff85_kurt,0.000509823092261171,spectral
HAP,spectral_rolloff95_mean,0.0,spectral
HAP,spectral_rolloff95_std,0.000310075706672054,spectral
HAP,spectral_rolloff95_min,0.0,spectral
HAP,spectral_rolloff95_max,0.0016669664036132513,spectral
HAP,spectral_rolloff95_median,0.0,spectral
HAP,spectral_rolloff95_iqr,0.0,spectral
HAP,spectral_rolloff95_skew,0.0,spectral
HAP,spectral_rolloff95_kurt,0.0006482582747620209,spectral
HAP,spectral_flatness_mean,0.0005296237114132803,spectral
HAP,spectral_flatness_std,0.0016664612090925928,spectral
HAP,spectral_flatness_min,0.0002453238384033607,spectral
HAP,spectral_flatness_max,7.543180272068096e-05,spectral
HAP,spectral_flatness_median,0.0,spectral
HAP,spectral_flatness_iqr,0.0017450996342435747,spectral
HAP,spectral_flatness_skew,3.354844120340052e-05,spectral
HAP,spectral_flatness_kurt,0.0,spectral
HAP,spectral_zcr_mean,0.0009566052294759179,spectral
HAP,spectral_zcr_std,0.00022079235354357884,spectral
HAP,spectral_zcr_min,0.00033135008473080034,spectral
HAP,spectral_zcr_max,0.0006326351937963498,spectral
HAP,spectral_zcr_median,0.0,spectral
HAP,spectral_zcr_iqr,0.0,spectral
HAP,spectral_zcr_skew,0.0002977865408434441,spectral
HAP,spectral_zcr_kurt,0.0,spectral
HAP,spectral_rms_mean,0.00011778168294484968,spectral
HAP,spectral_rms_std,0.0,spectral
HAP,spectral_rms_min,0.0013544238433701008,spectral
HAP,spectral_rms_max,5.7988661172350804e-05,spectral
HAP,spectral_rms_median,0.0,spectral
HAP,spectral_rms_iqr,0.00012405034151050649,spectral
HAP,spectral_rms_skew,0.000137638301713848,spectral
HAP,spectral_rms_kurt,0.0,spectral
HAP,spectral_flux_mean,0.0005833314079758803,spectral
HAP,spectral_flux_std,0.0005976947565201248,spectral
HAP,spectral_flux_min,0.0,spectral
HAP,spectral_flux_max,0.0,spectral
HAP,spectral_flux_median,0.0019915662551607373,spectral
HAP,spectral_flux_iqr,0.0026457491396283312,spectral
HAP,spectral_flux_skew,0.0,spectral
HAP,spectral_flux_kurt,4.8591751717486025e-05,spectral
HAP,spectral_entropy_mean,0.0002885046208550523,spectral
HAP,spectral_entropy_std,0.00017513319385514041,spectral
HAP,spectral_entropy_min,0.00012002369835008491,spectral
HAP,spectral_entropy_max,0.001993224225431593,spectral
HAP,spectral_entropy_median,0.000662596583599503,spectral
HAP,spectral_entropy_iqr,0.0014707345396612376,spectral
HAP,spectral_entropy_skew,0.0,spectral
HAP,spectral_entropy_kurt,0.00206152133566715,spectral
HAP,spectral_slope_mean,0.0008854382409887414,spectral
HAP,spectral_slope_std,0.00036692873949652763,spectral
HAP,spectral_slope_min,0.0,spectral
HAP,spectral_slope_max,0.0004227691787423295,spectral
HAP,spectral_slope_median,0.0,spectral
HAP,spectral_slope_iqr,0.0006413732312308416,spectral
HAP,spectral_slope_skew,0.00012434169834032484,spectral
HAP,spectral_slope_kurt,0.002772424600140071,spectral
HAP,spectral_band_0_500_mean,4.8427761128963786e-05,spectral
HAP,spectral_band_0_500_std,0.0007732793151932574,spectral
HAP,spectral_band_500_1000_mean,0.0008553730767120329,spectral
HAP,spectral_band_500_1000_std,0.0005353649744347,spectral
HAP,spectral_band_1000_2000_mean,0.0,spectral
HAP,spectral_band_1000_2000_std,0.0,spectral
HAP,spectral_band_2000_3000_mean,0.0001750006515166032,spectral
HAP,spectral_band_2000_3000_std,0.0008689761101483115,spectral
HAP,spectral_band_3000_4000_mean,0.0010945033862520535,spectral
HAP,spectral_band_3000_4000_std,0.00284474665101609,spectral
HAP,spectral_band_4000_5000_mean,0.0005958750780286636,spectral
HAP,spectral_band_4000_5000_std,0.0014578877958938252,spectral
HAP,spectral_band_5000_6000_mean,0.0006397190414590998,spectral
HAP,spectral_band_5000_6000_std,0.00017880328691527564,spectral
HAP,spectral_band_6000_8000_mean,0.00039837383091700213,spectral
HAP,spectral_band_6000_8000_std,0.0007145286816127593,spectral
HAP,spectral_hf_ratio_4000_mean,0.0,spectral
HAP,spectral_hf_ratio_4000_std,0.0008582803132050243,spectral
HAP,spectral_hf_ratio_6000_mean,0.00035363575213451053,spectral
HAP,spectral_hf_ratio_6000_std,0.00022772949089060277,spectral
HAP,spectral_contrast_0_mean,0.0,spectral
HAP,spectral_contrast_0_std,0.000649951291705252,spectral
HAP,spectral_contrast_1_mean,0.0006372199472876319,spectral
HAP,spectral_contrast_1_std,0.0,spectral
HAP,spectral_contrast_2_mean,0.00027534324882508494,spectral
HAP,spectral_contrast_2_std,0.0,spectral
HAP,spectral_contrast_3_mean,0.0,spectral
HAP,spectral_contrast_3_std,0.0004889285222554785,spectral
HAP,spectral_contrast_4_mean,0.0021468744705400015,spectral
HAP,spectral_contrast_4_std,0.002947149832220024,spectral
HAP,spectral_contrast_5_mean,0.0014981008281008668,spectral
HAP,spectral_contrast_5_std,0.0023188229185907992,spectral
HAP,spectral_contrast_6_mean,0.0,spectral
HAP,spectral_contrast_6_std,0.00014399514259880763,spectral
HAP,mfcc_00_mean,0.0001915478443492944,mfcc
HAP,mfcc_00_std,0.0,mfcc
HAP,mfcc_00_min,0.0009299380096430724,mfcc
HAP,mfcc_00_max,0.0004082108928672466,mfcc
HAP,mfcc_00_median,0.0026203900765570864,mfcc
HAP,mfcc_00_iqr,0.0005742891418644588,mfcc
HAP,mfcc_00_skew,0.0003460547415327806,mfcc
HAP,mfcc_00_kurt,0.0008342337280564046,mfcc
HAP,mfcc_01_mean,0.0,mfcc
HAP,mfcc_01_std,0.0,mfcc
HAP,mfcc_01_min,0.0003273614559057766,mfcc
HAP,mfcc_01_max,0.0,mfcc
HAP,mfcc_01_median,0.0,mfcc
HAP,mfcc_01_iqr,0.00019378794590913626,mfcc
HAP,mfcc_01_skew,0.0005556562094135531,mfcc
HAP,mfcc_01_kurt,0.0,mfcc
HAP,mfcc_02_mean,0.00039970585636586026,mfcc
HAP,mfcc_02_std,0.0002926109780327891,mfcc
HAP,mfcc_02_min,0.0,mfcc
HAP,mfcc_02_max,0.0,mfcc
HAP,mfcc_02_median,0.001295515329851722,mfcc
HAP,mfcc_02_iqr,0.001664379274663104,mfcc
HAP,mfcc_02_skew,0.0013590134831372581,mfcc
HAP,mfcc_02_kurt,0.002440307354161495,mfcc
HAP,mfcc_03_mean,0.0007113713490464711,mfcc
HAP,mfcc_03_std,0.0003809175439769842,mfcc
HAP,mfcc_03_min,0.0007770528444366762,mfcc
HAP,mfcc_03_max,0.0002731748271570285,mfcc
HAP,mfcc_03_median,0.0017911625645466722,mfcc
HAP,mfcc_03_iqr,0.00111588163657681,mfcc
HAP,mfcc_03_skew,0.0009134119911846148,mfcc
HAP,mfcc_03_kurt,0.00015896634987977513,mfcc
HAP,mfcc_04_mean,0.000505113613701621,mfcc
HAP,mfcc_04_std,0.0005121256657055139,mfcc
HAP,mfcc_04_min,0.0,mfcc
HAP,mfcc_04_max,0.0009161848003856848,mfcc
HAP,mfcc_04_median,0.0,mfcc
HAP,mfcc_04_iqr,0.0015290001825467173,mfcc
HAP,mfcc_04_skew,0.000129758788630246,mfcc
HAP,mfcc_04_kurt,1.475641132574689e-05,mfcc
HAP,mfcc_05_mean,0.0,mfcc
HAP,mfcc_05_std,0.0,mfcc
HAP,mfcc_05_min,0.00034930641423902423,mfcc
HAP,mfcc_05_max,0.0004901431389481637,mfcc
HAP,mfcc_05_median,0.00015139076170639688,mfcc
HAP,mfcc_05_iqr,0.0014124024742869742,mfcc
HAP,mfcc_05_skew,0.0,mfcc
HAP,mfcc_05_kurt,0.00027895474139330443,mfcc
HAP,mfcc_06_mean,0.000909893045531528,mfcc
HAP,mfcc_06_std,0.0,mfcc
HAP,mfcc_06_min,0.0004047901565280071,mfcc
HAP,mfcc_06_max,0.00010802833498769824,mfcc
HAP,mfcc_06_median,0.00017675434381942787,mfcc
HAP,mfcc_06_iqr,0.0001162351649831714,mfcc
HAP,mfcc_06_skew,3.064149844315042e-05,mfcc
HAP,mfcc_06_kurt,0.0005688290018426025,mfcc
HAP,mfcc_07_mean,0.0015800338723771568,mfcc
HAP,mfcc_07_std,9.791735151989923e-05,mfcc
HAP,mfcc_07_min,0.0006585043580289049,mfcc
HAP,mfcc_07_max,0.0,mfcc
HAP,mfcc_07_median,0.00048787666611015064,mfcc
HAP,mfcc_07_iqr,0.0,mfcc
HAP,mfcc_07_skew,0.0,mfcc
HAP,mfcc_07_kurt,0.0008976930474605796,mfcc
HAP,mfcc_08_mean,2.213664861760499e-05,mfcc
HAP,mfcc_08_std,0.0004722868366116069,mfcc
HAP,mfcc_08_min,0.003472307663978959,mfcc
HAP,mfcc_08_max,0.00021653420468571556,mfcc
HAP,mfcc_08_median,0.0003949193425794495,mfcc
HAP,mfcc_08_iqr,0.00012680956215009492,mfcc
HAP,mfcc_08_skew,0.0023093651742060084,mfcc
HAP,mfcc_08_kurt,0.0,mfcc
HAP,mfcc_09_mean,0.0,mfcc
HAP,mfcc_09_std,0.0,mfcc
HAP,mfcc_09_min,0.00019725711062446708,mfcc
HAP,mfcc_09_max,0.0017043759335027878,mfcc
HAP,mfcc_09_median,0.00015759265519004793,mfcc
HAP,mfcc_09_iqr,0.0,mfcc
HAP,mfcc_09_skew,0.0,mfcc
HAP,mfcc_09_kurt,0.00019544117851341415,mfcc
HAP,mfcc_10_mean,0.0012694375298203395,mfcc
HAP,mfcc_10_std,0.0,mfcc
HAP,mfcc_10_min,0.0,mfcc
HAP,mfcc_10_max,0.0,mfcc
HAP,mfcc_10_median,0.0010542493621648167,mfcc
HAP,mfcc_10_iqr,0.0005984868531364137,mfcc
HAP,mfcc_10_skew,0.001814069151590011,mfcc
HAP,mfcc_10_kurt,0.0,mfcc
HAP,mfcc_11_mean,9.729291759395927e-05,mfcc
HAP,mfcc_11_std,0.0,mfcc
HAP,mfcc_11_min,0.0006874361111545464,mfcc
HAP,mfcc_11_max,0.0005691281250981913,mfcc
HAP,mfcc_11_median,0.00021041060653336386,mfcc
HAP,mfcc_11_iqr,0.0007993214170358444,mfcc
HAP,mfcc_11_skew,0.0,mfcc
HAP,mfcc_11_kurt,0.0029577306575254573,mfcc
HAP,mfcc_12_mean,0.0,mfcc
HAP,mfcc_12_std,0.0,mfcc
HAP,mfcc_12_min,0.0,mfcc
HAP,mfcc_12_max,0.0010159471050168868,mfcc
HAP,mfcc_12_median,0.00034639900836874965,mfcc
HAP,mfcc_12_iqr,0.00030075211990775977,mfcc
HAP,mfcc_12_skew,0.0004364163587553885,mfcc
HAP,mfcc_12_kurt,0.001152552312688802,mfcc
HAP,mfcc_13_mean,0.0008385949505644194,mfcc
HAP,mfcc_13_std,0.0008874995603968429,mfcc
HAP,mfcc_13_min,0.00041796683762285186,mfcc
HAP,mfcc_13_max,0.0,mfcc
HAP,mfcc_13_median,0.0008161047708161419,mfcc
HAP,mfcc_13_iqr,7.627969226089251e-05,mfcc
HAP,mfcc_13_skew,0.00026013267002005083,mfcc
HAP,mfcc_13_kurt,0.0,mfcc
HAP,mfcc_14_mean,0.0005788588215755535,mfcc
HAP,mfcc_14_std,0.0,mfcc
HAP,mfcc_14_min,0.0003221919901191139,mfcc
HAP,mfcc_14_max,0.00032252995801317427,mfcc
HAP,mfcc_14_median,0.00038389927586410407,mfcc
HAP,mfcc_14_iqr,0.0003264396424489114,mfcc
HAP,mfcc_14_skew,0.0002749754920520999,mfcc
HAP,mfcc_14_kurt,0.0006397444519924208,mfcc
HAP,mfcc_15_mean,0.0,mfcc
HAP,mfcc_15_std,0.00017587136335790954,mfcc
HAP,mfcc_15_min,0.0007582611461836419,mfcc
HAP,mfcc_15_max,0.000729907390423583,mfcc
HAP,mfcc_15_median,0.00019507042354392675,mfcc
HAP,mfcc_15_iqr,0.0004383000500437365,mfcc
HAP,mfcc_15_skew,0.0006674869351357758,mfcc
HAP,mfcc_15_kurt,0.0002173753299737083,mfcc
HAP,mfcc_16_mean,0.0,mfcc
HAP,mfcc_16_std,0.00036660630395525203,mfcc
HAP,mfcc_16_min,0.0025398608938823394,mfcc
HAP,mfcc_16_max,0.0022276938386705356,mfcc
HAP,mfcc_16_median,0.0,mfcc
HAP,mfcc_16_iqr,4.572037589142958e-05,mfcc
HAP,mfcc_16_skew,0.0,mfcc
HAP,mfcc_16_kurt,0.0,mfcc
HAP,mfcc_17_mean,0.0014946036206822876,mfcc
HAP,mfcc_17_std,0.0,mfcc
HAP,mfcc_17_min,0.0007387411369791288,mfcc
HAP,mfcc_17_max,0.0002677712505721342,mfcc
HAP,mfcc_17_median,0.0,mfcc
HAP,mfcc_17_iqr,0.0,mfcc
HAP,mfcc_17_skew,0.0015340655068398134,mfcc
HAP,mfcc_17_kurt,0.000237124171179856,mfcc
HAP,mfcc_18_mean,8.966666951241318e-05,mfcc
HAP,mfcc_18_std,3.28025989157372e-05,mfcc
HAP,mfcc_18_min,0.0012682250900100988,mfcc
HAP,mfcc_18_max,0.0,mfcc
HAP,mfcc_18_median,8.314153219381066e-05,mfcc
HAP,mfcc_18_iqr,0.0,mfcc
HAP,mfcc_18_skew,0.0,mfcc
HAP,mfcc_18_kurt,0.0,mfcc
HAP,mfcc_19_mean,0.0007956025798813331,mfcc
HAP,mfcc_19_std,0.0,mfcc
HAP,mfcc_19_min,0.0006087217019453328,mfcc
HAP,mfcc_19_max,6.89031906519202e-05,mfcc
HAP,mfcc_19_median,0.0032146323084189577,mfcc
HAP,mfcc_19_iqr,0.0,mfcc
HAP,mfcc_19_skew,0.0004190477986672701,mfcc
HAP,mfcc_19_kurt,0.00011116912539329674,mfcc
HAP,mfcc_d1_00_mean,0.0,mfcc
HAP,mfcc_d1_00_std,0.001946877293588483,mfcc
HAP,mfcc_d2_00_mean,0.0006231466080999697,mfcc
HAP,mfcc_d2_00_std,0.0007012910390782702,mfcc
HAP,mfcc_d1_01_mean,0.0,mfcc
HAP,mfcc_d1_01_std,0.0015205861788911315,mfcc
HAP,mfcc_d2_01_mean,0.0004313993908314405,mfcc
HAP,mfcc_d2_01_std,0.0007757502390549895,mfcc
HAP,mfcc_d1_02_mean,0.0,mfcc
HAP,mfcc_d1_02_std,0.000462660654992493,mfcc
HAP,mfcc_d2_02_mean,0.0,mfcc
HAP,mfcc_d2_02_std,4.123414587399491e-05,mfcc
HAP,mfcc_d1_03_mean,0.0,mfcc
HAP,mfcc_d1_03_std,0.00021290705324248881,mfcc
HAP,mfcc_d2_03_mean,0.00017921302126166583,mfcc
HAP,mfcc_d2_03_std,0.0004036948717354054,mfcc
HAP,mfcc_d1_04_mean,0.00030762468581951337,mfcc
HAP,mfcc_d1_04_std,8.337993979582124e-05,mfcc
HAP,mfcc_d2_04_mean,0.0,mfcc
HAP,mfcc_d2_04_std,0.0006282254419735316,mfcc
HAP,mfcc_d1_05_mean,0.0014127239121206334,mfcc
HAP,mfcc_d1_05_std,0.0,mfcc
HAP,mfcc_d2_05_mean,0.00014349644361267967,mfcc
HAP,mfcc_d2_05_std,0.000380815180807724,mfcc
HAP,mfcc_d1_06_mean,0.00019246048130650267,mfcc
HAP,mfcc_d1_06_std,0.001148668205653961,mfcc
HAP,mfcc_d2_06_mean,0.001154945822877551,mfcc
HAP,mfcc_d2_06_std,0.0006487629334200948,mfcc
HAP,mfcc_d1_07_mean,0.0,mfcc
HAP,mfcc_d1_07_std,6.242500692928137e-05,mfcc
HAP,mfcc_d2_07_mean,0.0009988735054426482,mfcc
HAP,mfcc_d2_07_std,0.002102981803154956,mfcc
HAP,mfcc_d1_08_mean,0.00010417722764565935,mfcc
HAP,mfcc_d1_08_std,0.0004760771821986168,mfcc
HAP,mfcc_d2_08_mean,0.0005734396572260181,mfcc
HAP,mfcc_d2_08_std,0.0013985485338883024,mfcc
HAP,mfcc_d1_09_mean,0.0009836353701935328,mfcc
HAP,mfcc_d1_09_std,5.220093685761442e-05,mfcc
HAP,mfcc_d2_09_mean,0.00037437819182969284,mfcc
HAP,mfcc_d2_09_std,0.0001456183968546225,mfcc
HAP,mfcc_d1_10_mean,0.0005511158174225742,mfcc
HAP,mfcc_d1_10_std,0.0006976604033853344,mfcc
HAP,mfcc_d2_10_mean,0.0004378048438740248,mfcc
HAP,mfcc_d2_10_std,4.393894361940068e-05,mfcc
HAP,mfcc_d1_11_mean,0.0018464421151598537,mfcc
HAP,mfcc_d1_11_std,0.001820547231140892,mfcc
HAP,mfcc_d2_11_mean,0.00028155494755928933,mfcc
HAP,mfcc_d2_11_std,0.0,mfcc
HAP,mfcc_d1_12_mean,0.0,mfcc
HAP,mfcc_d1_12_std,0.0002585239535224299,mfcc
HAP,mfcc_d2_12_mean,0.0002980477583555444,mfcc
HAP,mfcc_d2_12_std,0.0007201427083033537,mfcc
HAP,mfcc_d1_13_mean,0.0012852894279599106,mfcc
HAP,mfcc_d1_13_std,0.0,mfcc
HAP,mfcc_d2_13_mean,0.0007866491364356801,mfcc
HAP,mfcc_d2_13_std,0.00019657243611695944,mfcc
HAP,mfcc_d1_14_mean,0.0006392510127624287,mfcc
HAP,mfcc_d1_14_std,0.0009595672948253549,mfcc
HAP,mfcc_d2_14_mean,3.4097368557872036e-05,mfcc
HAP,mfcc_d2_14_std,0.0007586716318277946,mfcc
HAP,mfcc_d1_15_mean,0.00029302906630352917,mfcc
HAP,mfcc_d1_15_std,0.0,mfcc
HAP,mfcc_d2_15_mean,0.0,mfcc
HAP,mfcc_d2_15_std,2.723338934049001e-05,mfcc
HAP,mfcc_d1_16_mean,0.0004012401710104679,mfcc
HAP,mfcc_d1_16_std,0.0003902286155057884,mfcc
HAP,mfcc_d2_16_mean,0.0007595087626488479,mfcc
HAP,mfcc_d2_16_std,0.0,mfcc
HAP,mfcc_d1_17_mean,0.0,mfcc
HAP,mfcc_d1_17_std,0.0004023324337139494,mfcc
HAP,mfcc_d2_17_mean,0.0,mfcc
HAP,mfcc_d2_17_std,0.0,mfcc
HAP,mfcc_d1_18_mean,0.0004562949766235766,mfcc
HAP,mfcc_d1_18_std,0.0,mfcc
HAP,mfcc_d2_18_mean,0.0,mfcc
HAP,mfcc_d2_18_std,0.00019474218238536118,mfcc
HAP,mfcc_d1_19_mean,0.0002565151477763339,mfcc
HAP,mfcc_d1_19_std,0.00043203434173699496,mfcc
HAP,mfcc_d2_19_mean,0.0004306668071469428,mfcc
HAP,mfcc_d2_19_std,0.0009989569875034968,mfcc
HAP,chroma_00_mean,0.00024099134371846073,chroma
HAP,chroma_00_std,0.000773890255711588,chroma
HAP,chroma_01_mean,0.0014779311050568214,chroma
HAP,chroma_01_std,0.00027179495288041103,chroma
HAP,chroma_02_mean,7.04932249370777e-05,chroma
HAP,chroma_02_std,0.0,chroma
HAP,chroma_03_mean,0.0006304115241046428,chroma
HAP,chroma_03_std,0.0003155475973670823,chroma
HAP,chroma_04_mean,0.0,chroma
HAP,chroma_04_std,0.0004821309608922456,chroma
HAP,chroma_05_mean,0.00012064675648365028,chroma
HAP,chroma_05_std,0.0004514075944730176,chroma
HAP,chroma_06_mean,0.00043798584567449,chroma
HAP,chroma_06_std,0.0,chroma
HAP,chroma_07_mean,0.0,chroma
HAP,chroma_07_std,0.0,chroma
HAP,chroma_08_mean,0.00039317238299785257,chroma
HAP,chroma_08_std,0.0,chroma
HAP,chroma_09_mean,0.00017124173880105496,chroma
HAP,chroma_09_std,0.0004374061708367572,chroma
HAP,chroma_10_mean,0.0011302135347116304,chroma
HAP,chroma_10_std,0.00010575926613278913,chroma
HAP,chroma_11_mean,0.0,chroma
HAP,chroma_11_std,0.0,chroma
HAP,prosody_f0_mean,0.000751062327077431,prosody
HAP,prosody_f0_std,0.00289978478851436,prosody
HAP,prosody_f0_min,0.0004947506226046137,prosody
HAP,prosody_f0_max,0.00035006789093799365,prosody
HAP,prosody_f0_median,0.0005836276872588427,prosody
HAP,prosody_f0_iqr,0.0011874740205418959,prosody
HAP,prosody_f0_skew,8.91155509335385e-05,prosody
HAP,prosody_f0_kurt,0.0007491413307094367,prosody
HAP,prosody_voiced_fraction,0.0010236668928657084,prosody
HAP,prosody_f0_slope_abs_mean,9.064426847126372e-05,prosody
HAP,prosody_n_voiced_segments,0.000503271475136056,prosody
HAP,prosody_voiced_rate_per_s,0.0,prosody
HAP,prosody_mean_voiced_seg_s,0.0004438141356941884,prosody
HAP,prosody_pause_fraction,0.0007700130911052468,prosody
HAP,prosody_jitter_local,0.0,prosody
HAP,prosody_jitter_rap,0.00023035706108444747,prosody
HAP,prosody_jitter_ppq5,0.000902639220511683,prosody
HAP,prosody_jitter_ddp,0.0,prosody
HAP,prosody_shimmer_local,0.00018365010955433364,prosody
HAP,prosody_shimmer_localdb,0.0006944406192555233,prosody
HAP,prosody_shimmer_apq3,0.000508791154584645,prosody
HAP,prosody_shimmer_apq5,0.0009004239960018301,prosody
HAP,prosody_shimmer_apq11,0.0003688550474518466,prosody
HAP,prosody_shimmer_dda,0.0,prosody
HAP,prosody_hnr_mean,7.020759003463214e-05,prosody
HAP,prosody_hnr_std,0.001181879587284523,prosody
HAP,prosody_hnr_min,0.00027141602827740127,prosody
HAP,prosody_hnr_max,0.0006811369062866195,prosody
HAP,prosody_hnr_median,0.0006310970084627524,prosody
HAP,prosody_f1_mean,0.0,prosody
HAP,prosody_f1_std,0.0003374375621101757,prosody
HAP,prosody_f1_median,0.0,prosody
HAP,prosody_f1_bw_median,0.0012018998236111235,prosody
HAP,prosody_f2_mean,0.0,prosody
HAP,prosody_f2_std,0.0009049956866150567,prosody
HAP,prosody_f2_median,0.0009104173858535534,prosody
HAP,prosody_f2_bw_median,0.0009616662356658219,prosody
HAP,prosody_f3_mean,0.0005107796529596104,prosody
HAP,prosody_f3_std,0.0005686865488009625,prosody
HAP,prosody_f3_median,0.0,prosody
HAP,prosody_f3_bw_median,0.000275639866390115,prosody
HAP,prosody_f4_mean,6.23382827152205e-05,prosody
HAP,prosody_f4_std,0.0004925757457165884,prosody
HAP,prosody_f4_median,0.0,prosody
HAP,prosody_f5_mean,0.00014201347224448174,prosody
HAP,prosody_f5_std,0.000562545885926123,prosody
HAP,prosody_f5_median,0.0002788982545604956,prosody
HAP,prosody_intensity_mean,4.492141277895337e-05,prosody
HAP,prosody_intensity_std,0.00032494361114758746,prosody
HAP,prosody_intensity_min,0.00035390184171440656,prosody
HAP,prosody_intensity_max,0.0,prosody
HAP,prosody_intensity_median,0.0,prosody
HAP,prosody_intensity_iqr,6.377183146160312e-05,prosody
HAP,prosody_intensity_skew,0.0,prosody
HAP,prosody_intensity_kurt,0.0008225720394973836,prosody
HAP,prosody_cpps,0.0002127019905099348,prosody
NEU,duration_s,0.005639516438084857,other
NEU,peak_amplitude,0.00028993111800640326,other
NEU,spectral_centroid_mean,0.0,spectral
NEU,spectral_centroid_std,0.0,spectral
NEU,spectral_centroid_min,0.0011407784879602172,spectral
NEU,spectral_centroid_max,0.002299063486394361,spectral
NEU,spectral_centroid_median,0.000898345664265592,spectral
NEU,spectral_centroid_iqr,0.0,spectral
NEU,spectral_centroid_skew,0.0008205330274042637,spectral
NEU,spectral_centroid_kurt,0.0,spectral
NEU,spectral_bandwidth_mean,0.0006603540439369494,spectral
NEU,spectral_bandwidth_std,0.0002602701031041513,spectral
NEU,spectral_bandwidth_min,0.0,spectral
NEU,spectral_bandwidth_max,0.00019174045611221509,spectral
NEU,spectral_bandwidth_median,0.0,spectral
NEU,spectral_bandwidth_iqr,0.0,spectral
NEU,spectral_bandwidth_skew,0.0005006757635032736,spectral
NEU,spectral_bandwidth_kurt,0.0014507604244891456,spectral
NEU,spectral_rolloff85_mean,0.0019162155534137863,spectral
NEU,spectral_rolloff85_std,0.0,spectral
NEU,spectral_rolloff85_min,0.0,spectral
NEU,spectral_rolloff85_max,0.0,spectral
NEU,spectral_rolloff85_median,0.0,spectral
NEU,spectral_rolloff85_iqr,0.002892904978728531,spectral
NEU,spectral_rolloff85_skew,0.0,spectral
NEU,spectral_rolloff85_kurt,0.001276761080111627,spectral
NEU,spectral_rolloff95_mean,0.00013702822800793852,spectral
NEU,spectral_rolloff95_std,0.0,spectral
NEU,spectral_rolloff95_min,0.0012261702369772485,spectral
NEU,spectral_rolloff95_max,0.0010422648514396336,spectral
NEU,spectral_rolloff95_median,0.0,spectral
NEU,spectral_rolloff95_iqr,0.0006742897956416702,spectral
NEU,spectral_rolloff95_skew,0.00012150925446940638,spectral
NEU,spectral_rolloff95_kurt,0.000756540562786793,spectral
NEU,spectral_flatness_mean,0.0010360803513789073,spectral
NEU,spectral_flatness_std,0.0031228628304876913,spectral
NEU,spectral_flatness_min,0.00020465732541432061,spectral
NEU,spectral_flatness_max,0.0014637315770201873,spectral
NEU,spectral_flatness_median,0.0013890462906765526,spectral
NEU,spectral_flatness_iqr,0.0003576879373749358,spectral
NEU,spectral_flatness_skew,0.0007359553852479254,spectral
NEU,spectral_flatness_kurt,0.0007724534389075093,spectral
NEU,spectral_zcr_mean,0.0,spectral
NEU,spectral_zcr_std,0.00014439295561280804,spectral
NEU,spectral_zcr_min,0.0006544274029309051,spectral
NEU,spectral_zcr_max,0.00102993184621974,spectral
NEU,spectral_zcr_median,0.0002464207520124157,spectral
NEU,spectral_zcr_iqr,0.0015154932651144286,spectral
NEU,spectral_zcr_skew,0.0005436688001100663,spectral
NEU,spectral_zcr_kurt,4.2845637208035266e-05,spectral
NEU,spectral_rms_mean,0.0003374551046859164,spectral
NEU,spectral_rms_std,0.0,spectral
NEU,spectral_rms_min,0.0010165188764021651,spectral
NEU,spectral_rms_max,0.0,spectral
NEU,spectral_rms_median,0.0013627921238201386,spectral
NEU,spectral_rms_iqr,0.0006417221137201229,spectral
NEU,spectral_rms_skew,3.1190963954835446e-05,spectral
NEU,spectral_rms_kurt,0.0012740171828030868,spectral
NEU,spectral_flux_mean,0.0018959967331826921,spectral
NEU,spectral_flux_std,0.0018418723946656607,spectral
NEU,spectral_flux_min,0.0030968820384768576,spectral
NEU,spectral_flux_max,0.00027172098213947606,spectral
NEU,spectral_flux_median,0.0,spectral
NEU,spectral_flux_iqr,0.0012953633228119869,spectral
NEU,spectral_flux_skew,0.0009314912072347347,spectral
NEU,spectral_flux_kurt,0.00046180822171480864,spectral
NEU,spectral_entropy_mean,0.0011577067181400482,spectral
NEU,spectral_entropy_std,0.0005330526110404399,spectral
NEU,spectral_entropy_min,0.0007212541029603254,spectral
NEU,spectral_entropy_max,0.0014024109300570273,spectral
NEU,spectral_entropy_median,0.000287504798718926,spectral
NEU,spectral_entropy_iqr,0.0003839329069944716,spectral
NEU,spectral_entropy_skew,0.0032849718592949037,spectral
NEU,spectral_entropy_kurt,0.0006084042669079824,spectral
NEU,spectral_slope_mean,0.0007668034251470297,spectral
NEU,spectral_slope_std,0.0004641180989738491,spectral
NEU,spectral_slope_min,0.002231575722529018,spectral
NEU,spectral_slope_max,0.0,spectral
NEU,spectral_slope_median,0.0008533124621748818,spectral
NEU,spectral_slope_iqr,0.0005191544039113385,spectral
NEU,spectral_slope_skew,0.0005169901236375652,spectral
NEU,spectral_slope_kurt,0.0021709326812647317,spectral
NEU,spectral_band_0_500_mean,0.0006566793216241679,spectral
NEU,spectral_band_0_500_std,0.0,spectral
NEU,spectral_band_500_1000_mean,0.0003789517770675096,spectral
NEU,spectral_band_500_1000_std,9.49836782539495e-06,spectral
NEU,spectral_band_1000_2000_mean,0.0003903104565135376,spectral
NEU,spectral_band_1000_2000_std,0.00015601845596341008,spectral
NEU,spectral_band_2000_3000_mean,0.002980182912296133,spectral
NEU,spectral_band_2000_3000_std,0.0003783845851580634,spectral
NEU,spectral_band_3000_4000_mean,0.0007021468028351935,spectral
NEU,spectral_band_3000_4000_std,0.0,spectral
NEU,spectral_band_4000_5000_mean,0.0,spectral
NEU,spectral_band_4000_5000_std,0.0005520993416843638,spectral
NEU,spectral_band_5000_6000_mean,0.00032051567475157954,spectral
NEU,spectral_band_5000_6000_std,0.0,spectral
NEU,spectral_band_6000_8000_mean,0.0014914641236002555,spectral
NEU,spectral_band_6000_8000_std,0.0,spectral
NEU,spectral_hf_ratio_4000_mean,0.0012144575787004324,spectral
NEU,spectral_hf_ratio_4000_std,0.00019333076666183807,spectral
NEU,spectral_hf_ratio_6000_mean,0.0,spectral
NEU,spectral_hf_ratio_6000_std,0.0007181593523788902,spectral
NEU,spectral_contrast_0_mean,0.00029038305804904107,spectral
NEU,spectral_contrast_0_std,0.0002295734173162195,spectral
NEU,spectral_contrast_1_mean,0.0016385065401239448,spectral
NEU,spectral_contrast_1_std,0.00027898651289887826,spectral
NEU,spectral_contrast_2_mean,0.0,spectral
NEU,spectral_contrast_2_std,0.0007475387116348731,spectral
NEU,spectral_contrast_3_mean,0.002323816444859084,spectral
NEU,spectral_contrast_3_std,0.0006207881490927261,spectral
NEU,spectral_contrast_4_mean,0.0,spectral
NEU,spectral_contrast_4_std,0.0,spectral
NEU,spectral_contrast_5_mean,0.0,spectral
NEU,spectral_contrast_5_std,0.0,spectral
NEU,spectral_contrast_6_mean,0.0,spectral
NEU,spectral_contrast_6_std,2.1439395071982157e-05,spectral
NEU,mfcc_00_mean,0.00035989944312993905,mfcc
NEU,mfcc_00_std,0.0046661564565046556,mfcc
NEU,mfcc_00_min,0.0,mfcc
NEU,mfcc_00_max,0.0019068954550842663,mfcc
NEU,mfcc_00_median,0.00039622081010442324,mfcc
NEU,mfcc_00_iqr,0.0010314158956905828,mfcc
NEU,mfcc_00_skew,0.0031870127811776863,mfcc
NEU,mfcc_00_kurt,0.0009691639783074925,mfcc
NEU,mfcc_01_mean,0.0007756244037094277,mfcc
NEU,mfcc_01_std,0.0,mfcc
NEU,mfcc_01_min,0.000590619481139759,mfcc
NEU,mfcc_01_max,0.0,mfcc
NEU,mfcc_01_median,0.0004929341683547472,mfcc
NEU,mfcc_01_iqr,0.000727189611311152,mfcc
NEU,mfcc_01_skew,0.0,mfcc
NEU,mfcc_01_kurt,0.0,mfcc
NEU,mfcc_02_mean,0.002048253524664943,mfcc
NEU,mfcc_02_std,0.00015509060860985919,mfcc
NEU,mfcc_02_min,0.0,mfcc
NEU,mfcc_02_max,0.0,mfcc
NEU,mfcc_02_median,0.0008340430256535546,mfcc
NEU,mfcc_02_iqr,0.0006043710833799753,mfcc
NEU,mfcc_02_skew,0.00039427315658588656,mfcc
NEU,mfcc_02_kurt,0.0006327744170870503,mfcc
NEU,mfcc_03_mean,0.0005416421380748535,mfcc
NEU,mfcc_03_std,0.00030006288155918364,mfcc
NEU,mfcc_03_min,0.0008588009914782076,mfcc
NEU,mfcc_03_max,0.0,mfcc
NEU,mfcc_03_median,0.0011338543281084908,mfcc
NEU,mfcc_03_iqr,0.0,mfcc
NEU,mfcc_03_skew,0.00035200862018882256,mfcc
NEU,mfcc_03_kurt,0.0005967093914424915,mfcc
NEU,mfcc_04_mean,0.000258174986824741,mfcc
NEU,mfcc_04_std,0.001008339604999587,mfcc
NEU,mfcc_04_min,0.0003878411216777347,mfcc
NEU,mfcc_04_max,0.0006889414227963639,mfcc
NEU,mfcc_04_median,0.00022758967245743012,mfcc
NEU,mfcc_04_iqr,0.0,mfcc
NEU,mfcc_04_skew,0.0005791347279918399,mfcc
NEU,mfcc_04_kurt,0.00035477442926947557,mfcc
NEU,mfcc_05_mean,0.0018465848149975923,mfcc
NEU,mfcc_05_std,0.0018247022110093251,mfcc
NEU,mfcc_05_min,0.0027271828636669607,mfcc
NEU,mfcc_05_max,0.0,mfcc
NEU,mfcc_05_median,0.0008998712479876775,mfcc
NEU,mfcc_05_iqr,0.0,mfcc
NEU,mfcc_05_skew,0.00045885388717265837,mfcc
NEU,mfcc_05_kurt,0.0,mfcc
NEU,mfcc_06_mean,0.0006014799877850863,mfcc
NEU,mfcc_06_std,0.0002862416012496101,mfcc
NEU,mfcc_06_min,0.0008121398608704411,mfcc
NEU,mfcc_06_max,0.0005944844129421908,mfcc
NEU,mfcc_06_median,0.0,mfcc
NEU,mfcc_06_iqr,0.0008353327421394025,mfcc
NEU,mfcc_06_skew,0.0,mfcc
NEU,mfcc_06_kurt,0.0004081558422735879,mfcc
NEU,mfcc_07_mean,0.0007649232867822787,mfcc
NEU,mfcc_07_std,0.00012173393998089846,mfcc
NEU,mfcc_07_min,0.0,mfcc
NEU,mfcc_07_max,0.0,mfcc
NEU,mfcc_07_median,0.0,mfcc
NEU,mfcc_07_iqr,0.0,mfcc
NEU,mfcc_07_skew,0.0,mfcc
NEU,mfcc_07_kurt,0.002087350119818493,mfcc
NEU,mfcc_08_mean,0.0,mfcc
NEU,mfcc_08_std,0.00041908274833031415,mfcc
NEU,mfcc_08_min,0.0008591574430691409,mfcc
NEU,mfcc_08_max,0.00046695274090734364,mfcc
NEU,mfcc_08_median,0.000171883240916595,mfcc
NEU,mfcc_08_iqr,0.0007045665759803224,mfcc
NEU,mfcc_08_skew,0.0,mfcc
NEU,mfcc_08_kurt,0.0,mfcc
NEU,mfcc_09_mean,0.001306811354284291,mfcc
NEU,mfcc_09_std,0.0002518017982587783,mfcc
NEU,mfcc_09_min,8.459528697658407e-05,mfcc
NEU,mfcc_09_max,0.00022024194267544205,mfcc
NEU,mfcc_09_median,0.0024767025918046933,mfcc
NEU,mfcc_09_iqr,0.0,mfcc
NEU,mfcc_09_skew,0.002057901281140522,mfcc
NEU,mfcc_09_kurt,0.00046921403219725406,mfcc
NEU,mfcc_10_mean,0.0,mfcc
NEU,mfcc_10_std,0.0020672790693267366,mfcc
NEU,mfcc_10_min,0.0006200765002732953,mfcc
NEU,mfcc_10_max,0.00024741783199568886,mfcc
NEU,mfcc_10_median,0.00371389970745434,mfcc
NEU,mfcc_10_iqr,0.0026415648810892787,mfcc
NEU,mfcc_10_skew,0.00011605926073163269,mfcc
NEU,mfcc_10_kurt,0.0005491607353274033,mfcc
NEU,mfcc_11_mean,0.0003844187836044255,mfcc
NEU,mfcc_11_std,0.0,mfcc
NEU,mfcc_11_min,0.00039747609704950647,mfcc
NEU,mfcc_11_max,0.0008472031512670847,mfcc
NEU,mfcc_11_median,7.037851460936113e-05,mfcc
NEU,mfcc_11_iqr,0.0,mfcc
NEU,mfcc_11_skew,0.0006186986663250927,mfcc
NEU,mfcc_11_kurt,0.000602183347976289,mfcc
NEU,mfcc_12_mean,0.0002480497985823177,mfcc
NEU,mfcc_12_std,0.0006383504515906394,mfcc
NEU,mfcc_12_min,0.0,mfcc
NEU,mfcc_12_max,0.0006039564199173501,mfcc
NEU,mfcc_12_median,0.0,mfcc
NEU,mfcc_12_iqr,0.0,mfcc
NEU,mfcc_12_skew,0.0,mfcc
NEU,mfcc_12_kurt,0.0007251862655809204,mfcc
NEU,mfcc_13_mean,0.0,mfcc
NEU,mfcc_13_std,0.0005617587359063831,mfcc
NEU,mfcc_13_min,0.0002576903522345808,mfcc
NEU,mfcc_13_max,0.000770060307291598,mfcc
NEU,mfcc_13_median,0.00030915025626650265,mfcc
NEU,mfcc_13_iqr,0.0,mfcc
NEU,mfcc_13_skew,0.0,mfcc
NEU,mfcc_13_kurt,0.0011902308413224223,mfcc
NEU,mfcc_14_mean,0.00018398711451413023,mfcc
NEU,mfcc_14_std,0.000263134377097629,mfcc
NEU,mfcc_14_min,0.0005976513559183464,mfcc
NEU,mfcc_14_max,0.0011003781186843208,mfcc
NEU,mfcc_14_median,0.0015586681785669007,mfcc
NEU,mfcc_14_iqr,0.0,mfcc
NEU,mfcc_14_skew,0.0,mfcc
NEU,mfcc_14_kurt,0.0,mfcc
NEU,mfcc_15_mean,0.0007055358830845911,mfcc
NEU,mfcc_15_std,0.0,mfcc
NEU,mfcc_15_min,0.0024040659623233524,mfcc
NEU,mfcc_15_max,0.0,mfcc
NEU,mfcc_15_median,0.0,mfcc
NEU,mfcc_15_iqr,0.0,mfcc
NEU,mfcc_15_skew,0.00020667590060258144,mfcc
NEU,mfcc_15_kurt,0.0,mfcc
NEU,mfcc_16_mean,0.0,mfcc
NEU,mfcc_16_std,0.0012630564904564832,mfcc
NEU,mfcc_16_min,0.0020427301896995143,mfcc
NEU,mfcc_16_max,0.0,mfcc
NEU,mfcc_16_median,0.000660943111089219,mfcc
NEU,mfcc_16_iqr,0.0,mfcc
NEU,mfcc_16_skew,0.0,mfcc
NEU,mfcc_16_kurt,0.0,mfcc
NEU,mfcc_17_mean,0.00017301438992074457,mfcc
NEU,mfcc_17_std,0.0,mfcc
NEU,mfcc_17_min,0.0017463315844971363,mfcc
NEU,mfcc_17_max,0.00021850693236997662,mfcc
NEU,mfcc_17_median,0.0016358130790486832,mfcc
NEU,mfcc_17_iqr,0.0,mfcc
NEU,mfcc_17_skew,0.0,mfcc
NEU,mfcc_17_kurt,0.0,mfcc
NEU,mfcc_18_mean,0.00034883244244338427,mfcc
NEU,mfcc_18_std,0.0015480540641282729,mfcc
NEU,mfcc_18_min,0.0,mfcc
NEU,mfcc_18_max,0.00016754985976274797,mfcc
NEU,mfcc_18_median,0.0,mfcc
NEU,mfcc_18_iqr,0.0012937770651341336,mfcc
NEU,mfcc_18_skew,0.0,mfcc
NEU,mfcc_18_kurt,0.0014980287819043746,mfcc
NEU,mfcc_19_mean,0.0003260377271759599,mfcc
NEU,mfcc_19_std,0.0,mfcc
NEU,mfcc_19_min,0.0,mfcc
NEU,mfcc_19_max,0.000627777674507954,mfcc
NEU,mfcc_19_median,0.0004018828628343183,mfcc
NEU,mfcc_19_iqr,0.0002430283242941745,mfcc
NEU,mfcc_19_skew,0.0004755521862007705,mfcc
NEU,mfcc_19_kurt,0.00042252683459235573,mfcc
NEU,mfcc_d1_00_mean,0.0006281970670263051,mfcc
NEU,mfcc_d1_00_std,0.00010209699995970904,mfcc
NEU,mfcc_d2_00_mean,0.0008609608786174575,mfcc
NEU,mfcc_d2_00_std,0.0011174028617029319,mfcc
NEU,mfcc_d1_01_mean,0.0002455078177297104,mfcc
NEU,mfcc_d1_01_std,0.0016750152806425274,mfcc
NEU,mfcc_d2_01_mean,0.0015626635330036197,mfcc
NEU,mfcc_d2_01_std,0.0018782627505487687,mfcc
NEU,mfcc_d1_02_mean,1.9674527050743738e-05,mfcc
NEU,mfcc_d1_02_std,0.0007500800636636536,mfcc
NEU,mfcc_d2_02_mean,0.000928949322033164,mfcc
NEU,mfcc_d2_02_std,0.00031983442707774384,mfcc
NEU,mfcc_d1_03_mean,0.0004516198425230957,mfcc
NEU,mfcc_d1_03_std,0.0019369618155154755,mfcc
NEU,mfcc_d2_03_mean,0.0010672163514836863,mfcc
NEU,mfcc_d2_03_std,0.0001778096541866211,mfcc
NEU,mfcc_d1_04_mean,0.0,mfcc
NEU,mfcc_d1_04_std,0.0006256118032497061,mfcc
NEU,mfcc_d2_04_mean,0.0022083810269124976,mfcc
NEU,mfcc_d2_04_std,0.00036334759639083437,mfcc
NEU,mfcc_d1_05_mean,0.0,mfcc
NEU,mfcc_d1_05_std,0.0012711184283621356,mfcc
NEU,mfcc_d2_05_mean,0.0,mfcc
NEU,mfcc_d2_05_std,0.00033259534517648986,mfcc
NEU,mfcc_d1_06_mean,0.0012175117760566253,mfcc
NEU,mfcc_d1_06_std,0.001435548037911358,mfcc
NEU,mfcc_d2_06_mean,0.00027615661971732016,mfcc
NEU,mfcc_d2_06_std,0.00026118425413149826,mfcc
NEU,mfcc_d1_07_mean,0.0,mfcc
NEU,mfcc_d1_07_std,0.0,mfcc
NEU,mfcc_d2_07_mean,0.00016108055381520767,mfcc
NEU,mfcc_d2_07_std,2.8355324193931576e-05,mfcc
NEU,mfcc_d1_08_mean,0.00034591547084618,mfcc
NEU,mfcc_d1_08_std,0.0003819900600604294,mfcc
NEU,mfcc_d2_08_mean,0.00022052130837636304,mfcc
NEU,mfcc_d2_08_std,0.0015359366243907155,mfcc
NEU,mfcc_d1_09_mean,0.0006358349743108776,mfcc
NEU,mfcc_d1_09_std,0.0017015792590008543,mfcc
NEU,mfcc_d2_09_mean,0.0004758371347799039,mfcc
NEU,mfcc_d2_09_std,0.0006292877543245186,mfcc
NEU,mfcc_d1_10_mean,0.0013810377262315798,mfcc
NEU,mfcc_d1_10_std,0.002788549221844741,mfcc
NEU,mfcc_d2_10_mean,0.0013637168169550967,mfcc
NEU,mfcc_d2_10_std,0.0026349648638676554,mfcc
NEU,mfcc_d1_11_mean,0.0,mfcc
NEU,mfcc_d1_11_std,0.0007776593453890084,mfcc
NEU,mfcc_d2_11_mean,0.00028410585100982754,mfcc
NEU,mfcc_d2_11_std,0.0005409359308859924,mfcc
NEU,mfcc_d1_12_mean,0.0003563947403580072,mfcc
NEU,mfcc_d1_12_std,9.488303355563294e-05,mfcc
NEU,mfcc_d2_12_mean,0.00023334603610624047,mfcc
NEU,mfcc_d2_12_std,0.0005641320352166477,mfcc
NEU,mfcc_d1_13_mean,0.0018767730931277622,mfcc
NEU,mfcc_d1_13_std,0.0,mfcc
NEU,mfcc_d2_13_mean,0.0,mfcc
NEU,mfcc_d2_13_std,0.0001610538554914814,mfcc
NEU,mfcc_d1_14_mean,0.00037438265913195397,mfcc
NEU,mfcc_d1_14_std,0.0,mfcc
NEU,mfcc_d2_14_mean,0.0,mfcc
NEU,mfcc_d2_14_std,0.00045892781200046825,mfcc
NEU,mfcc_d1_15_mean,0.00014777851185423672,mfcc
NEU,mfcc_d1_15_std,0.0,mfcc
NEU,mfcc_d2_15_mean,0.0,mfcc
NEU,mfcc_d2_15_std,0.0,mfcc
NEU,mfcc_d1_16_mean,0.0005646381337051145,mfcc
NEU,mfcc_d1_16_std,0.00039419087776165464,mfcc
NEU,mfcc_d2_16_mean,1.620620234757153e-05,mfcc
NEU,mfcc_d2_16_std,0.0008783331276741767,mfcc
NEU,mfcc_d1_17_mean,0.00024603521473480516,mfcc
NEU,mfcc_d1_17_std,7.8618370422298e-05,mfcc
NEU,mfcc_d2_17_mean,0.0,mfcc
NEU,mfcc_d2_17_std,0.00043287303984224204,mfcc
NEU,mfcc_d1_18_mean,0.0005541309983997598,mfcc
NEU,mfcc_d1_18_std,0.0002620833922936815,mfcc
NEU,mfcc_d2_18_mean,1.1905037401278743e-05,mfcc
NEU,mfcc_d2_18_std,0.0,mfcc
NEU,mfcc_d1_19_mean,0.0010353209764254287,mfcc
NEU,mfcc_d1_19_std,0.0010693929956746824,mfcc
NEU,mfcc_d2_19_mean,0.0,mfcc
NEU,mfcc_d2_19_std,0.0,mfcc
NEU,chroma_00_mean,0.0002668731275791633,chroma
NEU,chroma_00_std,0.0,chroma
NEU,chroma_01_mean,0.0,chroma
NEU,chroma_01_std,0.0,chroma
NEU,chroma_02_mean,9.015190240102936e-05,chroma
NEU,chroma_02_std,0.0009052987259748123,chroma
NEU,chroma_03_mean,0.0,chroma
NEU,chroma_03_std,0.0,chroma
NEU,chroma_04_mean,0.0009411072697607191,chroma
NEU,chroma_04_std,0.00024508528302764866,chroma
NEU,chroma_05_mean,0.0,chroma
NEU,chroma_05_std,8.27417243020701e-05,chroma
NEU,chroma_06_mean,0.0004576375869398596,chroma
NEU,chroma_06_std,0.0002697122386468335,chroma
NEU,chroma_07_mean,0.0012728315177083513,chroma
NEU,chroma_07_std,0.0031772749569394226,chroma
NEU,chroma_08_mean,0.0021207813290424343,chroma
NEU,chroma_08_std,0.0001864746208039201,chroma
NEU,chroma_09_mean,5.553898539370773e-05,chroma
NEU,chroma_09_std,0.0,chroma
NEU,chroma_10_mean,0.0006715663223683937,chroma
NEU,chroma_10_std,0.0,chroma
NEU,chroma_11_mean,0.00023103942522092522,chroma
NEU,chroma_11_std,0.0002548428646709373,chroma
NEU,prosody_f0_mean,0.004170676327658903,prosody
NEU,prosody_f0_std,0.0003830252462862094,prosody
NEU,prosody_f0_min,8.193380811531028e-05,prosody
NEU,prosody_f0_max,0.0021448454353348995,prosody
NEU,prosody_f0_median,0.001808485681995141,prosody
NEU,prosody_f0_iqr,0.0007643238829580611,prosody
NEU,prosody_f0_skew,0.0022845741707626164,prosody
NEU,prosody_f0_kurt,0.0018144250430226585,prosody
NEU,prosody_voiced_fraction,0.0009752680539954256,prosody
NEU,prosody_f0_slope_abs_mean,0.0,prosody
NEU,prosody_n_voiced_segments,0.0011056350532838964,prosody
NEU,prosody_voiced_rate_per_s,0.0006584589654528486,prosody
NEU,prosody_mean_voiced_seg_s,0.0008765860385975231,prosody
NEU,prosody_pause_fraction,0.0006592607373630767,prosody
NEU,prosody_jitter_local,0.0002855809822028648,prosody
NEU,prosody_jitter_rap,0.00022036948683785385,prosody
NEU,prosody_jitter_ppq5,0.00013012301311084214,prosody
NEU,prosody_jitter_ddp,0.0010086229888514279,prosody
NEU,prosody_shimmer_local,0.0016484580836233188,prosody
NEU,prosody_shimmer_localdb,0.0007908524000106184,prosody
NEU,prosody_shimmer_apq3,0.0009973158843158672,prosody
NEU,prosody_shimmer_apq5,0.0,prosody
NEU,prosody_shimmer_apq11,0.0008916805743319147,prosody
NEU,prosody_shimmer_dda,0.0,prosody
NEU,prosody_hnr_mean,0.0013910135070882537,prosody
NEU,prosody_hnr_std,0.0005773614990590069,prosody
NEU,prosody_hnr_min,0.00032342127109647947,prosody
NEU,prosody_hnr_max,0.0003869824440970101,prosody
NEU,prosody_hnr_median,0.0004903413679731804,prosody
NEU,prosody_f1_mean,0.00305260176813217,prosody
NEU,prosody_f1_std,0.0008459564423571578,prosody
NEU,prosody_f1_median,0.0,prosody
NEU,prosody_f1_bw_median,0.00035704659562633387,prosody
NEU,prosody_f2_mean,0.003245205558352275,prosody
NEU,prosody_f2_std,0.00016152210497247797,prosody
NEU,prosody_f2_median,0.0006719550023568872,prosody
NEU,prosody_f2_bw_median,0.0011058572169300109,prosody
NEU,prosody_f3_mean,0.0008977164552878172,prosody
NEU,prosody_f3_std,0.0013484376903284516,prosody
NEU,prosody_f3_median,0.00217937392139798,prosody
NEU,prosody_f3_bw_median,0.0004915502570737004,prosody
NEU,prosody_f4_mean,0.00044367597064675257,prosody
NEU,prosody_f4_std,0.0004202412906416478,prosody
NEU,prosody_f4_median,0.00031610038577389713,prosody
NEU,prosody_f5_mean,0.0012684833244518089,prosody
NEU,prosody_f5_std,0.0008097795530644145,prosody
NEU,prosody_f5_median,0.0,prosody
NEU,prosody_intensity_mean,0.00202375823008791,prosody
NEU,prosody_intensity_std,0.0016262239377692435,prosody
NEU,prosody_intensity_min,0.0004622362157940382,prosody
NEU,prosody_intensity_max,0.0010994385633079117,prosody
NEU,prosody_intensity_median,0.0,prosody
NEU,prosody_intensity_iqr,0.00046349954879274224,prosody
NEU,prosody_intensity_skew,0.0,prosody
NEU,prosody_intensity_kurt,0.0015633236255854948,prosody
NEU,prosody_cpps,0.0003346313128990603,prosody
SAD,duration_s,0.0010616271057644607,other
SAD,peak_amplitude,0.0004786675154841106,other
SAD,spectral_centroid_mean,0.0010430119018750665,spectral
SAD,spectral_centroid_std,0.00041407730110944803,spectral
SAD,spectral_centroid_min,0.0003832697159437509,spectral
SAD,spectral_centroid_max,0.0,spectral
SAD,spectral_centroid_median,0.0,spectral
SAD,spectral_centroid_iqr,0.00021874808668830972,spectral
SAD,spectral_centroid_skew,0.0008569602402187813,spectral
SAD,spectral_centroid_kurt,0.0005004192818433718,spectral
SAD,spectral_bandwidth_mean,6.700710135518507e-05,spectral
SAD,spectral_bandwidth_std,0.0,spectral
SAD,spectral_bandwidth_min,0.0,spectral
SAD,spectral_bandwidth_max,0.0,spectral
SAD,spectral_bandwidth_median,4.384927213321576e-05,spectral
SAD,spectral_bandwidth_iqr,0.0,spectral
SAD,spectral_bandwidth_skew,0.0,spectral
SAD,spectral_bandwidth_kurt,0.00020013210999073516,spectral
SAD,spectral_rolloff85_mean,0.0003991226660258564,spectral
SAD,spectral_rolloff85_std,0.0,spectral
SAD,spectral_rolloff85_min,0.0007020592803182086,spectral
SAD,spectral_rolloff85_max,8.620976567335319e-05,spectral
SAD,spectral_rolloff85_median,0.0,spectral
SAD,spectral_rolloff85_iqr,0.0005283304407208987,spectral
SAD,spectral_rolloff85_skew,0.0,spectral
SAD,spectral_rolloff85_kurt,0.0011040409366914552,spectral
SAD,spectral_rolloff95_mean,0.00024134822273334878,spectral
SAD,spectral_rolloff95_std,5.697115568840255e-05,spectral
SAD,spectral_rolloff95_min,0.002201812597357317,spectral
SAD,spectral_rolloff95_max,0.0034180614153724847,spectral
SAD,spectral_rolloff95_median,0.0,spectral
SAD,spectral_rolloff95_iqr,0.0,spectral
SAD,spectral_rolloff95_skew,0.0011703918573317325,spectral
SAD,spectral_rolloff95_kurt,0.0005325803625311995,spectral
SAD,spectral_flatness_mean,0.0006486125168002131,spectral
SAD,spectral_flatness_std,0.0017384451370334466,spectral
SAD,spectral_flatness_min,0.000523154390021687,spectral
SAD,spectral_flatness_max,0.00020916342355288442,spectral
SAD,spectral_flatness_median,5.497047320926189e-05,spectral
SAD,spectral_flatness_iqr,0.00016566943711597952,spectral
SAD,spectral_flatness_skew,0.0,spectral
SAD,spectral_flatness_kurt,0.0009633030579890663,spectral
SAD,spectral_zcr_mean,0.0,spectral
SAD,spectral_zcr_std,0.00028161304135270794,spectral
SAD,spectral_zcr_min,0.0002656241165799878,spectral
SAD,spectral_zcr_max,0.0,spectral
SAD,spectral_zcr_median,0.0002005906071657971,spectral
SAD,spectral_zcr_iqr,0.0012323553243429933,spectral
SAD,spectral_zcr_skew,0.0,spectral
SAD,spectral_zcr_kurt,0.0008818109350051363,spectral
SAD,spectral_rms_mean,0.00024943243324729325,spectral
SAD,spectral_rms_std,0.0015223064682400862,spectral
SAD,spectral_rms_min,0.00019491311091425495,spectral
SAD,spectral_rms_max,0.0007115382643335891,spectral
SAD,spectral_rms_median,0.0,spectral
SAD,spectral_rms_iqr,0.00042742305281659595,spectral
SAD,spectral_rms_skew,0.0,spectral
SAD,spectral_rms_kurt,0.00023223357999632152,spectral
SAD,spectral_flux_mean,0.0005499957810759876,spectral
SAD,spectral_flux_std,0.0,spectral
SAD,spectral_flux_min,0.0005975473868545214,spectral
SAD,spectral_flux_max,0.000429120769617339,spectral
SAD,spectral_flux_median,0.0004839387174831907,spectral
SAD,spectral_flux_iqr,0.0010857345989460758,spectral
SAD,spectral_flux_skew,0.0,spectral
SAD,spectral_flux_kurt,0.00017101374425179344,spectral
SAD,spectral_entropy_mean,0.00034346855298286304,spectral
SAD,spectral_entropy_std,0.0003299803927177061,spectral
SAD,spectral_entropy_min,0.0007044019202919453,spectral
SAD,spectral_entropy_max,0.00019834351978285442,spectral
SAD,spectral_entropy_median,0.0008741093649334757,spectral
SAD,spectral_entropy_iqr,0.0013421072858840143,spectral
SAD,spectral_entropy_skew,7.681579208219146e-05,spectral
SAD,spectral_entropy_kurt,0.0012069204893111949,spectral
SAD,spectral_slope_mean,0.0008807240353825545,spectral
SAD,spectral_slope_std,0.0005194373687542593,spectral
SAD,spectral_slope_min,0.0012260595309667602,spectral
SAD,spectral_slope_max,0.00015086075515831002,spectral
SAD,spectral_slope_median,0.0003263403776616274,spectral
SAD,spectral_slope_iqr,0.00019810825851192832,spectral
SAD,spectral_slope_skew,0.0008539251467484033,spectral
SAD,spectral_slope_kurt,0.0006307086582530243,spectral
SAD,spectral_band_0_500_mean,0.0,spectral
SAD,spectral_band_0_500_std,0.0006872002376015982,spectral
SAD,spectral_band_500_1000_mean,0.0005609122238165246,spectral
SAD,spectral_band_500_1000_std,0.0,spectral
SAD,spectral_band_1000_2000_mean,0.0004343572274511492,spectral
SAD,spectral_band_1000_2000_std,0.0,spectral
SAD,spectral_band_2000_3000_mean,0.000998544096445269,spectral
SAD,spectral_band_2000_3000_std,0.0,spectral
SAD,spectral_band_3000_4000_mean,0.0005214671447075714,spectral
SAD,spectral_band_3000_4000_std,0.0,spectral
SAD,spectral_band_4000_5000_mean,0.00044936780225748673,spectral
SAD,spectral_band_4000_5000_std,0.0009516464635823329,spectral
SAD,spectral_band_5000_6000_mean,0.00011210515137257058,spectral
SAD,spectral_band_5000_6000_std,0.0006687240017433075,spectral
SAD,spectral_band_6000_8000_mean,0.0,spectral
SAD,spectral_band_6000_8000_std,0.0,spectral
SAD,spectral_hf_ratio_4000_mean,0.00048014155854308603,spectral
SAD,spectral_hf_ratio_4000_std,5.841681326638133e-06,spectral
SAD,spectral_hf_ratio_6000_mean,0.00039704646380579956,spectral
SAD,spectral_hf_ratio_6000_std,0.000313223874921754,spectral
SAD,spectral_contrast_0_mean,0.0,spectral
SAD,spectral_contrast_0_std,0.0012922784643009627,spectral
SAD,spectral_contrast_1_mean,0.0,spectral
SAD,spectral_contrast_1_std,8.110888598992412e-05,spectral
SAD,spectral_contrast_2_mean,0.0004911788882311383,spectral
SAD,spectral_contrast_2_std,0.0,spectral
SAD,spectral_contrast_3_mean,0.0,spectral
SAD,spectral_contrast_3_std,0.00031084917468024816,spectral
SAD,spectral_contrast_4_mean,0.0,spectral
SAD,spectral_contrast_4_std,8.739348476193176e-05,spectral
SAD,spectral_contrast_5_mean,0.0006998859591426513,spectral
SAD,spectral_contrast_5_std,0.0002446799375563536,spectral
SAD,spectral_contrast_6_mean,0.0002298218538600955,spectral
SAD,spectral_contrast_6_std,0.0010391102187697764,spectral
SAD,mfcc_00_mean,0.00042231307831972745,mfcc
SAD,mfcc_00_std,0.001407887795610569,mfcc
SAD,mfcc_00_min,0.0,mfcc
SAD,mfcc_00_max,0.0007718081594078202,mfcc
SAD,mfcc_00_median,0.004547566949462549,mfcc
SAD,mfcc_00_iqr,0.0018770356485355419,mfcc
SAD,mfcc_00_skew,0.0017022702052915035,mfcc
SAD,mfcc_00_kurt,0.002187795613399179,mfcc
SAD,mfcc_01_mean,0.0,mfcc
SAD,mfcc_01_std,0.0,mfcc
SAD,mfcc_01_min,0.0,mfcc
SAD,mfcc_01_max,0.0,mfcc
SAD,mfcc_01_median,0.0015472458767698883,mfcc
SAD,mfcc_01_iqr,0.0021694503424721906,mfcc
SAD,mfcc_01_skew,0.0,mfcc
SAD,mfcc_01_kurt,0.0017801154118848384,mfcc
SAD,mfcc_02_mean,0.0006750837799806448,mfcc
SAD,mfcc_02_std,0.00047867834337108326,mfcc
SAD,mfcc_02_min,0.0006459318833664714,mfcc
SAD,mfcc_02_max,0.0,mfcc
SAD,mfcc_02_median,0.000833875730668885,mfcc
SAD,mfcc_02_iqr,0.0,mfcc
SAD,mfcc_02_skew,7.492557671753449e-05,mfcc
SAD,mfcc_02_kurt,0.0,mfcc
SAD,mfcc_03_mean,0.0002809830948866339,mfcc
SAD,mfcc_03_std,0.0012414424227105124,mfcc
SAD,mfcc_03_min,0.000687684725250662,mfcc
SAD,mfcc_03_max,0.0002813693940991603,mfcc
SAD,mfcc_03_median,0.00012237429979738705,mfcc
SAD,mfcc_03_iqr,0.0003297927454728179,mfcc
SAD,mfcc_03_skew,0.0,mfcc
SAD,mfcc_03_kurt,0.0004638756743424403,mfcc
SAD,mfcc_04_mean,0.0,mfcc
SAD,mfcc_04_std,0.0005914542341388691,mfcc
SAD,mfcc_04_min,4.579790739237906e-05,mfcc
SAD,mfcc_04_max,0.0,mfcc
SAD,mfcc_04_median,0.0,mfcc
SAD,mfcc_04_iqr,0.000925692218629938,mfcc
SAD,mfcc_04_skew,0.0002926671657552718,mfcc
SAD,mfcc_04_kurt,0.00041130717971203515,mfcc
SAD,mfcc_05_mean,0.0013959626470531731,mfcc
SAD,mfcc_05_std,0.0018112023546495706,mfcc
SAD,mfcc_05_min,0.0002980734399119614,mfcc
SAD,mfcc_05_max,0.0,mfcc
SAD,mfcc_05_median,0.000522839777161194,mfcc
SAD,mfcc_05_iqr,0.0007879064903042314,mfcc
SAD,mfcc_05_skew,0.0,mfcc
SAD,mfcc_05_kurt,0.0,mfcc
SAD,mfcc_06_mean,0.0,mfcc
SAD,mfcc_06_std,0.00014290774422002467,mfcc
SAD,mfcc_06_min,0.00016569353939465818,mfcc
SAD,mfcc_06_max,0.0008662442719593426,mfcc
SAD,mfcc_06_median,0.0,mfcc
SAD,mfcc_06_iqr,8.433397817414529e-06,mfcc
SAD,mfcc_06_skew,0.0,mfcc
SAD,mfcc_06_kurt,0.0008127262574117647,mfcc
SAD,mfcc_07_mean,0.00019277227731036748,mfcc
SAD,mfcc_07_std,0.0009104069892701471,mfcc
SAD,mfcc_07_min,0.00010662121126596552,mfcc
SAD,mfcc_07_max,0.00014569803158026711,mfcc
SAD,mfcc_07_median,0.00012912883118922566,mfcc
SAD,mfcc_07_iqr,0.0003356945531205002,mfcc
SAD,mfcc_07_skew,0.0,mfcc
SAD,mfcc_07_kurt,0.0003702361682111461,mfcc
SAD,mfcc_08_mean,8.55410027076079e-05,mfcc
SAD,mfcc_08_std,0.0003130570245908366,mfcc
SAD,mfcc_08_min,0.000244299451606004,mfcc
SAD,mfcc_08_max,0.0009246837326019355,mfcc
SAD,mfcc_08_median,0.0004704779656218855,mfcc
SAD,mfcc_08_iqr,0.0,mfcc
SAD,mfcc_08_skew,0.00021588863719511594,mfcc
SAD,mfcc_08_kurt,0.0,mfcc
SAD,mfcc_09_mean,0.0,mfcc
SAD,mfcc_09_std,0.0004126702939491776,mfcc
SAD,mfcc_09_min,0.0004890351759549601,mfcc
SAD,mfcc_09_max,0.00011006026056862328,mfcc
SAD,mfcc_09_median,0.0001316446202152529,mfcc
SAD,mfcc_09_iqr,0.00047906246395597996,mfcc
SAD,mfcc_09_skew,0.00029512517614173795,mfcc
SAD,mfcc_09_kurt,0.00017555011175809392,mfcc
SAD,mfcc_10_mean,0.0,mfcc
SAD,mfcc_10_std,0.0,mfcc
SAD,mfcc_10_min,0.0005084652659759145,mfcc
SAD,mfcc_10_max,0.0003419136350992837,mfcc
SAD,mfcc_10_median,0.0022549541529269207,mfcc
SAD,mfcc_10_iqr,0.0,mfcc
SAD,mfcc_10_skew,0.000629280038909853,mfcc
SAD,mfcc_10_kurt,0.00021002462388514445,mfcc
SAD,mfcc_11_mean,0.00032882931955500165,mfcc
SAD,mfcc_11_std,0.0003888772640529413,mfcc
SAD,mfcc_11_min,0.0,mfcc
SAD,mfcc_11_max,0.0,mfcc
SAD,mfcc_11_median,0.0,mfcc
SAD,mfcc_11_iqr,0.0007741393056236094,mfcc
SAD,mfcc_11_skew,0.0,mfcc
SAD,mfcc_11_kurt,0.0005514531200971471,mfcc
SAD,mfcc_12_mean,0.0,mfcc
SAD,mfcc_12_std,0.0,mfcc
SAD,mfcc_12_min,0.0006538580099624894,mfcc
SAD,mfcc_12_max,0.0,mfcc
SAD,mfcc_12_median,0.00013005226226757866,mfcc
SAD,mfcc_12_iqr,0.0,mfcc
SAD,mfcc_12_skew,0.0,mfcc
SAD,mfcc_12_kurt,0.00027630655159212547,mfcc
SAD,mfcc_13_mean,0.00045077592724352956,mfcc
SAD,mfcc_13_std,0.0001471697265029191,mfcc
SAD,mfcc_13_min,0.00016629155278537623,mfcc
SAD,mfcc_13_max,0.0011422682664197356,mfcc
SAD,mfcc_13_median,0.00010591845918910715,mfcc
SAD,mfcc_13_iqr,5.0511396356078795e-05,mfcc
SAD,mfcc_13_skew,5.279120508076424e-05,mfcc
SAD,mfcc_13_kurt,0.0,mfcc
SAD,mfcc_14_mean,0.00019855518743612567,mfcc
SAD,mfcc_14_std,0.0026201339829019688,mfcc
SAD,mfcc_14_min,0.001005763198374216,mfcc
SAD,mfcc_14_max,0.0008409777731551877,mfcc
SAD,mfcc_14_median,0.0,mfcc
SAD,mfcc_14_iqr,0.00032202446712559896,mfcc
SAD,mfcc_14_skew,0.0005077579885516194,mfcc
SAD,mfcc_14_kurt,0.00026568824858717367,mfcc
SAD,mfcc_15_mean,0.0004349070474541784,mfcc
SAD,mfcc_15_std,0.0005423215657594512,mfcc
SAD,mfcc_15_min,0.0003788323051199521,mfcc
SAD,mfcc_15_max,0.00026317565541204244,mfcc
SAD,mfcc_15_median,0.0007261607438598867,mfcc
SAD,mfcc_15_iqr,0.0,mfcc
SAD,mfcc_15_skew,0.0005514606573976163,mfcc
SAD,mfcc_15_kurt,0.0,mfcc
SAD,mfcc_16_mean,0.00018503481051076537,mfcc
SAD,mfcc_16_std,0.0003054872611616784,mfcc
SAD,mfcc_16_min,0.00021925177197415428,mfcc
SAD,mfcc_16_max,0.00015261004121507046,mfcc
SAD,mfcc_16_median,5.712958818379926e-05,mfcc
SAD,mfcc_16_iqr,0.0,mfcc
SAD,mfcc_16_skew,0.00106513188873123,mfcc
SAD,mfcc_16_kurt,0.00010495254988988731,mfcc
SAD,mfcc_17_mean,0.0,mfcc
SAD,mfcc_17_std,0.0016932327794110383,mfcc
SAD,mfcc_17_min,0.002093682115069763,mfcc
SAD,mfcc_17_max,0.0006407619861999713,mfcc
SAD,mfcc_17_median,0.00029531973466464823,mfcc
SAD,mfcc_17_iqr,0.0004715850796584467,mfcc
SAD,mfcc_17_skew,0.00023573012425917564,mfcc
SAD,mfcc_17_kurt,0.00016093829904119617,mfcc
SAD,mfcc_18_mean,0.00022323644484587848,mfcc
SAD,mfcc_18_std,0.0,mfcc
SAD,mfcc_18_min,0.0,mfcc
SAD,mfcc_18_max,0.00022527030610956604,mfcc
SAD,mfcc_18_median,0.0,mfcc
SAD,mfcc_18_iqr,0.0,mfcc
SAD,mfcc_18_skew,0.0008622809168380402,mfcc
SAD,mfcc_18_kurt,0.0002863705935746541,mfcc
SAD,mfcc_19_mean,0.0002908466847940443,mfcc
SAD,mfcc_19_std,0.0,mfcc
SAD,mfcc_19_min,0.0004145671949005461,mfcc
SAD,mfcc_19_max,0.00015603359329925383,mfcc
SAD,mfcc_19_median,0.0004045602207074283,mfcc
SAD,mfcc_19_iqr,0.0003257123213498968,mfcc
SAD,mfcc_19_skew,0.0007137496325412886,mfcc
SAD,mfcc_19_kurt,0.0,mfcc
SAD,mfcc_d1_00_mean,0.0007056863657887359,mfcc
SAD,mfcc_d1_00_std,0.0005019194612379513,mfcc
SAD,mfcc_d2_00_mean,0.0010078636522964383,mfcc
SAD,mfcc_d2_00_std,0.0006802068586272994,mfcc
SAD,mfcc_d1_01_mean,0.0001225306526117912,mfcc
SAD,mfcc_d1_01_std,0.00020393733006163995,mfcc
SAD,mfcc_d2_01_mean,0.0,mfcc
SAD,mfcc_d2_01_std,0.0003503933891793949,mfcc
SAD,mfcc_d1_02_mean,0.001006019039565757,mfcc
SAD,mfcc_d1_02_std,0.0005907585614976526,mfcc
SAD,mfcc_d2_02_mean,0.0003220153564922992,mfcc
SAD,mfcc_d2_02_std,0.0016925593062632042,mfcc
SAD,mfcc_d1_03_mean,0.0,mfcc
SAD,mfcc_d1_03_std,0.00032794301010505614,mfcc
SAD,mfcc_d2_03_mean,8.752949546286547e-05,mfcc
SAD,mfcc_d2_03_std,0.00023012477708623966,mfcc
SAD,mfcc_d1_04_mean,0.00015419915263605898,mfcc
SAD,mfcc_d1_04_std,0.0013260777747696195,mfcc
SAD,mfcc_d2_04_mean,0.0,mfcc
SAD,mfcc_d2_04_std,0.0005927272227314116,mfcc
SAD,mfcc_d1_05_mean,0.0,mfcc
SAD,mfcc_d1_05_std,0.0003169695049452724,mfcc
SAD,mfcc_d2_05_mean,0.0002327370851589669,mfcc
SAD,mfcc_d2_05_std,0.0,mfcc
SAD,mfcc_d1_06_mean,0.0,mfcc
SAD,mfcc_d1_06_std,0.00039109046870247497,mfcc
SAD,mfcc_d2_06_mean,0.00013909996411204202,mfcc
SAD,mfcc_d2_06_std,0.0,mfcc
SAD,mfcc_d1_07_mean,0.0009307213219630183,mfcc
SAD,mfcc_d1_07_std,0.00023626117655040936,mfcc
SAD,mfcc_d2_07_mean,0.0006941132912763303,mfcc
SAD,mfcc_d2_07_std,0.0,mfcc
SAD,mfcc_d1_08_mean,0.0008769867536528611,mfcc
SAD,mfcc_d1_08_std,3.0885606723934677e-05,mfcc
SAD,mfcc_d2_08_mean,0.0006135152381978982,mfcc
SAD,mfcc_d2_08_std,0.00017075936245490963,mfcc
SAD,mfcc_d1_09_mean,0.00013887633267041478,mfcc
SAD,mfcc_d1_09_std,0.0006063926803029296,mfcc
SAD,mfcc_d2_09_mean,0.0013321706324676418,mfcc
SAD,mfcc_d2_09_std,0.00044847738559908697,mfcc
SAD,mfcc_d1_10_mean,0.0012307781069054767,mfcc
SAD,mfcc_d1_10_std,0.00020461405157875512,mfcc
SAD,mfcc_d2_10_mean,0.0,mfcc
SAD,mfcc_d2_10_std,0.0,mfcc
SAD,mfcc_d1_11_mean,0.00041189555685955376,mfcc
SAD,mfcc_d1_11_std,0.0005657341479731397,mfcc
SAD,mfcc_d2_11_mean,0.001449918865788527,mfcc
SAD,mfcc_d2_11_std,0.0010090728895001924,mfcc
SAD,mfcc_d1_12_mean,0.0,mfcc
SAD,mfcc_d1_12_std,0.0,mfcc
SAD,mfcc_d2_12_mean,0.0003552584911913728,mfcc
SAD,mfcc_d2_12_std,0.0,mfcc
SAD,mfcc_d1_13_mean,0.0003639096457470459,mfcc
SAD,mfcc_d1_13_std,0.00015181915000014127,mfcc
SAD,mfcc_d2_13_mean,0.0004108118080361161,mfcc
SAD,mfcc_d2_13_std,5.267693664093931e-05,mfcc
SAD,mfcc_d1_14_mean,0.00018120923413763085,mfcc
SAD,mfcc_d1_14_std,0.000558968084476962,mfcc
SAD,mfcc_d2_14_mean,0.0,mfcc
SAD,mfcc_d2_14_std,0.00048710453809182606,mfcc
SAD,mfcc_d1_15_mean,8.053799658411771e-05,mfcc
SAD,mfcc_d1_15_std,5.196659134664623e-05,mfcc
SAD,mfcc_d2_15_mean,0.00010636272219435106,mfcc
SAD,mfcc_d2_15_std,6.606618387808134e-05,mfcc
SAD,mfcc_d1_16_mean,0.001012136725108919,mfcc
SAD,mfcc_d1_16_std,0.0002606409234226583,mfcc
SAD,mfcc_d2_16_mean,0.0004565640719904964,mfcc
SAD,mfcc_d2_16_std,0.0007837217329338608,mfcc
SAD,mfcc_d1_17_mean,0.0005181494751414159,mfcc
SAD,mfcc_d1_17_std,0.0,mfcc
SAD,mfcc_d2_17_mean,0.0012220094112535876,mfcc
SAD,mfcc_d2_17_std,0.0,mfcc
SAD,mfcc_d1_18_mean,2.6020156025822574e-05,mfcc
SAD,mfcc_d1_18_std,0.0002045602717044547,mfcc
SAD,mfcc_d2_18_mean,0.002378041436943069,mfcc
SAD,mfcc_d2_18_std,0.00022054272050452633,mfcc
SAD,mfcc_d1_19_mean,0.0,mfcc
SAD,mfcc_d1_19_std,0.0,mfcc
SAD,mfcc_d2_19_mean,0.00027402780318927733,mfcc
SAD,mfcc_d2_19_std,0.00012571365193381721,mfcc
SAD,chroma_00_mean,0.0008638476899703138,chroma
SAD,chroma_00_std,0.0,chroma
SAD,chroma_01_mean,0.0,chroma
SAD,chroma_01_std,6.547800463869474e-05,chroma
SAD,chroma_02_mean,0.0,chroma
SAD,chroma_02_std,0.0007108308595766695,chroma
SAD,chroma_03_mean,0.0,chroma
SAD,chroma_03_std,0.00023578984091808454,chroma
SAD,chroma_04_mean,0.0001859606072369163,chroma
SAD,chroma_04_std,0.00046606976605036144,chroma
SAD,chroma_05_mean,0.0,chroma
SAD,chroma_05_std,0.0,chroma
SAD,chroma_06_mean,0.0,chroma
SAD,chroma_06_std,2.8728478407826306e-06,chroma
SAD,chroma_07_mean,0.00011907296887740124,chroma
SAD,chroma_07_std,0.0008910855277932917,chroma
SAD,chroma_08_mean,0.0003510990595647151,chroma
SAD,chroma_08_std,0.0008148243554496688,chroma
SAD,chroma_09_mean,0.0,chroma
SAD,chroma_09_std,0.0005398193517467415,chroma
SAD,chroma_10_mean,0.0007264529822437943,chroma
SAD,chroma_10_std,0.00025156594736893616,chroma
SAD,chroma_11_mean,0.0,chroma
SAD,chroma_11_std,0.0016019413462882543,chroma
SAD,prosody_f0_mean,0.0008615729304038741,prosody
SAD,prosody_f0_std,0.0,prosody
SAD,prosody_f0_min,0.00030703106803685245,prosody
SAD,prosody_f0_max,0.0,prosody
SAD,prosody_f0_median,0.0,prosody
SAD,prosody_f0_iqr,0.0009378671569386911,prosody
SAD,prosody_f0_skew,0.0013583323681624895,prosody
SAD,prosody_f0_kurt,0.0016167280689500672,prosody
SAD,prosody_voiced_fraction,0.0001569519188125393,prosody
SAD,prosody_f0_slope_abs_mean,1.1898844956073044e-05,prosody
SAD,prosody_n_voiced_segments,0.001122945462715128,prosody
SAD,prosody_voiced_rate_per_s,0.00046052058884213,prosody
SAD,prosody_mean_voiced_seg_s,0.0,prosody
SAD,prosody_pause_fraction,0.00020915122175518583,prosody
SAD,prosody_jitter_local,0.0,prosody
SAD,prosody_jitter_rap,0.0002727089726889112,prosody
SAD,prosody_jitter_ppq5,0.0014656317407471114,prosody
SAD,prosody_jitter_ddp,0.0013257433028592467,prosody
SAD,prosody_shimmer_local,0.0,prosody
SAD,prosody_shimmer_localdb,0.00038234155242527676,prosody
SAD,prosody_shimmer_apq3,6.902081078994427e-05,prosody
SAD,prosody_shimmer_apq5,0.0005018971529274693,prosody
SAD,prosody_shimmer_apq11,0.0,prosody
SAD,prosody_shimmer_dda,0.0009741686668179619,prosody
SAD,prosody_hnr_mean,0.0005908308538618643,prosody
SAD,prosody_hnr_std,0.0,prosody
SAD,prosody_hnr_min,0.00015511534137507623,prosody
SAD,prosody_hnr_max,0.00012682903873388187,prosody
SAD,prosody_hnr_median,0.0002472702828811825,prosody
SAD,prosody_f1_mean,0.00041551810143115306,prosody
SAD,prosody_f1_std,0.0004323003413319015,prosody
SAD,prosody_f1_median,0.00016679444477334983,prosody
SAD,prosody_f1_bw_median,0.0,prosody
SAD,prosody_f2_mean,0.0010097690900312739,prosody
SAD,prosody_f2_std,0.0009675072735017142,prosody
SAD,prosody_f2_median,0.0006079411722548722,prosody
SAD,prosody_f2_bw_median,0.0003522838290993473,prosody
SAD,prosody_f3_mean,0.0005533439660995331,prosody
SAD,prosody_f3_std,0.00028696855162454495,prosody
SAD,prosody_f3_median,0.0003113247277910777,prosody
SAD,prosody_f3_bw_median,0.004002291469181268,prosody
SAD,prosody_f4_mean,0.00034377599652576273,prosody
SAD,prosody_f4_std,0.0011648458976830742,prosody
SAD,prosody_f4_median,0.00017795028278758557,prosody
SAD,prosody_f5_mean,0.0,prosody
SAD,prosody_f5_std,0.0001078152954020637,prosody
SAD,prosody_f5_median,0.0009605486913723597,prosody
SAD,prosody_intensity_mean,0.0006561350166824086,prosody
SAD,prosody_intensity_std,9.197801090280838e-05,prosody
SAD,prosody_intensity_min,0.0002705281525248564,prosody
SAD,prosody_intensity_max,1.4585704904796468e-05,prosody
SAD,prosody_intensity_median,0.00033402603240823486,prosody
SAD,prosody_intensity_iqr,0.0012191632991757156,prosody
SAD,prosody_intensity_skew,0.00015162943243384892,prosody
SAD,prosody_intensity_kurt,0.0020513668809548405,prosody
SAD,prosody_cpps,0.0,prosody
