emotion,feature,importance,family
ANG,duration_s,0.07812960569759754,other
ANG,peak_amplitude,0.06991948706260227,other
ANG,spectral_centroid_mean,0.14512655059886564,spectral
ANG,spectral_centroid_std,0.3562569511969871,spectral
ANG,spectral_centroid_min,0.13505588698663773,spectral
ANG,spectral_centroid_max,0.45096313810037275,spectral
ANG,spectral_centroid_median,0.11794703591804014,spectral
ANG,spectral_centroid_iqr,0.21770116768021916,spectral
ANG,spectral_centroid_skew,0.2310342138394149,spectral
ANG,spectral_centroid_kurt,0.012166258777623673,spectral
ANG,spectral_bandwidth_mean,0.027284582317975137,spectral
ANG,spectral_bandwidth_std,0.05014596281696433,spectral
ANG,spectral_bandwidth_min,0.25014920668198626,spectral
ANG,spectral_bandwidth_max,0.3021163936910897,spectral
ANG,spectral_bandwidth_median,0.5453267765972638,spectral
ANG,spectral_bandwidth_iqr,0.44434827116433184,spectral
ANG,spectral_bandwidth_skew,0.14120044493135084,spectral
ANG,spectral_bandwidth_kurt,0.3115768326570872,spectral
ANG,spectral_rolloff85_mean,0.3465248251133744,spectral
ANG,spectral_rolloff85_std,0.8463237149436978,spectral
ANG,spectral_rolloff85_min,0.01575291052606022,spectral
ANG,spectral_rolloff85_max,0.44573363910773084,spectral
ANG,spectral_rolloff85_median,0.15230126221962378,spectral
ANG,spectral_rolloff85_iqr,0.0932017382412207,spectral
ANG,spectral_rolloff85_skew,0.10054333962394213,spectral
ANG,spectral_rolloff85_kurt,0.2257345764061134,spectral
ANG,spectral_rolloff95_mean,0.5886034310244994,spectral
ANG,spectral_rolloff95_std,0.3592316592821249,spectral
ANG,spectral_rolloff95_min,0.17609253863047342,spectral
ANG,spectral_rolloff95_max,0.07106886445555412,spectral
ANG,spectral_rolloff95_median,0.07326549834953809,spectral
ANG,spectral_rolloff95_iqr,0.7687475552510151,spectral
ANG,spectral_rolloff95_skew,0.06213172141598406,spectral
ANG,spectral_rolloff95_kurt,0.07258877751159322,spectral
ANG,spectral_flatness_mean,0.1892300266047851,spectral
ANG,spectral_flatness_std,0.4607257668256333,spectral
ANG,spectral_flatness_min,0.12427302042672937,spectral
ANG,spectral_flatness_max,0.1920197602606177,spectral
ANG,spectral_flatness_median,0.04174062326878573,spectral
ANG,spectral_flatness_iqr,0.44701849198864985,spectral
ANG,spectral_flatness_skew,0.4203707657670206,spectral
ANG,spectral_flatness_kurt,0.45213997119993177,spectral
ANG,spectral_zcr_mean,0.35190593593906966,spectral
ANG,spectral_zcr_std,0.19422560715959153,spectral
ANG,spectral_zcr_min,0.045136962478479675,spectral
ANG,spectral_zcr_max,0.42771982180775203,spectral
ANG,spectral_zcr_median,0.4460042656793973,spectral
ANG,spectral_zcr_iqr,0.5216643723335811,spectral
ANG,spectral_zcr_skew,0.0015880562798877506,spectral
ANG,spectral_zcr_kurt,0.2609400137615923,spectral
ANG,spectral_rms_mean,0.06420030056874584,spectral
ANG,spectral_rms_std,0.36036943526864396,spectral
ANG,spectral_rms_min,0.17020171137427464,spectral
ANG,spectral_rms_max,0.39178013147978985,spectral
ANG,spectral_rms_median,0.5391835431186184,spectral
ANG,spectral_rms_iqr,0.41085490884170905,spectral
ANG,spectral_rms_skew,0.2230610289801083,spectral
ANG,spectral_rms_kurt,0.3453496384994242,spectral
ANG,spectral_flux_mean,0.2736459692250459,spectral
ANG,spectral_flux_std,0.25020066291068105,spectral
ANG,spectral_flux_min,0.18590405551569522,spectral
ANG,spectral_flux_max,0.3274039756546415,spectral
ANG,spectral_flux_median,0.11111387528100596,spectral
ANG,spectral_flux_iqr,0.05280430693274993,spectral
ANG,spectral_flux_skew,0.4457958996797736,spectral
ANG,spectral_flux_kurt,0.00907690750722487,spectral
ANG,spectral_entropy_mean,0.2191988030235063,spectral
ANG,spectral_entropy_std,0.051068908705369294,spectral
ANG,spectral_entropy_min,0.06415309877041239,spectral
ANG,spectral_entropy_max,0.04999137863889599,spectral
ANG,spectral_entropy_median,0.031063771332363974,spectral
ANG,spectral_entropy_iqr,0.1465713865843465,spectral
ANG,spectral_entropy_skew,0.20830812057929876,spectral
ANG,spectral_entropy_kurt,0.3654634500775848,spectral
ANG,spectral_slope_mean,0.034777690881358264,spectral
ANG,spectral_slope_std,0.3453892713838036,spectral
ANG,spectral_slope_min,0.05297490054351034,spectral
ANG,spectral_slope_max,0.19960352560720557,spectral
ANG,spectral_slope_median,0.09994239799972808,spectral
ANG,spectral_slope_iqr,0.05112923164025936,spectral
ANG,spectral_slope_skew,0.17496899779536734,spectral
ANG,spectral_slope_kurt,0.1290950086014752,spectral
ANG,spectral_band_0_500_mean,0.28588596793992943,spectral
ANG,spectral_band_0_500_std,0.09098711963624102,spectral
ANG,spectral_band_500_1000_mean,0.31125197962749457,spectral
ANG,spectral_band_500_1000_std,0.003289345388940694,spectral
ANG,spectral_band_1000_2000_mean,0.07607919572710173,spectral
ANG,spectral_band_1000_2000_std,0.4348381167468553,spectral
ANG,spectral_band_2000_3000_mean,0.11243078028701457,spectral
ANG,spectral_band_2000_3000_std,0.07643357156867589,spectral
ANG,spectral_band_3000_4000_mean,0.19293012016680322,spectral
ANG,spectral_band_3000_4000_std,0.03626265684399161,spectral
ANG,spectral_band_4000_5000_mean,0.1809983188513088,spectral
ANG,spectral_band_4000_5000_std,0.3558847386272398,spectral
ANG,spectral_band_5000_6000_mean,0.013750119324023919,spectral
ANG,spectral_band_5000_6000_std,0.1226892597609375,spectral
ANG,spectral_band_6000_8000_mean,0.09905023304394975,spectral
ANG,spectral_band_6000_8000_std,0.028182805719600062,spectral
ANG,spectral_hf_ratio_4000_mean,0.10280381754607539,spectral
ANG,spectral_hf_ratio_4000_std,0.17666901225972423,spectral
ANG,spectral_hf_ratio_6000_mean,0.07668102468723124,spectral
ANG,spectral_hf_ratio_6000_std,0.06599685515724202,spectral
ANG,spectral_contrast_0_mean,0.3491671301160471,spectral
ANG,spectral_contrast_0_std,0.2833445326448913,spectral
ANG,spectral_contrast_1_mean,0.15963692452988879,spectral
ANG,spectral_contrast_1_std,0.1663650947267423,spectral
ANG,spectral_contrast_2_mean,0.6245784261306607,spectral
ANG,spectral_contrast_2_std,0.07310759755311808,spectral
ANG,spectral_contrast_3_mean,0.14863163621241884,spectral
ANG,spectral_contrast_3_std,0.34260140966022096,spectral
ANG,spectral_contrast_4_mean,0.10124538189156884,spectral
ANG,spectral_contrast_4_std,0.12922284994699396,spectral
ANG,spectral_contrast_5_mean,0.1644794654248624,spectral
ANG,spectral_contrast_5_std,0.13852231267296933,spectral
ANG,spectral_contrast_6_mean,0.3202207382768099,spectral
ANG,spectral_contrast_6_std,0.15674800864432056,spectral
ANG,mfcc_00_mean,0.06023873262325575,mfcc
ANG,mfcc_00_std,0.876237350465863,mfcc
ANG,mfcc_00_min,0.4391430915217027,mfcc
ANG,mfcc_00_max,0.21563977943168539,mfcc
ANG,mfcc_00_median,0.19648481191098421,mfcc
ANG,mfcc_00_iqr,0.40447803076358685,mfcc
ANG,mfcc_00_skew,0.07395866775120462,mfcc
ANG,mfcc_00_kurt,0.09407164039115438,mfcc
ANG,mfcc_01_mean,0.48950773100398803,mfcc
ANG,mfcc_01_std,0.34650036391862327,mfcc
ANG,mfcc_01_min,0.3757177998459165,mfcc
ANG,mfcc_01_max,0.15635984506390713,mfcc
ANG,mfcc_01_median,0.2799175613720937,mfcc
ANG,mfcc_01_iqr,0.3799524596760701,mfcc
ANG,mfcc_01_skew,0.25910068541760534,mfcc
ANG,mfcc_01_kurt,0.0037928206263569244,mfcc
ANG,mfcc_02_mean,0.8483366121259528,mfcc
ANG,mfcc_02_std,0.7130481227613777,mfcc
ANG,mfcc_02_min,0.39045079004425287,mfcc
ANG,mfcc_02_max,0.19022908135067434,mfcc
ANG,mfcc_02_median,0.08579588332952694,mfcc
ANG,mfcc_02_iqr,0.6720508214769143,mfcc
ANG,mfcc_02_skew,0.003798482800435766,mfcc
ANG,mfcc_02_kurt,0.3505014290789135,mfcc
ANG,mfcc_03_mean,0.07024512273536743,mfcc
ANG,mfcc_03_std,0.6610038762005482,mfcc
ANG,mfcc_03_min,0.21807726582822642,mfcc
ANG,mfcc_03_max,0.28663593632687506,mfcc
ANG,mfcc_03_median,0.4052109712264391,mfcc
ANG,mfcc_03_iqr,0.030116890682146426,mfcc
ANG,mfcc_03_skew,0.170011721697954,mfcc
ANG,mfcc_03_kurt,0.08114525745021661,mfcc
ANG,mfcc_04_mean,0.6720852401928771,mfcc
ANG,mfcc_04_std,0.15308656292253928,mfcc
ANG,mfcc_04_min,0.2484906107157274,mfcc
ANG,mfcc_04_max,0.1392280044594823,mfcc
ANG,mfcc_04_median,0.35138412565922283,mfcc
ANG,mfcc_04_iqr,0.01896962063726793,mfcc
ANG,mfcc_04_skew,0.27471680462912984,mfcc
ANG,mfcc_04_kurt,0.19471468962172267,mfcc
ANG,mfcc_05_mean,0.25827264195736643,mfcc
ANG,mfcc_05_std,0.1760821051817155,mfcc
ANG,mfcc_05_min,0.133619295403459,mfcc
ANG,mfcc_05_max,0.15308719006435495,mfcc
ANG,mfcc_05_median,0.3608591742953032,mfcc
ANG,mfcc_05_iqr,0.14622793608156517,mfcc
ANG,mfcc_05_skew,0.0041729362867834975,mfcc
ANG,mfcc_05_kurt,0.02191077181983958,mfcc
ANG,mfcc_06_mean,0.003150410072362998,mfcc
ANG,mfcc_06_std,0.25097781920988127,mfcc
ANG,mfcc_06_min,0.2633456661303527,mfcc
ANG,mfcc_06_max,0.2043140736521803,mfcc
ANG,mfcc_06_median,0.1724795551011553,mfcc
ANG,mfcc_06_iqr,0.05221418802371327,mfcc
ANG,mfcc_06_skew,0.026784120451191135,mfcc
ANG,mfcc_06_kurt,0.02841297730278209,mfcc
ANG,mfcc_07_mean,0.037900344121924584,mfcc
ANG,mfcc_07_std,0.10080735000662161,mfcc
ANG,mfcc_07_min,0.06290261863576237,mfcc
ANG,mfcc_07_max,0.05154560765671662,mfcc
ANG,mfcc_07_median,0.11540422995019622,mfcc
ANG,mfcc_07_iqr,0.1764895812976107,mfcc
ANG,mfcc_07_skew,0.04162792607356255,mfcc
ANG,mfcc_07_kurt,0.10359870073817025,mfcc
ANG,mfcc_08_mean,0.5672295934496093,mfcc
ANG,mfcc_08_std,0.0389590202337294,mfcc
ANG,mfcc_08_min,0.10809346607431508,mfcc
ANG,mfcc_08_max,0.06158444210540454,mfcc
ANG,mfcc_08_median,0.5314124279701186,mfcc
ANG,mfcc_08_iqr,0.024224511574502314,mfcc
ANG,mfcc_08_skew,0.10961413206773772,mfcc
ANG,mfcc_08_kurt,0.040392972197795626,mfcc
ANG,mfcc_09_mean,0.02414836843913864,mfcc
ANG,mfcc_09_std,0.03731940122606692,mfcc
ANG,mfcc_09_min,0.4914410472434117,mfcc
ANG,mfcc_09_max,0.016670927986342864,mfcc
ANG,mfcc_09_median,0.04287206000502022,mfcc
ANG,mfcc_09_iqr,0.17776746560870085,mfcc
ANG,mfcc_09_skew,0.059634359881723,mfcc
ANG,mfcc_09_kurt,0.1643744248120714,mfcc
ANG,mfcc_10_mean,0.05090944978856875,mfcc
ANG,mfcc_10_std,0.27609633141873985,mfcc
ANG,mfcc_10_min,0.11312091384926186,mfcc
ANG,mfcc_10_max,0.11203595695298606,mfcc
ANG,mfcc_10_median,0.13817852326278696,mfcc
ANG,mfcc_10_iqr,0.2640672605346804,mfcc
ANG,mfcc_10_skew,0.004963704329979681,mfcc
ANG,mfcc_10_kurt,0.13070669422873035,mfcc
ANG,mfcc_11_mean,0.5819437523801503,mfcc
ANG,mfcc_11_std,0.1909383127371597,mfcc
ANG,mfcc_11_min,0.13328586975967388,mfcc
ANG,mfcc_11_max,0.07616807651833313,mfcc
ANG,mfcc_11_median,0.43178554767001287,mfcc
ANG,mfcc_11_iqr,0.12421846495046106,mfcc
ANG,mfcc_11_skew,0.005326189487562195,mfcc
ANG,mfcc_11_kurt,0.09509679712966243,mfcc
ANG,mfcc_12_mean,0.45836806295734,mfcc
ANG,mfcc_12_std,0.4943363000261408,mfcc
ANG,mfcc_12_min,0.011011699767644599,mfcc
ANG,mfcc_12_max,0.09523414035091791,mfcc
ANG,mfcc_12_median,0.42078920299306233,mfcc
ANG,mfcc_12_iqr,0.17426119820488092,mfcc
ANG,mfcc_12_skew,0.07360138370077765,mfcc
ANG,mfcc_12_kurt,0.10097252785011791,mfcc
ANG,mfcc_13_mean,0.063807387714714,mfcc
ANG,mfcc_13_std,0.019691749466971456,mfcc
ANG,mfcc_13_min,0.17178262897024693,mfcc
ANG,mfcc_13_max,0.059948558076656604,mfcc
ANG,mfcc_13_median,0.3474663340464706,mfcc
ANG,mfcc_13_iqr,0.16761011187392094,mfcc
ANG,mfcc_13_skew,0.043314070931695155,mfcc
ANG,mfcc_13_kurt,0.12414024808709838,mfcc
ANG,mfcc_14_mean,0.5879953064614476,mfcc
ANG,mfcc_14_std,0.31209471620976115,mfcc
ANG,mfcc_14_min,0.05180836243863211,mfcc
ANG,mfcc_14_max,0.018802588468680385,mfcc
ANG,mfcc_14_median,0.45964638757309634,mfcc
ANG,mfcc_14_iqr,0.0613564676533127,mfcc
ANG,mfcc_14_skew,0.0749840455268582,mfcc
ANG,mfcc_14_kurt,0.12180124697647017,mfcc
ANG,mfcc_15_mean,0.30311045908907147,mfcc
ANG,mfcc_15_std,0.007875423564677846,mfcc
ANG,mfcc_15_min,0.29797861842362555,mfcc
ANG,mfcc_15_max,0.08348853272004621,mfcc
ANG,mfcc_15_median,0.30564594583979576,mfcc
ANG,mfcc_15_iqr,0.17172421251443146,mfcc
ANG,mfcc_15_skew,0.22696104386387703,mfcc
ANG,mfcc_15_kurt,0.0027250398832890524,mfcc
ANG,mfcc_16_mean,0.48286619086720844,mfcc
ANG,mfcc_16_std,0.239689377704051,mfcc
ANG,mfcc_16_min,0.3027442700009101,mfcc
ANG,mfcc_16_max,0.1272411058627283,mfcc
ANG,mfcc_16_median,0.3255031786421738,mfcc
ANG,mfcc_16_iqr,0.14309516150787124,mfcc
ANG,mfcc_16_skew,0.010798558666199422,mfcc
ANG,mfcc_16_kurt,0.02670447627166852,mfcc
ANG,mfcc_17_mean,0.24732919007702545,mfcc
ANG,mfcc_17_std,0.5805062147002985,mfcc
ANG,mfcc_17_min,0.29545504601847544,mfcc
ANG,mfcc_17_max,0.3729107212165879,mfcc
ANG,mfcc_17_median,0.13337033876902693,mfcc
ANG,mfcc_17_iqr,0.015083145251485297,mfcc
ANG,mfcc_17_skew,0.026629530741032057,mfcc
ANG,mfcc_17_kurt,0.2086886756615425,mfcc
ANG,mfcc_18_mean,0.11726646628806948,mfcc
ANG,mfcc_18_std,0.3909462943631873,mfcc
ANG,mfcc_18_min,0.09050117327602439,mfcc
ANG,mfcc_18_max,0.11754041543040931,mfcc
ANG,mfcc_18_median,0.044478757738346635,mfcc
ANG,mfcc_18_iqr,0.32452296570965294,mfcc
ANG,mfcc_18_skew,0.09793355421642563,mfcc
ANG,mfcc_18_kurt,0.005353529607078151,mfcc
ANG,mfcc_19_mean,0.009107951351753105,mfcc
ANG,mfcc_19_std,0.12923152802338272,mfcc
ANG,mfcc_19_min,0.3834618723488233,mfcc
ANG,mfcc_19_max,0.04688917784923663,mfcc
ANG,mfcc_19_median,0.1708760764802698,mfcc
ANG,mfcc_19_iqr,0.21646192362390612,mfcc
ANG,mfcc_19_skew,0.26256972552290475,mfcc
ANG,mfcc_19_kurt,0.06914098413163883,mfcc
ANG,mfcc_d1_00_mean,0.024132371260841036,mfcc
ANG,mfcc_d1_00_std,0.8210425164277961,mfcc
ANG,mfcc_d2_00_mean,0.22957170828343357,mfcc
ANG,mfcc_d2_00_std,0.6621132290703182,mfcc
ANG,mfcc_d1_01_mean,0.05768688834552569,mfcc
ANG,mfcc_d1_01_std,0.11207278001886892,mfcc
ANG,mfcc_d2_01_mean,0.02119491815283185,mfcc
ANG,mfcc_d2_01_std,0.09572148019876905,mfcc
ANG,mfcc_d1_02_mean,0.010987630041201039,mfcc
ANG,mfcc_d1_02_std,0.35337172649508675,mfcc
ANG,mfcc_d2_02_mean,0.1577968207385573,mfcc
ANG,mfcc_d2_02_std,0.011548463954352961,mfcc
ANG,mfcc_d1_03_mean,0.01693079509993727,mfcc
ANG,mfcc_d1_03_std,0.2827791110564899,mfcc
ANG,mfcc_d2_03_mean,0.04550942511186878,mfcc
ANG,mfcc_d2_03_std,0.3223199731143174,mfcc
ANG,mfcc_d1_04_mean,0.06315777712707395,mfcc
ANG,mfcc_d1_04_std,0.2661479046089624,mfcc
ANG,mfcc_d2_04_mean,0.10702914748262801,mfcc
ANG,mfcc_d2_04_std,0.11605252352460979,mfcc
ANG,mfcc_d1_05_mean,0.015238468396399085,mfcc
ANG,mfcc_d1_05_std,0.05269225068586752,mfcc
ANG,mfcc_d2_05_mean,0.0338921374239597,mfcc
ANG,mfcc_d2_05_std,0.022334963749020366,mfcc
ANG,mfcc_d1_06_mean,0.03482621054297591,mfcc
ANG,mfcc_d1_06_std,0.10962313863700558,mfcc
ANG,mfcc_d2_06_mean,0.04223336119429219,mfcc
ANG,mfcc_d2_06_std,0.1362624886473903,mfcc
ANG,mfcc_d1_07_mean,0.019392702075626038,mfcc
ANG,mfcc_d1_07_std,0.10294318229210489,mfcc
ANG,mfcc_d2_07_mean,0.18247620550365548,mfcc
ANG,mfcc_d2_07_std,0.18497361003101695,mfcc
ANG,mfcc_d1_08_mean,0.0102455868137355,mfcc
ANG,mfcc_d1_08_std,0.25912803016195424,mfcc
ANG,mfcc_d2_08_mean,0.05113857927179706,mfcc
ANG,mfcc_d2_08_std,0.12959543191402503,mfcc
ANG,mfcc_d1_09_mean,0.06742435555725529,mfcc
ANG,mfcc_d1_09_std,0.1363540697160998,mfcc
ANG,mfcc_d2_09_mean,0.13895570806868884,mfcc
ANG,mfcc_d2_09_std,0.1103587826145529,mfcc
ANG,mfcc_d1_10_mean,0.11290946268384844,mfcc
ANG,mfcc_d1_10_std,0.11167345001559854,mfcc
ANG,mfcc_d2_10_mean,0.18385211676965835,mfcc
ANG,mfcc_d2_10_std,0.20435695118395955,mfcc
ANG,mfcc_d1_11_mean,0.12814081560428742,mfcc
ANG,mfcc_d1_11_std,0.07188141256009739,mfcc
ANG,mfcc_d2_11_mean,0.028502558427058896,mfcc
ANG,mfcc_d2_11_std,0.04087035987497436,mfcc
ANG,mfcc_d1_12_mean,0.10400535927854132,mfcc
ANG,mfcc_d1_12_std,0.5983253244853396,mfcc
ANG,mfcc_d2_12_mean,0.04008341391880336,mfcc
ANG,mfcc_d2_12_std,0.48213932456316383,mfcc
ANG,mfcc_d1_13_mean,0.1250263970819874,mfcc
ANG,mfcc_d1_13_std,0.047748494040612974,mfcc
ANG,mfcc_d2_13_mean,0.1534596748214844,mfcc
ANG,mfcc_d2_13_std,0.10100215920284786,mfcc
ANG,mfcc_d1_14_mean,0.05469705546963529,mfcc
ANG,mfcc_d1_14_std,0.20791676598068767,mfcc
ANG,mfcc_d2_14_mean,0.13904829690684375,mfcc
ANG,mfcc_d2_14_std,0.03602831122539847,mfcc
ANG,mfcc_d1_15_mean,0.018490109287019448,mfcc
ANG,mfcc_d1_15_std,0.12540150782810372,mfcc
ANG,mfcc_d2_15_mean,0.20748747429987507,mfcc
ANG,mfcc_d2_15_std,0.0012483038470640984,mfcc
ANG,mfcc_d1_16_mean,0.07145900367380698,mfcc
ANG,mfcc_d1_16_std,0.24599896376341115,mfcc
ANG,mfcc_d2_16_mean,0.15723514229163418,mfcc
ANG,mfcc_d2_16_std,0.12451270212279253,mfcc
ANG,mfcc_d1_17_mean,0.04980453660402273,mfcc
ANG,mfcc_d1_17_std,0.23344763544212535,mfcc
ANG,mfcc_d2_17_mean,0.0035775063762612564,mfcc
ANG,mfcc_d2_17_std,0.1082736579627407,mfcc
ANG,mfcc_d1_18_mean,0.09533037061898485,mfcc
ANG,mfcc_d1_18_std,0.15937499423206666,mfcc
ANG,mfcc_d2_18_mean,0.028633203984762236,mfcc
ANG,mfcc_d2_18_std,0.07921397408476838,mfcc
ANG,mfcc_d1_19_mean,0.04175028142566232,mfcc
ANG,mfcc_d1_19_std,0.1727688963137763,mfcc
ANG,mfcc_d2_19_mean,0.17695827190325503,mfcc
ANG,mfcc_d2_19_std,0.1047972425219967,mfcc
ANG,chroma_00_mean,0.2789948766138515,chroma
ANG,chroma_00_std,0.2798495897562709,chroma
ANG,chroma_01_mean,0.06565125201993152,chroma
ANG,chroma_01_std,0.24111677361408917,chroma
ANG,chroma_02_mean,0.044646805914769286,chroma
ANG,chroma_02_std,0.30282647324681344,chroma
ANG,chroma_03_mean,0.07703050172023646,chroma
ANG,chroma_03_std,0.15556577366107244,chroma
ANG,chroma_04_mean,0.0807619385848109,chroma
ANG,chroma_04_std,0.11567132979499571,chroma
ANG,chroma_05_mean,0.14505397954326435,chroma
ANG,chroma_05_std,0.17334339411377805,chroma
ANG,chroma_06_mean,0.08216513582872703,chroma
ANG,chroma_06_std,0.10347627544918704,chroma
ANG,chroma_07_mean,0.21050861218956818,chroma
ANG,chroma_07_std,0.2807888858179808,chroma
ANG,chroma_08_mean,0.020039568157831023,chroma
ANG,chroma_08_std,0.33454226924515224,chroma
ANG,chroma_09_mean,0.2776399847261064,chroma
ANG,chroma_09_std,0.15295859213891802,chroma
ANG,chroma_10_mean,0.027474323332030964,chroma
ANG,chroma_10_std,0.17667524883289454,chroma
ANG,chroma_11_mean,0.4576750307525911,chroma
ANG,chroma_11_std,0.08184964333628744,chroma
ANG,prosody_f0_mean,0.4520400211206417,prosody
ANG,prosody_f0_std,0.15761846342459945,prosody
ANG,prosody_f0_min,0.04633012098909698,prosody
ANG,prosody_f0_max,0.4163729375816367,prosody
ANG,prosody_f0_median,0.21344620226899635,prosody
ANG,prosody_f0_iqr,0.02389935841868171,prosody
ANG,prosody_f0_skew,0.2795749431247601,prosody
ANG,prosody_f0_kurt,0.10968092179947611,prosody
ANG,prosody_voiced_fraction,0.04440801649653025,prosody
ANG,prosody_f0_slope_abs_mean,0.03491383948038396,prosody
ANG,prosody_n_voiced_segments,0.16906331557565554,prosody
ANG,prosody_voiced_rate_per_s,0.0050104880448653836,prosody
ANG,prosody_mean_voiced_seg_s,0.1868347078741343,prosody
ANG,prosody_pause_fraction,0.044408016496530776,prosody
ANG,prosody_jitter_local,0.3000885042932898,prosody
ANG,prosody_jitter_rap,0.0869470938196377,prosody
ANG,prosody_jitter_ppq5,0.336237860931919,prosody
ANG,prosody_jitter_ddp,0.0869470938196374,prosody
ANG,prosody_shimmer_local,0.5966398178057969,prosody
ANG,prosody_shimmer_localdb,0.2936646457235364,prosody
ANG,prosody_shimmer_apq3,0.16692357447398262,prosody
ANG,prosody_shimmer_apq5,0.007545851424640302,prosody
ANG,prosody_shimmer_apq11,0.08073173666370231,prosody
ANG,prosody_shimmer_dda,0.16692357447398373,prosody
ANG,prosody_hnr_mean,0.719637389045102,prosody
ANG,prosody_hnr_std,0.038136178422919886,prosody
ANG,prosody_hnr_min,0.002619066890987319,prosody
ANG,prosody_hnr_max,0.19062994628181945,prosody
ANG,prosody_hnr_median,0.2625798367849782,prosody
ANG,prosody_f1_mean,1.265690965768328,prosody
ANG,prosody_f1_std,0.6692002279742159,prosody
ANG,prosody_f1_median,0.720147238324027,prosody
ANG,prosody_f1_bw_median,0.246454269183651,prosody
ANG,prosody_f2_mean,0.3078343396655568,prosody
ANG,prosody_f2_std,0.2992743893870306,prosody
ANG,prosody_f2_median,0.14339362838525305,prosody
ANG,prosody_f2_bw_median,0.05111038583082262,prosody
ANG,prosody_f3_mean,0.11066213074012578,prosody
ANG,prosody_f3_std,0.03667045519166859,prosody
ANG,prosody_f3_median,0.16917079307369934,prosody
ANG,prosody_f3_bw_median,0.2509257605436294,prosody
ANG,prosody_f4_mean,0.5354043200731399,prosody
ANG,prosody_f4_std,0.08879729520741625,prosody
ANG,prosody_f4_median,0.10576752360130626,prosody
ANG,prosody_f5_mean,0.20976462740542315,prosody
ANG,prosody_f5_std,0.16099722471974437,prosody
ANG,prosody_f5_median,0.2864753218201078,prosody
ANG,prosody_intensity_mean,0.2580078537160134,prosody
ANG,prosody_intensity_std,1.0814571241953632,prosody
ANG,prosody_intensity_min,0.41950007265359945,prosody
ANG,prosody_intensity_max,0.21243855054185407,prosody
ANG,prosody_intensity_median,0.05476774354788814,prosody
ANG,prosody_intensity_iqr,0.33477183485842865,prosody
ANG,prosody_intensity_skew,0.6215501293167779,prosody
ANG,prosody_intensity_kurt,0.15884354813870466,prosody
ANG,prosody_cpps,0.5905165912441012,prosody
DIS,duration_s,0.41887519646584326,other
DIS,peak_amplitude,0.06883453898717957,other
DIS,spectral_centroid_mean,0.49728850921283424,spectral
DIS,spectral_centroid_std,0.49790174636565837,spectral
DIS,spectral_centroid_min,4.574312039033734e-05,spectral
DIS,spectral_centroid_max,0.07813757728536935,spectral
DIS,spectral_centroid_median,0.1474806176787136,spectral
DIS,spectral_centroid_iqr,0.40206116015471566,spectral
DIS,spectral_centroid_skew,0.0891890803888392,spectral
DIS,spectral_centroid_kurt,0.0021227402800386885,spectral
DIS,spectral_bandwidth_mean,0.49788940980490215,spectral
DIS,spectral_bandwidth_std,0.23617339779313676,spectral
DIS,spectral_bandwidth_min,0.1140133094115149,spectral
DIS,spectral_bandwidth_max,0.06403674374723106,spectral
DIS,spectral_bandwidth_median,0.21533068744369166,spectral
DIS,spectral_bandwidth_iqr,0.21096212865753527,spectral
DIS,spectral_bandwidth_skew,0.05278401672106288,spectral
DIS,spectral_bandwidth_kurt,0.2869092212492068,spectral
DIS,spectral_rolloff85_mean,0.13619834600890465,spectral
DIS,spectral_rolloff85_std,0.075446891028317,spectral
DIS,spectral_rolloff85_min,0.030657199774787227,spectral
DIS,spectral_rolloff85_max,0.1586502298091554,spectral
DIS,spectral_rolloff85_median,0.014133579134589654,spectral
DIS,spectral_rolloff85_iqr,0.009152383328277692,spectral
DIS,spectral_rolloff85_skew,0.17497925043469123,spectral
DIS,spectral_rolloff85_kurt,0.1285962497714536,spectral
DIS,spectral_rolloff95_mean,0.7072414023923101,spectral
DIS,spectral_rolloff95_std,0.30577993072295157,spectral
DIS,spectral_rolloff95_min,0.038083319297470775,spectral
DIS,spectral_rolloff95_max,0.1682937913778634,spectral
DIS,spectral_rolloff95_median,0.02089877525541981,spectral
DIS,spectral_rolloff95_iqr,0.059446315237029285,spectral
DIS,spectral_rolloff95_skew,0.14200946682932097,spectral
DIS,spectral_rolloff95_kurt,0.03042497931718793,spectral
DIS,spectral_flatness_mean,0.4826456337041166,spectral
DIS,spectral_flatness_std,0.013982180292351046,spectral
DIS,spectral_flatness_min,0.023597920108254223,spectral
DIS,spectral_flatness_max,0.3233771789186281,spectral
DIS,spectral_flatness_median,0.32883927453389145,spectral
DIS,spectral_flatness_iqr,0.13045937809263933,spectral
DIS,spectral_flatness_skew,0.17103347403873187,spectral
DIS,spectral_flatness_kurt,0.01910843861990186,spectral
DIS,spectral_zcr_mean,0.30724071890666144,spectral
DIS,spectral_zcr_std,0.47743582952799063,spectral
DIS,spectral_zcr_min,0.026897976229368663,spectral
DIS,spectral_zcr_max,0.08471271079526822,spectral
DIS,spectral_zcr_median,0.13936260301505043,spectral
DIS,spectral_zcr_iqr,0.17640124512412306,spectral
DIS,spectral_zcr_skew,0.16720728447623515,spectral
DIS,spectral_zcr_kurt,0.03455018417818843,spectral
DIS,spectral_rms_mean,1.2142098696929968,spectral
DIS,spectral_rms_std,0.22667869354210646,spectral
DIS,spectral_rms_min,0.13677603538108254,spectral
DIS,spectral_rms_max,0.08615126845211094,spectral
DIS,spectral_rms_median,0.34921303930463116,spectral
DIS,spectral_rms_iqr,0.201623290538995,spectral
DIS,spectral_rms_skew,0.2922441796570567,spectral
DIS,spectral_rms_kurt,0.09770974698632688,spectral
DIS,spectral_flux_mean,0.07690739831774486,spectral
DIS,spectral_flux_std,0.03767352118113916,spectral
DIS,spectral_flux_min,0.08057420493873825,spectral
DIS,spectral_flux_max,0.025240470142732774,spectral
DIS,spectral_flux_median,0.3474960977434291,spectral
DIS,spectral_flux_iqr,0.09175246038352046,spectral
DIS,spectral_flux_skew,0.4437982680190258,spectral
DIS,spectral_flux_kurt,0.2466197440693306,spectral
DIS,spectral_entropy_mean,0.18921539065481863,spectral
DIS,spectral_entropy_std,0.2696675870263275,spectral
DIS,spectral_entropy_min,0.10891810060882832,spectral
DIS,spectral_entropy_max,0.003373319862704296,spectral
DIS,spectral_entropy_median,0.39368212605002073,spectral
DIS,spectral_entropy_iqr,0.16658049456028814,spectral
DIS,spectral_entropy_skew,0.15435999755130447,spectral
DIS,spectral_entropy_kurt,0.0701168682274043,spectral
DIS,spectral_slope_mean,0.3192496804144428,spectral
DIS,spectral_slope_std,0.01495792891541011,spectral
DIS,spectral_slope_min,0.11942232508824054,spectral
DIS,spectral_slope_max,0.2302932335659186,spectral
DIS,spectral_slope_median,0.23967143410510364,spectral
DIS,spectral_slope_iqr,0.012517242785108422,spectral
DIS,spectral_slope_skew,0.02781389905975696,spectral
DIS,spectral_slope_kurt,0.20280362465651222,spectral
DIS,spectral_band_0_500_mean,0.3382824539767359,spectral
DIS,spectral_band_0_500_std,0.07677113492724372,spectral
DIS,spectral_band_500_1000_mean,0.1626386791845747,spectral
DIS,spectral_band_500_1000_std,0.6291466629816653,spectral
DIS,spectral_band_1000_2000_mean,0.5590677325298605,spectral
DIS,spectral_band_1000_2000_std,0.46242626811882237,spectral
DIS,spectral_band_2000_3000_mean,0.22900049961161306,spectral
DIS,spectral_band_2000_3000_std,0.12121412016548187,spectral
DIS,spectral_band_3000_4000_mean,0.1599993553740877,spectral
DIS,spectral_band_3000_4000_std,0.033782301725825345,spectral
DIS,spectral_band_4000_5000_mean,0.17013360434939062,spectral
DIS,spectral_band_4000_5000_std,0.12314903082949966,spectral
DIS,spectral_band_5000_6000_mean,0.080914019627403,spectral
DIS,spectral_band_5000_6000_std,0.1301273255759434,spectral
DIS,spectral_band_6000_8000_mean,0.024302607265882268,spectral
DIS,spectral_band_6000_8000_std,0.07505262195209425,spectral
DIS,spectral_hf_ratio_4000_mean,0.024978161813341296,spectral
DIS,spectral_hf_ratio_4000_std,0.3829715353753851,spectral
DIS,spectral_hf_ratio_6000_mean,0.009844952378281752,spectral
DIS,spectral_hf_ratio_6000_std,0.05402449913615259,spectral
DIS,spectral_contrast_0_mean,0.09396790413440413,spectral
DIS,spectral_contrast_0_std,0.09814523933278614,spectral
DIS,spectral_contrast_1_mean,0.06215222093634553,spectral
DIS,spectral_contrast_1_std,0.1644411765761915,spectral
DIS,spectral_contrast_2_mean,0.20450518293971193,spectral
DIS,spectral_contrast_2_std,0.04253948208520717,spectral
DIS,spectral_contrast_3_mean,0.14232585361678227,spectral
DIS,spectral_contrast_3_std,0.07471384092271224,spectral
DIS,spectral_contrast_4_mean,0.4079938667011978,spectral
DIS,spectral_contrast_4_std,0.16606441999106092,spectral
DIS,spectral_contrast_5_mean,0.556651350170742,spectral
DIS,spectral_contrast_5_std,0.15454443588271696,spectral
DIS,spectral_contrast_6_mean,0.1078413501787178,spectral
DIS,spectral_contrast_6_std,0.12069583621671541,spectral
DIS,mfcc_00_mean,0.5948551641633011,mfcc
DIS,mfcc_00_std,0.13132228821127848,mfcc
DIS,mfcc_00_min,0.09477026071435332,mfcc
DIS,mfcc_00_max,0.14460168986850694,mfcc
DIS,mfcc_00_median,0.14703889537658293,mfcc
DIS,mfcc_00_iqr,0.2763561334368045,mfcc
DIS,mfcc_00_skew,0.3634417857109303,mfcc
DIS,mfcc_00_kurt,0.06116971278590636,mfcc
DIS,mfcc_01_mean,0.3798304704662958,mfcc
DIS,mfcc_01_std,0.3063603666076137,mfcc
DIS,mfcc_01_min,0.08912930025979032,mfcc
DIS,mfcc_01_max,0.1750834241805002,mfcc
DIS,mfcc_01_median,0.15904613550145452,mfcc
DIS,mfcc_01_iqr,0.15933899275129615,mfcc
DIS,mfcc_01_skew,0.1553369499161828,mfcc
DIS,mfcc_01_kurt,0.026345729629401213,mfcc
DIS,mfcc_02_mean,0.11022053995552065,mfcc
DIS,mfcc_02_std,0.5760705401410812,mfcc
DIS,mfcc_02_min,0.22854921735009076,mfcc
DIS,mfcc_02_max,0.1375772725184166,mfcc
DIS,mfcc_02_median,0.343197279012583,mfcc
DIS,mfcc_02_iqr,0.3512198956869382,mfcc
DIS,mfcc_02_skew,0.03603909426315386,mfcc
DIS,mfcc_02_kurt,0.07955487354423209,mfcc
DIS,mfcc_03_mean,0.36660781256799574,mfcc
DIS,mfcc_03_std,0.37574984005122464,mfcc
DIS,mfcc_03_min,0.28193197123482494,mfcc
DIS,mfcc_03_max,0.029672276411954204,mfcc
DIS,mfcc_03_median,0.14593626753557984,mfcc
DIS,mfcc_03_iqr,0.13158118660217652,mfcc
DIS,mfcc_03_skew,0.02738230391348387,mfcc
DIS,mfcc_03_kurt,0.036945821292044746,mfcc
DIS,mfcc_04_mean,0.5046584692230716,mfcc
DIS,mfcc_04_std,0.92304777509121,mfcc
DIS,mfcc_04_min,0.13806616089791324,mfcc
DIS,mfcc_04_max,0.04540710389704377,mfcc
DIS,mfcc_04_median,0.22104231874174626,mfcc
DIS,mfcc_04_iqr,0.012249775805298227,mfcc
DIS,mfcc_04_skew,0.02097538722803782,mfcc
DIS,mfcc_04_kurt,0.05750097781943557,mfcc
DIS,mfcc_05_mean,0.17349773545379737,mfcc
DIS,mfcc_05_std,0.1751139851168166,mfcc
DIS,mfcc_05_min,0.12023916507306218,mfcc
DIS,mfcc_05_max,0.07977824015828765,mfcc
DIS,mfcc_05_median,0.17049752517602393,mfcc
DIS,mfcc_05_iqr,0.07062889192577511,mfcc
DIS,mfcc_05_skew,0.10434051927930353,mfcc
DIS,mfcc_05_kurt,0.15675265703369617,mfcc
DIS,mfcc_06_mean,0.21178885284730598,mfcc
DIS,mfcc_06_std,0.2443662413291933,mfcc
DIS,mfcc_06_min,0.29606733936182356,mfcc
DIS,mfcc_06_max,0.1089707352363723,mfcc
DIS,mfcc_06_median,0.12411274374375963,mfcc
DIS,mfcc_06_iqr,0.2550518651135022,mfcc
DIS,mfcc_06_skew,0.05978316303837959,mfcc
DIS,mfcc_06_kurt,0.03957663595435154,mfcc
DIS,mfcc_07_mean,0.05461144412630391,mfcc
DIS,mfcc_07_std,0.1251679890433717,mfcc
DIS,mfcc_07_min,0.41414210173376836,mfcc
DIS,mfcc_07_max,0.042954000049674965,mfcc
DIS,mfcc_07_median,0.41580334003850555,mfcc
DIS,mfcc_07_iqr,0.05867640254920067,mfcc
DIS,mfcc_07_skew,0.21081077673169665,mfcc
DIS,mfcc_07_kurt,0.06338541699115106,mfcc
DIS,mfcc_08_mean,0.15665939073449073,mfcc
DIS,mfcc_08_std,0.28958292127508994,mfcc
DIS,mfcc_08_min,0.0020483242021584656,mfcc
DIS,mfcc_08_max,0.026995865951288812,mfcc
DIS,mfcc_08_median,0.11208344899249251,mfcc
DIS,mfcc_08_iqr,0.15301374865286996,mfcc
DIS,mfcc_08_skew,0.16215714525939343,mfcc
DIS,mfcc_08_kurt,0.03484291421107685,mfcc
DIS,mfcc_09_mean,0.14571157762157422,mfcc
DIS,mfcc_09_std,0.10072439248991624,mfcc
DIS,mfcc_09_min,0.3382880334289499,mfcc
DIS,mfcc_09_max,0.21056013572043378,mfcc
DIS,mfcc_09_median,0.22107519410475276,mfcc
DIS,mfcc_09_iqr,0.24429729664651167,mfcc
DIS,mfcc_09_skew,0.25283938814307505,mfcc
DIS,mfcc_09_kurt,0.08623955568704095,mfcc
DIS,mfcc_10_mean,0.32959636315255436,mfcc
DIS,mfcc_10_std,0.3524450702795395,mfcc
DIS,mfcc_10_min,0.05742788227261952,mfcc
DIS,mfcc_10_max,0.11933943998765685,mfcc
DIS,mfcc_10_median,0.1708204039463813,mfcc
DIS,mfcc_10_iqr,0.10728393307920774,mfcc
DIS,mfcc_10_skew,0.06705778235581077,mfcc
DIS,mfcc_10_kurt,0.06900224123530449,mfcc
DIS,mfcc_11_mean,0.1615492243510844,mfcc
DIS,mfcc_11_std,0.0984794201839731,mfcc
DIS,mfcc_11_min,0.10212713385408405,mfcc
DIS,mfcc_11_max,0.010546248864167695,mfcc
DIS,mfcc_11_median,0.029471345775155897,mfcc
DIS,mfcc_11_iqr,0.04398921711102567,mfcc
DIS,mfcc_11_skew,0.12747885959638505,mfcc
DIS,mfcc_11_kurt,0.06234978330613384,mfcc
DIS,mfcc_12_mean,0.10467287769503898,mfcc
DIS,mfcc_12_std,0.2376544191035334,mfcc
DIS,mfcc_12_min,0.17144570034873383,mfcc
DIS,mfcc_12_max,0.17946552298327098,mfcc
DIS,mfcc_12_median,0.02856578235643004,mfcc
DIS,mfcc_12_iqr,0.0014786811733926777,mfcc
DIS,mfcc_12_skew,0.02361470268537921,mfcc
DIS,mfcc_12_kurt,0.054535006697050935,mfcc
DIS,mfcc_13_mean,0.11934899327394868,mfcc
DIS,mfcc_13_std,0.3940250967127582,mfcc
DIS,mfcc_13_min,0.011620335577763437,mfcc
DIS,mfcc_13_max,0.034324826681975715,mfcc
DIS,mfcc_13_median,0.1582348235352202,mfcc
DIS,mfcc_13_iqr,0.16111468663002712,mfcc
DIS,mfcc_13_skew,0.06403715434672357,mfcc
DIS,mfcc_13_kurt,0.040350713776875595,mfcc
DIS,mfcc_14_mean,0.051929656803377654,mfcc
DIS,mfcc_14_std,0.03603078204995397,mfcc
DIS,mfcc_14_min,0.3083601806169546,mfcc
DIS,mfcc_14_max,0.0795339883911777,mfcc
DIS,mfcc_14_median,0.09813655894116273,mfcc
DIS,mfcc_14_iqr,0.1856844201745851,mfcc
DIS,mfcc_14_skew,0.30236107260359907,mfcc
DIS,mfcc_14_kurt,0.23145954823805415,mfcc
DIS,mfcc_15_mean,0.22062739177831558,mfcc
DIS,mfcc_15_std,0.012977397764437527,mfcc
DIS,mfcc_15_min,0.07655295224991071,mfcc
DIS,mfcc_15_max,0.1591611237008464,mfcc
DIS,mfcc_15_median,0.07616988269433105,mfcc
DIS,mfcc_15_iqr,0.08570414802841539,mfcc
DIS,mfcc_15_skew,0.05193609658100378,mfcc
DIS,mfcc_15_kurt,0.10362747066804075,mfcc
DIS,mfcc_16_mean,0.06694769479988173,mfcc
DIS,mfcc_16_std,0.0424435921189349,mfcc
DIS,mfcc_16_min,0.066789236939166,mfcc
DIS,mfcc_16_max,0.13480697433739802,mfcc
DIS,mfcc_16_median,0.09399538636111796,mfcc
DIS,mfcc_16_iqr,0.11744191865683563,mfcc
DIS,mfcc_16_skew,0.04129445533582726,mfcc
DIS,mfcc_16_kurt,0.06925304332799972,mfcc
DIS,mfcc_17_mean,0.26197523128366856,mfcc
DIS,mfcc_17_std,0.27707173808233704,mfcc
DIS,mfcc_17_min,0.02764311531978039,mfcc
DIS,mfcc_17_max,0.11296924876012776,mfcc
DIS,mfcc_17_median,0.15322829709309668,mfcc
DIS,mfcc_17_iqr,0.0864200325288354,mfcc
DIS,mfcc_17_skew,0.017463864358821336,mfcc
DIS,mfcc_17_kurt,0.12002449485260698,mfcc
DIS,mfcc_18_mean,0.09878790698794909,mfcc
DIS,mfcc_18_std,0.18197340186822633,mfcc
DIS,mfcc_18_min,0.023296857198964835,mfcc
DIS,mfcc_18_max,0.16324955769761773,mfcc
DIS,mfcc_18_median,0.0279633029185335,mfcc
DIS,mfcc_18_iqr,0.041380018284076704,mfcc
DIS,mfcc_18_skew,0.09476858714902775,mfcc
DIS,mfcc_18_kurt,0.0058850192051639405,mfcc
DIS,mfcc_19_mean,0.23265107613046376,mfcc
DIS,mfcc_19_std,0.209340040186871,mfcc
DIS,mfcc_19_min,0.0464925008199524,mfcc
DIS,mfcc_19_max,0.09222694466409462,mfcc
DIS,mfcc_19_median,0.08209617736133898,mfcc
DIS,mfcc_19_iqr,0.013060600510070451,mfcc
DIS,mfcc_19_skew,0.00243431314659185,mfcc
DIS,mfcc_19_kurt,0.0639560561458546,mfcc
DIS,mfcc_d1_00_mean,0.08493452656466259,mfcc
DIS,mfcc_d1_00_std,0.24909072716968633,mfcc
DIS,mfcc_d2_00_mean,0.0011460156975325172,mfcc
DIS,mfcc_d2_00_std,0.5443906746480894,mfcc
DIS,mfcc_d1_01_mean,0.0351189000196162,mfcc
DIS,mfcc_d1_01_std,0.29753868214446727,mfcc
DIS,mfcc_d2_01_mean,0.03359833679490998,mfcc
DIS,mfcc_d2_01_std,0.07966890680369901,mfcc
DIS,mfcc_d1_02_mean,0.12923156309612266,mfcc
DIS,mfcc_d1_02_std,0.49882669396953344,mfcc
DIS,mfcc_d2_02_mean,0.12339306926665654,mfcc
DIS,mfcc_d2_02_std,0.20624589186546746,mfcc
DIS,mfcc_d1_03_mean,0.03682963013340853,mfcc
DIS,mfcc_d1_03_std,0.3726766149327973,mfcc
DIS,mfcc_d2_03_mean,0.032467812942023236,mfcc
DIS,mfcc_d2_03_std,0.12899241673467485,mfcc
DIS,mfcc_d1_04_mean,0.07921465015082113,mfcc
DIS,mfcc_d1_04_std,0.24724686123876485,mfcc
DIS,mfcc_d2_04_mean,0.03306515668187382,mfcc
DIS,mfcc_d2_04_std,0.06398976828984689,mfcc
DIS,mfcc_d1_05_mean,0.05886500399368809,mfcc
DIS,mfcc_d1_05_std,0.04630254411745688,mfcc
DIS,mfcc_d2_05_mean,0.024265910111974223,mfcc
DIS,mfcc_d2_05_std,0.06884230598160052,mfcc
DIS,mfcc_d1_06_mean,0.0034869756220730387,mfcc
DIS,mfcc_d1_06_std,0.09849490010659061,mfcc
DIS,mfcc_d2_06_mean,0.09357807731001938,mfcc
DIS,mfcc_d2_06_std,0.11547104891854398,mfcc
DIS,mfcc_d1_07_mean,0.06299034281270241,mfcc
DIS,mfcc_d1_07_std,0.05471183122512699,mfcc
DIS,mfcc_d2_07_mean,0.03694873918802775,mfcc
DIS,mfcc_d2_07_std,0.1615303013745637,mfcc
DIS,mfcc_d1_08_mean,0.05105617368510064,mfcc
DIS,mfcc_d1_08_std,0.17400435444344997,mfcc
DIS,mfcc_d2_08_mean,0.009891821462109696,mfcc
DIS,mfcc_d2_08_std,0.025115142057834532,mfcc
DIS,mfcc_d1_09_mean,0.06484826994645684,mfcc
DIS,mfcc_d1_09_std,0.08988912882439469,mfcc
DIS,mfcc_d2_09_mean,0.036774569090362405,mfcc
DIS,mfcc_d2_09_std,0.043925253220053216,mfcc
DIS,mfcc_d1_10_mean,0.12880925199622179,mfcc
DIS,mfcc_d1_10_std,0.31466006348088915,mfcc
DIS,mfcc_d2_10_mean,0.013455211642329773,mfcc
DIS,mfcc_d2_10_std,0.0036407207239010195,mfcc
DIS,mfcc_d1_11_mean,0.028768514840519867,mfcc
DIS,mfcc_d1_11_std,0.08392448037509198,mfcc
DIS,mfcc_d2_11_mean,0.04512793073457341,mfcc
DIS,mfcc_d2_11_std,0.10191999166690371,mfcc
DIS,mfcc_d1_12_mean,0.03143458199994117,mfcc
DIS,mfcc_d1_12_std,0.15681526265521686,mfcc
DIS,mfcc_d2_12_mean,0.03184825382910855,mfcc
DIS,mfcc_d2_12_std,0.09960430584189134,mfcc
DIS,mfcc_d1_13_mean,0.01861849177605977,mfcc
DIS,mfcc_d1_13_std,0.1447403637579815,mfcc
DIS,mfcc_d2_13_mean,0.05074453328303579,mfcc
DIS,mfcc_d2_13_std,0.06236393183472233,mfcc
DIS,mfcc_d1_14_mean,0.02439133992279057,mfcc
DIS,mfcc_d1_14_std,0.01039324216156134,mfcc
DIS,mfcc_d2_14_mean,0.12187905777739173,mfcc
DIS,mfcc_d2_14_std,0.02249155502345367,mfcc
DIS,mfcc_d1_15_mean,0.03915581164701859,mfcc
DIS,mfcc_d1_15_std,0.10521935324957875,mfcc
DIS,mfcc_d2_15_mean,0.08435479072077172,mfcc
DIS,mfcc_d2_15_std,0.11591157779929889,mfcc
DIS,mfcc_d1_16_mean,0.04339007330465764,mfcc
DIS,mfcc_d1_16_std,0.23552019205972902,mfcc
DIS,mfcc_d2_16_mean,0.035266054829419295,mfcc
DIS,mfcc_d2_16_std,0.10514743574545399,mfcc
DIS,mfcc_d1_17_mean,0.08105558136194496,mfcc
DIS,mfcc_d1_17_std,0.33381300127255886,mfcc
DIS,mfcc_d2_17_mean,0.03519319342770786,mfcc
DIS,mfcc_d2_17_std,0.2072901277660756,mfcc
DIS,mfcc_d1_18_mean,0.021144495766515305,mfcc
DIS,mfcc_d1_18_std,0.10250691841750258,mfcc
DIS,mfcc_d2_18_mean,0.043361926853149,mfcc
DIS,mfcc_d2_18_std,0.010815201946658241,mfcc
DIS,mfcc_d1_19_mean,0.046269365828235307,mfcc
DIS,mfcc_d1_19_std,0.5637373598221255,mfcc
DIS,mfcc_d2_19_mean,0.0010014291483155145,mfcc
DIS,mfcc_d2_19_std,0.2922704248860148,mfcc
DIS,chroma_00_mean,0.0248370960903078,chroma
DIS,chroma_00_std,0.32696188229361905,chroma
DIS,chroma_01_mean,0.08886372677244939,chroma
DIS,chroma_01_std,0.2779841811718152,chroma
DIS,chroma_02_mean,0.2448317691298902,chroma
DIS,chroma_02_std,0.13832965495468166,chroma
DIS,chroma_03_mean,0.30295965314265755,chroma
DIS,chroma_03_std,0.06853093461252055,chroma
DIS,chroma_04_mean,0.5079290343420234,chroma
DIS,chroma_04_std,0.20171471655406042,chroma
DIS,chroma_05_mean,0.16040999233902342,chroma
DIS,chroma_05_std,0.022413493673698465,chroma
DIS,chroma_06_mean,0.3216305082976801,chroma
DIS,chroma_06_std,0.11330939125918413,chroma
DIS,chroma_07_mean,0.16612157515671677,chroma
DIS,chroma_07_std,0.11849340656193592,chroma
DIS,chroma_08_mean,0.15525267327151795,chroma
DIS,chroma_08_std,0.17889874406502937,chroma
DIS,chroma_09_mean,0.31911820103677396,chroma
DIS,chroma_09_std,0.15259332858771432,chroma
DIS,chroma_10_mean,0.09980142521591365,chroma
DIS,chroma_10_std,0.10155617389018194,chroma
DIS,chroma_11_mean,0.21791949904048608,chroma
DIS,chroma_11_std,0.4116086853492853,chroma
DIS,prosody_f0_mean,0.40499890397893407,prosody
DIS,prosody_f0_std,0.22064988914029893,prosody
DIS,prosody_f0_min,0.17844084727982717,prosody
DIS,prosody_f0_max,0.21101032057362695,prosody
DIS,prosody_f0_median,0.5446898185148434,prosody
DIS,prosody_f0_iqr,0.03482759390943633,prosody
DIS,prosody_f0_skew,0.14209846999744244,prosody
DIS,prosody_f0_kurt,0.08031173605638613,prosody
DIS,prosody_voiced_fraction,0.11807113397900561,prosody
DIS,prosody_f0_slope_abs_mean,0.27553626990153207,prosody
DIS,prosody_n_voiced_segments,0.09888115936704184,prosody
DIS,prosody_voiced_rate_per_s,0.23037540192601805,prosody
DIS,prosody_mean_voiced_seg_s,0.052603973697381554,prosody
DIS,prosody_pause_fraction,0.11807113397900001,prosody
DIS,prosody_jitter_local,0.253293023994902,prosody
DIS,prosody_jitter_rap,0.056539405209453976,prosody
DIS,prosody_jitter_ppq5,0.16869450777748565,prosody
DIS,prosody_jitter_ddp,0.056539405209450375,prosody
DIS,prosody_shimmer_local,0.11117260945409631,prosody
DIS,prosody_shimmer_localdb,0.08520847825175072,prosody
DIS,prosody_shimmer_apq3,0.010584506492887466,prosody
DIS,prosody_shimmer_apq5,0.14112553192611083,prosody
DIS,prosody_shimmer_apq11,0.02169842470110869,prosody
DIS,prosody_shimmer_dda,0.01058450649289017,prosody
DIS,prosody_hnr_mean,0.18736134490514733,prosody
DIS,prosody_hnr_std,0.04768871370409222,prosody
DIS,prosody_hnr_min,0.013343167404543024,prosody
DIS,prosody_hnr_max,0.03539246242536844,prosody
DIS,prosody_hnr_median,0.22287438825020056,prosody
DIS,prosody_f1_mean,0.42490869087848676,prosody
DIS,prosody_f1_std,0.0727256083739592,prosody
DIS,prosody_f1_median,0.27447997135587565,prosody
DIS,prosody_f1_bw_median,0.11581299908239916,prosody
DIS,prosody_f2_mean,0.03655662714363177,prosody
DIS,prosody_f2_std,0.3543484458094009,prosody
DIS,prosody_f2_median,0.3352170153645974,prosody
DIS,prosody_f2_bw_median,0.1769221574302092,prosody
DIS,prosody_f3_mean,0.09115097609507174,prosody
DIS,prosody_f3_std,0.01393173831646085,prosody
DIS,prosody_f3_median,0.12257128189829937,prosody
DIS,prosody_f3_bw_median,0.1286186577870016,prosody
DIS,prosody_f4_mean,0.17831145250172317,prosody
DIS,prosody_f4_std,0.25457250550307736,prosody
DIS,prosody_f4_median,0.005032370319411749,prosody
DIS,prosody_f5_mean,0.3749742240605224,prosody
DIS,prosody_f5_std,0.2568894230155771,prosody
DIS,prosody_f5_median,0.27930610649267046,prosody
DIS,prosody_intensity_mean,0.1885180587705906,prosody
DIS,prosody_intensity_std,0.5911356150423626,prosody
DIS,prosody_intensity_min,0.3646752607102097,prosody
DIS,prosody_intensity_max,0.032915524953094015,prosody
DIS,prosody_intensity_median,0.7288918251062123,prosody
DIS,prosody_intensity_iqr,0.42163641574027794,prosody
DIS,prosody_intensity_skew,0.06478586426335899,prosody
DIS,prosody_intensity_kurt,0.15661553656057398,prosody
DIS,prosody_cpps,0.3317866194192142,prosody
FEA,duration_s,0.16729617530870847,other
FEA,peak_amplitude,0.16512519645122647,other
FEA,spectral_centroid_mean,0.8540458704259646,spectral
FEA,spectral_centroid_std,0.18705588680926263,spectral
FEA,spectral_centroid_min,0.034522569399685066,spectral
FEA,spectral_centroid_max,0.2816566630600029,spectral
FEA,spectral_centroid_median,0.37138711461947727,spectral
FEA,spectral_centroid_iqr,0.4454496047321646,spectral
FEA,spectral_centroid_skew,0.31081940000491687,spectral
FEA,spectral_centroid_kurt,0.07018580646395006,spectral
FEA,spectral_bandwidth_mean,0.20614425934527125,spectral
FEA,spectral_bandwidth_std,0.4166379705038273,spectral
FEA,spectral_bandwidth_min,0.25346205582173165,spectral
FEA,spectral_bandwidth_max,0.1932365016334092,spectral
FEA,spectral_bandwidth_median,0.7240526549269303,spectral
FEA,spectral_bandwidth_iqr,0.3643276413256623,spectral
FEA,spectral_bandwidth_skew,0.046805069139127735,spectral
FEA,spectral_bandwidth_kurt,0.039653555249842355,spectral
FEA,spectral_rolloff85_mean,0.05340568465156893,spectral
FEA,spectral_rolloff85_std,0.255975288667322,spectral
FEA,spectral_rolloff85_min,0.012508079485682708,spectral
FEA,spectral_rolloff85_max,0.13918233978089173,spectral
FEA,spectral_rolloff85_median,0.014096480474033963,spectral
FEA,spectral_rolloff85_iqr,0.29028623492259054,spectral
FEA,spectral_rolloff85_skew,0.2517490738646481,spectral
FEA,spectral_rolloff85_kurt,0.12792413950506268,spectral
FEA,spectral_rolloff95_mean,0.1291479811735444,spectral
FEA,spectral_rolloff95_std,0.850708545256672,spectral
FEA,spectral_rolloff95_min,0.07661722697378169,spectral
FEA,spectral_rolloff95_max,0.032968107618630955,spectral
FEA,spectral_rolloff95_median,0.4128912234365378,spectral
FEA,spectral_rolloff95_iqr,0.29558847998656207,spectral
FEA,spectral_rolloff95_skew,0.010805337464195071,spectral
FEA,spectral_rolloff95_kurt,0.0650106258364418,spectral
FEA,spectral_flatness_mean,0.8177371055592338,spectral
FEA,spectral_flatness_std,0.11895479868975599,spectral
FEA,spectral_flatness_min,0.13503523571989728,spectral
FEA,spectral_flatness_max,0.11918482794391579,spectral
FEA,spectral_flatness_median,0.34362047071217766,spectral
FEA,spectral_flatness_iqr,0.17666978884300596,spectral
FEA,spectral_flatness_skew,0.09681232567572542,spectral
FEA,spectral_flatness_kurt,0.12653958698827972,spectral
FEA,spectral_zcr_mean,0.1648281818119229,spectral
FEA,spectral_zcr_std,0.45048337246325415,spectral
FEA,spectral_zcr_min,0.027132967276805278,spectral
FEA,spectral_zcr_max,0.16151026788601178,spectral
FEA,spectral_zcr_median,0.07304811024802045,spectral
FEA,spectral_zcr_iqr,0.2074614902831418,spectral
FEA,spectral_zcr_skew,0.06470968496734256,spectral
FEA,spectral_zcr_kurt,0.052737547663504865,spectral
FEA,spectral_rms_mean,0.4141282920068555,spectral
FEA,spectral_rms_std,0.03902177504599864,spectral
FEA,spectral_rms_min,0.14645191493971804,spectral
FEA,spectral_rms_max,0.1419742162391844,spectral
FEA,spectral_rms_median,0.0004523863592327345,spectral
FEA,spectral_rms_iqr,0.14845750610901803,spectral
FEA,spectral_rms_skew,0.35282740488990016,spectral
FEA,spectral_rms_kurt,0.11844161190465537,spectral
FEA,spectral_flux_mean,0.16744208620765283,spectral
FEA,spectral_flux_std,0.1570027323203494,spectral
FEA,spectral_flux_min,0.2363134180385996,spectral
FEA,spectral_flux_max,0.07896922374859025,spectral
FEA,spectral_flux_median,0.05644365486049575,spectral
FEA,spectral_flux_iqr,0.13351653770090197,spectral
FEA,spectral_flux_skew,0.11103242293118873,spectral
FEA,spectral_flux_kurt,0.07957912195945628,spectral
FEA,spectral_entropy_mean,0.5800789918975691,spectral
FEA,spectral_entropy_std,0.3710091982066291,spectral
FEA,spectral_entropy_min,0.036390601871978914,spectral
FEA,spectral_entropy_max,0.1283978054535027,spectral
FEA,spectral_entropy_median,0.3015243537236443,spectral
FEA,spectral_entropy_iqr,0.13038728652763107,spectral
FEA,spectral_entropy_skew,0.07684529998329692,spectral
FEA,spectral_entropy_kurt,0.2428145682329039,spectral
FEA,spectral_slope_mean,0.11837919940928542,spectral
FEA,spectral_slope_std,0.1491499813064442,spectral
FEA,spectral_slope_min,0.06223117823096849,spectral
FEA,spectral_slope_max,0.12590870655214004,spectral
FEA,spectral_slope_median,0.4616313367192755,spectral
FEA,spectral_slope_iqr,0.13959739276062227,spectral
FEA,spectral_slope_skew,0.03852410752716293,spectral
FEA,spectral_slope_kurt,0.046648382661793227,spectral
FEA,spectral_band_0_500_mean,0.44467729715397636,spectral
FEA,spectral_band_0_500_std,0.05625472893545882,spectral
FEA,spectral_band_500_1000_mean,0.07690435641367199,spectral
FEA,spectral_band_500_1000_std,0.13176677640465462,spectral
FEA,spectral_band_1000_2000_mean,0.5565059092131001,spectral
FEA,spectral_band_1000_2000_std,0.35135336095983066,spectral
FEA,spectral_band_2000_3000_mean,0.03198243101161194,spectral
FEA,spectral_band_2000_3000_std,0.08418138966580643,spectral
FEA,spectral_band_3000_4000_mean,0.31325541902290377,spectral
FEA,spectral_band_3000_4000_std,0.3297497574860704,spectral
FEA,spectral_band_4000_5000_mean,0.21328839604749616,spectral
FEA,spectral_band_4000_5000_std,0.29096154847319194,spectral
FEA,spectral_band_5000_6000_mean,0.2851788218729528,spectral
FEA,spectral_band_5000_6000_std,0.12375454035479322,spectral
FEA,spectral_band_6000_8000_mean,0.11307848512096356,spectral
FEA,spectral_band_6000_8000_std,0.01785999258290632,spectral
FEA,spectral_hf_ratio_4000_mean,0.2315174347956336,spectral
FEA,spectral_hf_ratio_4000_std,0.2721441543913365,spectral
FEA,spectral_hf_ratio_6000_mean,0.12726340991975113,spectral
FEA,spectral_hf_ratio_6000_std,0.00010199527820311414,spectral
FEA,spectral_contrast_0_mean,0.06782188759850483,spectral
FEA,spectral_contrast_0_std,0.04299326545885189,spectral
FEA,spectral_contrast_1_mean,0.18640188510308142,spectral
FEA,spectral_contrast_1_std,0.11939933995732313,spectral
FEA,spectral_contrast_2_mean,0.061175553226045995,spectral
FEA,spectral_contrast_2_std,0.1306868473240257,spectral
FEA,spectral_contrast_3_mean,0.13611122018231128,spectral
FEA,spectral_contrast_3_std,0.271680323657271,spectral
FEA,spectral_contrast_4_mean,0.07589598268234767,spectral
FEA,spectral_contrast_4_std,0.016859112777369026,spectral
FEA,spectral_contrast_5_mean,0.1088733347546745,spectral
FEA,spectral_contrast_5_std,0.22404355374496124,spectral
FEA,spectral_contrast_6_mean,0.1349292869651704,spectral
FEA,spectral_contrast_6_std,0.03848940299275393,spectral
FEA,mfcc_00_mean,0.685113890169437,mfcc
FEA,mfcc_00_std,0.35381801705041066,mfcc
FEA,mfcc_00_min,0.23923761801758994,mfcc
FEA,mfcc_00_max,0.03741151099422616,mfcc
FEA,mfcc_00_median,0.242052783593709,mfcc
FEA,mfcc_00_iqr,0.34701169542641147,mfcc
FEA,mfcc_00_skew,0.7553127809027715,mfcc
FEA,mfcc_00_kurt,0.2787735316806201,mfcc
FEA,mfcc_01_mean,0.9410212147830388,mfcc
FEA,mfcc_01_std,0.18896894909473597,mfcc
FEA,mfcc_01_min,0.39790939430898364,mfcc
FEA,mfcc_01_max,0.21057735202788536,mfcc
FEA,mfcc_01_median,0.11909063311883891,mfcc
FEA,mfcc_01_iqr,0.004864522589895574,mfcc
FEA,mfcc_01_skew,0.2414360484370664,mfcc
FEA,mfcc_01_kurt,0.28089017194790916,mfcc
FEA,mfcc_02_mean,0.19331054063305886,mfcc
FEA,mfcc_02_std,0.1920296179107919,mfcc
FEA,mfcc_02_min,0.13774243675116404,mfcc
FEA,mfcc_02_max,0.19016136365150738,mfcc
FEA,mfcc_02_median,0.8916875652343508,mfcc
FEA,mfcc_02_iqr,0.5471689329076236,mfcc
FEA,mfcc_02_skew,0.10005050462927997,mfcc
FEA,mfcc_02_kurt,0.06329292459427181,mfcc
FEA,mfcc_03_mean,0.5157438963744875,mfcc
FEA,mfcc_03_std,0.3728262881886409,mfcc
FEA,mfcc_03_min,0.28437319829089225,mfcc
FEA,mfcc_03_max,0.17793504889575354,mfcc
FEA,mfcc_03_median,0.5495121431049237,mfcc
FEA,mfcc_03_iqr,0.046983559271620776,mfcc
FEA,mfcc_03_skew,0.10070219711928623,mfcc
FEA,mfcc_03_kurt,0.01889567132678999,mfcc
FEA,mfcc_04_mean,0.5967971248067817,mfcc
FEA,mfcc_04_std,0.42344004745813535,mfcc
FEA,mfcc_04_min,0.22992334491236618,mfcc
FEA,mfcc_04_max,0.07053526231978385,mfcc
FEA,mfcc_04_median,0.15359348976619902,mfcc
FEA,mfcc_04_iqr,0.20221892604006564,mfcc
FEA,mfcc_04_skew,0.14823615729260173,mfcc
FEA,mfcc_04_kurt,0.014801700808803098,mfcc
FEA,mfcc_05_mean,0.267002492128537,mfcc
FEA,mfcc_05_std,0.33979964883303726,mfcc
FEA,mfcc_05_min,0.008919057269405105,mfcc
FEA,mfcc_05_max,0.05191854932617018,mfcc
FEA,mfcc_05_median,0.0011774389309577287,mfcc
FEA,mfcc_05_iqr,0.13753326025338983,mfcc
FEA,mfcc_05_skew,0.043442231985465596,mfcc
FEA,mfcc_05_kurt,0.02043063180566031,mfcc
FEA,mfcc_06_mean,0.19415344900251882,mfcc
FEA,mfcc_06_std,0.39263739131571657,mfcc
FEA,mfcc_06_min,0.3508317581053225,mfcc
FEA,mfcc_06_max,0.16995029523635008,mfcc
FEA,mfcc_06_median,0.5144674392117425,mfcc
FEA,mfcc_06_iqr,0.23238626111105154,mfcc
FEA,mfcc_06_skew,0.04408525441683428,mfcc
FEA,mfcc_06_kurt,0.15992033497486086,mfcc
FEA,mfcc_07_mean,0.2057982792127404,mfcc
FEA,mfcc_07_std,0.10530364898399319,mfcc
FEA,mfcc_07_min,0.22929356952287147,mfcc
FEA,mfcc_07_max,0.06823432078976015,mfcc
FEA,mfcc_07_median,0.35660627058115496,mfcc
FEA,mfcc_07_iqr,0.0007372383997200832,mfcc
FEA,mfcc_07_skew,0.017464070823367924,mfcc
FEA,mfcc_07_kurt,0.20024711657490657,mfcc
FEA,mfcc_08_mean,0.06949548740345167,mfcc
FEA,mfcc_08_std,0.050199728041487354,mfcc
FEA,mfcc_08_min,0.043983002974391464,mfcc
FEA,mfcc_08_max,0.15831627985878094,mfcc
FEA,mfcc_08_median,0.16755639893213256,mfcc
FEA,mfcc_08_iqr,0.10692597455303499,mfcc
FEA,mfcc_08_skew,0.10491768397341562,mfcc
FEA,mfcc_08_kurt,0.06839635960366414,mfcc
FEA,mfcc_09_mean,0.31322217226253474,mfcc
FEA,mfcc_09_std,0.22027690751117726,mfcc
FEA,mfcc_09_min,0.04309019193748542,mfcc
FEA,mfcc_09_max,0.05053735675766524,mfcc
FEA,mfcc_09_median,0.372350711288316,mfcc
FEA,mfcc_09_iqr,0.054063486176993414,mfcc
FEA,mfcc_09_skew,0.09891921539425394,mfcc
FEA,mfcc_09_kurt,0.03808505861381253,mfcc
FEA,mfcc_10_mean,0.021749822876238317,mfcc
FEA,mfcc_10_std,0.14509725025265843,mfcc
FEA,mfcc_10_min,0.017807306931539455,mfcc
FEA,mfcc_10_max,0.05516515005288929,mfcc
FEA,mfcc_10_median,0.23749249331012778,mfcc
FEA,mfcc_10_iqr,0.06906868099266321,mfcc
FEA,mfcc_10_skew,0.05896119057709136,mfcc
FEA,mfcc_10_kurt,0.0105872502091887,mfcc
FEA,mfcc_11_mean,0.6059218230617949,mfcc
FEA,mfcc_11_std,0.2545994932140875,mfcc
FEA,mfcc_11_min,0.1283158738759652,mfcc
FEA,mfcc_11_max,0.05864464282463207,mfcc
FEA,mfcc_11_median,0.4819988065955354,mfcc
FEA,mfcc_11_iqr,0.15194011618014758,mfcc
FEA,mfcc_11_skew,0.1802870717098809,mfcc
FEA,mfcc_11_kurt,0.03387874933178645,mfcc
FEA,mfcc_12_mean,0.3487820025777777,mfcc
FEA,mfcc_12_std,0.3630041020786376,mfcc
FEA,mfcc_12_min,0.023145243052758977,mfcc
FEA,mfcc_12_max,0.186218866792434,mfcc
FEA,mfcc_12_median,0.1727223170318589,mfcc
FEA,mfcc_12_iqr,0.20558388338743885,mfcc
FEA,mfcc_12_skew,0.011710350652223488,mfcc
FEA,mfcc_12_kurt,0.025928383797204465,mfcc
FEA,mfcc_13_mean,0.41412864135665023,mfcc
FEA,mfcc_13_std,0.1809631352186389,mfcc
FEA,mfcc_13_min,0.5038740254504532,mfcc
FEA,mfcc_13_max,0.089709440848288,mfcc
FEA,mfcc_13_median,0.2423639818209775,mfcc
FEA,mfcc_13_iqr,0.018915762045267803,mfcc
FEA,mfcc_13_skew,0.1286595576346222,mfcc
FEA,mfcc_13_kurt,0.1464216700401393,mfcc
FEA,mfcc_14_mean,0.17074508482958806,mfcc
FEA,mfcc_14_std,0.3556122618230849,mfcc
FEA,mfcc_14_min,0.263389126712242,mfcc
FEA,mfcc_14_max,0.23654415388031377,mfcc
FEA,mfcc_14_median,0.08121334942986898,mfcc
FEA,mfcc_14_iqr,0.14263503834596922,mfcc
FEA,mfcc_14_skew,0.11851498666387307,mfcc
FEA,mfcc_14_kurt,0.1969435563489894,mfcc
FEA,mfcc_15_mean,0.5112359724742972,mfcc
FEA,mfcc_15_std,0.12323058306332309,mfcc
FEA,mfcc_15_min,0.14101974566848915,mfcc
FEA,mfcc_15_max,0.05686179783772875,mfcc
FEA,mfcc_15_median,0.4146367475122751,mfcc
FEA,mfcc_15_iqr,0.010296451919073251,mfcc
FEA,mfcc_15_skew,0.09728401669072569,mfcc
FEA,mfcc_15_kurt,0.007809458571206737,mfcc
FEA,mfcc_16_mean,0.09103185270693992,mfcc
FEA,mfcc_16_std,0.37402579360504995,mfcc
FEA,mfcc_16_min,0.02411952376464476,mfcc
FEA,mfcc_16_max,0.06755848725673798,mfcc
FEA,mfcc_16_median,0.026311255592668125,mfcc
FEA,mfcc_16_iqr,0.0823589403809852,mfcc
FEA,mfcc_16_skew,9.743036818469465e-05,mfcc
FEA,mfcc_16_kurt,0.08397275117242309,mfcc
FEA,mfcc_17_mean,0.3945185189198648,mfcc
FEA,mfcc_17_std,0.0026052985572213748,mfcc
FEA,mfcc_17_min,0.012732960736144138,mfcc
FEA,mfcc_17_max,0.15014440290338302,mfcc
FEA,mfcc_17_median,0.32860307708513836,mfcc
FEA,mfcc_17_iqr,0.018423616931733455,mfcc
FEA,mfcc_17_skew,0.006315594985943721,mfcc
FEA,mfcc_17_kurt,0.022128102611497932,mfcc
FEA,mfcc_18_mean,0.2917510455143161,mfcc
FEA,mfcc_18_std,0.04888712555058772,mfcc
FEA,mfcc_18_min,0.0834718141272846,mfcc
FEA,mfcc_18_max,0.16173337789287054,mfcc
FEA,mfcc_18_median,0.23121950162405616,mfcc
FEA,mfcc_18_iqr,0.06429118344345527,mfcc
FEA,mfcc_18_skew,0.05021498966165036,mfcc
FEA,mfcc_18_kurt,0.1392059021321505,mfcc
FEA,mfcc_19_mean,0.2728933980137988,mfcc
FEA,mfcc_19_std,0.0842379605279152,mfcc
FEA,mfcc_19_min,0.3058555373603931,mfcc
FEA,mfcc_19_max,0.17963857581066295,mfcc
FEA,mfcc_19_median,0.031075782992499572,mfcc
FEA,mfcc_19_iqr,0.04876963132322722,mfcc
FEA,mfcc_19_skew,0.19031837383582786,mfcc
FEA,mfcc_19_kurt,0.03991204056307829,mfcc
FEA,mfcc_d1_00_mean,0.02243580060963769,mfcc
FEA,mfcc_d1_00_std,0.5268593017884635,mfcc
FEA,mfcc_d2_00_mean,0.010926314796846375,mfcc
FEA,mfcc_d2_00_std,0.14993887655324661,mfcc
FEA,mfcc_d1_01_mean,0.0084336365303489,mfcc
FEA,mfcc_d1_01_std,0.17220114334055187,mfcc
FEA,mfcc_d2_01_mean,0.061134136008482165,mfcc
FEA,mfcc_d2_01_std,0.047616169818034564,mfcc
FEA,mfcc_d1_02_mean,0.07052898545044864,mfcc
FEA,mfcc_d1_02_std,0.4711541019947134,mfcc
FEA,mfcc_d2_02_mean,0.04315437618124348,mfcc
FEA,mfcc_d2_02_std,0.1344979913627002,mfcc
FEA,mfcc_d1_03_mean,0.0464947004391178,mfcc
FEA,mfcc_d1_03_std,0.19752993756921894,mfcc
FEA,mfcc_d2_03_mean,0.11418936534992674,mfcc
FEA,mfcc_d2_03_std,0.2633669635368506,mfcc
FEA,mfcc_d1_04_mean,0.17728585915161485,mfcc
FEA,mfcc_d1_04_std,0.08690711852681407,mfcc
FEA,mfcc_d2_04_mean,0.11104218730276422,mfcc
FEA,mfcc_d2_04_std,0.059041580308452225,mfcc
FEA,mfcc_d1_05_mean,0.06944092179303415,mfcc
FEA,mfcc_d1_05_std,0.2376806708989875,mfcc
FEA,mfcc_d2_05_mean,0.002398956352557021,mfcc
FEA,mfcc_d2_05_std,0.0540048951748633,mfcc
FEA,mfcc_d1_06_mean,0.03224110605702984,mfcc
FEA,mfcc_d1_06_std,0.11687690526109056,mfcc
FEA,mfcc_d2_06_mean,0.01840593361418516,mfcc
FEA,mfcc_d2_06_std,0.04554198647329404,mfcc
FEA,mfcc_d1_07_mean,0.05193355118251566,mfcc
FEA,mfcc_d1_07_std,0.06011316008241887,mfcc
FEA,mfcc_d2_07_mean,0.008023141006098857,mfcc
FEA,mfcc_d2_07_std,0.040047944543126,mfcc
FEA,mfcc_d1_08_mean,0.003938486993113765,mfcc
FEA,mfcc_d1_08_std,0.20505496573380497,mfcc
FEA,mfcc_d2_08_mean,0.009156623756947459,mfcc
FEA,mfcc_d2_08_std,0.12140353305048138,mfcc
FEA,mfcc_d1_09_mean,0.044272592757144666,mfcc
FEA,mfcc_d1_09_std,0.09188751986031458,mfcc
FEA,mfcc_d2_09_mean,0.013084029571118759,mfcc
FEA,mfcc_d2_09_std,0.08278647239424512,mfcc
FEA,mfcc_d1_10_mean,0.026581226059681173,mfcc
FEA,mfcc_d1_10_std,0.06334565500879412,mfcc
FEA,mfcc_d2_10_mean,0.04336040269106666,mfcc
FEA,mfcc_d2_10_std,0.0095645115241339,mfcc
FEA,mfcc_d1_11_mean,0.04864186777899068,mfcc
FEA,mfcc_d1_11_std,0.02643865282406325,mfcc
FEA,mfcc_d2_11_mean,0.02817395034320993,mfcc
FEA,mfcc_d2_11_std,0.14043636045654984,mfcc
FEA,mfcc_d1_12_mean,0.006842763549320819,mfcc
FEA,mfcc_d1_12_std,0.24488782534036257,mfcc
FEA,mfcc_d2_12_mean,0.01687133560409956,mfcc
FEA,mfcc_d2_12_std,0.10283923795614487,mfcc
FEA,mfcc_d1_13_mean,0.029493882555397283,mfcc
FEA,mfcc_d1_13_std,0.11765838343589839,mfcc
FEA,mfcc_d2_13_mean,0.03280354271556523,mfcc
FEA,mfcc_d2_13_std,0.09107922721919415,mfcc
FEA,mfcc_d1_14_mean,0.09443782574277836,mfcc
FEA,mfcc_d1_14_std,0.05707382288855746,mfcc
FEA,mfcc_d2_14_mean,0.04038666882650314,mfcc
FEA,mfcc_d2_14_std,0.0775152122818043,mfcc
FEA,mfcc_d1_15_mean,0.03821762674431851,mfcc
FEA,mfcc_d1_15_std,0.004465061882984983,mfcc
FEA,mfcc_d2_15_mean,0.08700439303030963,mfcc
FEA,mfcc_d2_15_std,0.08251279411674839,mfcc
FEA,mfcc_d1_16_mean,0.019536480449153664,mfcc
FEA,mfcc_d1_16_std,0.22460121286152163,mfcc
FEA,mfcc_d2_16_mean,0.03579646257877299,mfcc
FEA,mfcc_d2_16_std,0.07983566147298077,mfcc
FEA,mfcc_d1_17_mean,0.029304864050303518,mfcc
FEA,mfcc_d1_17_std,0.09160384691968744,mfcc
FEA,mfcc_d2_17_mean,0.03404185216639053,mfcc
FEA,mfcc_d2_17_std,0.0763406947092189,mfcc
FEA,mfcc_d1_18_mean,0.039985690188345906,mfcc
FEA,mfcc_d1_18_std,0.026806868589056218,mfcc
FEA,mfcc_d2_18_mean,0.03685111997636882,mfcc
FEA,mfcc_d2_18_std,0.02702607991596726,mfcc
FEA,mfcc_d1_19_mean,0.02482788630934684,mfcc
FEA,mfcc_d1_19_std,0.11046884035301853,mfcc
FEA,mfcc_d2_19_mean,0.07848670455022687,mfcc
FEA,mfcc_d2_19_std,0.07788293087710554,mfcc
FEA,chroma_00_mean,0.3936945234109491,chroma
FEA,chroma_00_std,0.01920927574348216,chroma
FEA,chroma_01_mean,0.28827975281723783,chroma
FEA,chroma_01_std,0.1619783932984687,chroma
FEA,chroma_02_mean,0.25505088810451265,chroma
FEA,chroma_02_std,0.14699803348349486,chroma
FEA,chroma_03_mean,0.2746649203017223,chroma
FEA,chroma_03_std,0.09258531075824283,chroma
FEA,chroma_04_mean,0.282246404910578,chroma
FEA,chroma_04_std,0.03940086207560243,chroma
FEA,chroma_05_mean,0.14535323352402532,chroma
FEA,chroma_05_std,0.1442720144619056,chroma
FEA,chroma_06_mean,0.3660004406144866,chroma
FEA,chroma_06_std,0.12235666694588057,chroma
FEA,chroma_07_mean,0.1594486441359833,chroma
FEA,chroma_07_std,0.000685321483128942,chroma
FEA,chroma_08_mean,0.016846405911507746,chroma
FEA,chroma_08_std,0.17200267141251838,chroma
FEA,chroma_09_mean,0.2496268832447034,chroma
FEA,chroma_09_std,0.059325748365493564,chroma
FEA,chroma_10_mean,0.6394906530285475,chroma
FEA,chroma_10_std,0.018971642571861864,chroma
FEA,chroma_11_mean,0.0846120830653232,chroma
FEA,chroma_11_std,0.24447493959788755,chroma
FEA,prosody_f0_mean,0.3672472012741893,prosody
FEA,prosody_f0_std,0.0753391405085932,prosody
FEA,prosody_f0_min,0.18334713325239008,prosody
FEA,prosody_f0_max,0.21541798371435955,prosody
FEA,prosody_f0_median,0.37640746036637884,prosody
FEA,prosody_f0_iqr,0.16929679108558499,prosody
FEA,prosody_f0_skew,0.18928465360800273,prosody
FEA,prosody_f0_kurt,0.11284413398762955,prosody
FEA,prosody_voiced_fraction,0.14006415982354914,prosody
FEA,prosody_f0_slope_abs_mean,0.041171685779127276,prosody
FEA,prosody_n_voiced_segments,0.005390123627270483,prosody
FEA,prosody_voiced_rate_per_s,0.021797020613668002,prosody
FEA,prosody_mean_voiced_seg_s,0.11014763067668464,prosody
FEA,prosody_pause_fraction,0.14006415982355663,prosody
FEA,prosody_jitter_local,0.016446464362034986,prosody
FEA,prosody_jitter_rap,0.086561795083975,prosody
FEA,prosody_jitter_ppq5,0.09851361103805883,prosody
FEA,prosody_jitter_ddp,0.08656179508397618,prosody
FEA,prosody_shimmer_local,0.08149264021929559,prosody
FEA,prosody_shimmer_localdb,0.017190731049340133,prosody
FEA,prosody_shimmer_apq3,0.04098820771937712,prosody
FEA,prosody_shimmer_apq5,0.06839489600796334,prosody
FEA,prosody_shimmer_apq11,0.008525202366155732,prosody
FEA,prosody_shimmer_dda,0.04098820771938025,prosody
FEA,prosody_hnr_mean,0.26323332148107637,prosody
FEA,prosody_hnr_std,0.4089618455364693,prosody
FEA,prosody_hnr_min,0.03013331861688574,prosody
FEA,prosody_hnr_max,0.1966584005072396,prosody
FEA,prosody_hnr_median,0.2288054407574801,prosody
FEA,prosody_f1_mean,0.7322272410786402,prosody
FEA,prosody_f1_std,0.27162244286894077,prosody
FEA,prosody_f1_median,0.10124172260686398,prosody
FEA,prosody_f1_bw_median,0.32723690745255873,prosody
FEA,prosody_f2_mean,0.7948874946248161,prosody
FEA,prosody_f2_std,0.12585432233098606,prosody
FEA,prosody_f2_median,0.13035808129789728,prosody
FEA,prosody_f2_bw_median,0.03639542316391795,prosody
FEA,prosody_f3_mean,0.36974636123791566,prosody
FEA,prosody_f3_std,0.14321973295221654,prosody
FEA,prosody_f3_median,0.2263367799460256,prosody
FEA,prosody_f3_bw_median,0.029256467372185863,prosody
FEA,prosody_f4_mean,0.06802695638787515,prosody
FEA,prosody_f4_std,0.07690435599023814,prosody
FEA,prosody_f4_median,0.11079130141060527,prosody
FEA,prosody_f5_mean,0.1903177829403695,prosody
FEA,prosody_f5_std,0.05844077444112116,prosody
FEA,prosody_f5_median,0.26670356829193737,prosody
FEA,prosody_intensity_mean,0.005172948152346982,prosody
FEA,prosody_intensity_std,0.286894596436654,prosody
FEA,prosody_intensity_min,0.30709414970913257,prosody
FEA,prosody_intensity_max,0.09074601392530246,prosody
FEA,prosody_intensity_median,0.15067059257616477,prosody
FEA,prosody_intensity_iqr,0.986821902537588,prosody
FEA,prosody_intensity_skew,0.09459353416857769,prosody
FEA,prosody_intensity_kurt,0.11635988128563608,prosody
FEA,prosody_cpps,0.48799070111639176,prosody
HAP,duration_s,0.6934149334275449,other
HAP,peak_amplitude,0.22339321103314608,other
HAP,spectral_centroid_mean,0.15505220290406316,spectral
HAP,spectral_centroid_std,0.20947404095104677,spectral
HAP,spectral_centroid_min,0.10305530626304811,spectral
HAP,spectral_centroid_max,0.14875434958416325,spectral
HAP,spectral_centroid_median,0.06195831388489251,spectral
HAP,spectral_centroid_iqr,0.20736999081671154,spectral
HAP,spectral_centroid_skew,0.19058044350335848,spectral
HAP,spectral_centroid_kurt,0.0010578365755841582,spectral
HAP,spectral_bandwidth_mean,0.14726631234441181,spectral
HAP,spectral_bandwidth_std,0.5677830976465115,spectral
HAP,spectral_bandwidth_min,0.08345352957055496,spectral
HAP,spectral_bandwidth_max,0.16631946040918522,spectral
HAP,spectral_bandwidth_median,0.29339539924262814,spectral
HAP,spectral_bandwidth_iqr,0.2834441664618273,spectral
HAP,spectral_bandwidth_skew,0.058326978403200155,spectral
HAP,spectral_bandwidth_kurt,0.15476888720567109,spectral
HAP,spectral_rolloff85_mean,0.0346324962449005,spectral
HAP,spectral_rolloff85_std,0.17222512112628996,spectral
HAP,spectral_rolloff85_min,0.04028350673215883,spectral
HAP,spectral_rolloff85_max,0.2102977024448984,spectral
HAP,spectral_rolloff85_median,0.02934431303431006,spectral
HAP,spectral_rolloff85_iqr,0.03727692856121768,spectral
HAP,spectral_rolloff85_skew,0.18181869865102074,spectral
HAP,spectral_rolloff85_kurt,0.28390954091196885,spectral
HAP,spectral_rolloff95_mean,0.40308010320355436,spectral
HAP,spectral_rolloff95_std,0.5470933953294672,spectral
HAP,spectral_rolloff95_min,0.08358994622293232,spectral
HAP,spectral_rolloff95_max,0.2827297613746244,spectral
HAP,spectral_rolloff95_median,0.03667828986904298,spectral
HAP,spectral_rolloff95_iqr,0.15605456756033453,spectral
HAP,spectral_rolloff95_skew,0.20214994125326882,spectral
HAP,spectral_rolloff95_kurt,0.22701392886007446,spectral
HAP,spectral_flatness_mean,0.041641373099959196,spectral
HAP,spectral_flatness_std,0.39718995545818925,spectral
HAP,spectral_flatness_min,0.23312702646233424,spectral
HAP,spectral_flatness_max,0.31008459059920834,spectral
HAP,spectral_flatness_median,0.1514372931315454,spectral
HAP,spectral_flatness_iqr,0.2793982859165785,spectral
HAP,spectral_flatness_skew,0.04250929978435315,spectral
HAP,spectral_flatness_kurt,0.005309623705999202,spectral
HAP,spectral_zcr_mean,0.1515000665493712,spectral
HAP,spectral_zcr_std,0.5497911101438357,spectral
HAP,spectral_zcr_min,0.015631846052418196,spectral
HAP,spectral_zcr_max,0.20851218368390803,spectral
HAP,spectral_zcr_median,0.057969710162677796,spectral
HAP,spectral_zcr_iqr,0.4928630056593494,spectral
HAP,spectral_zcr_skew,0.14206477359216782,spectral
HAP,spectral_zcr_kurt,0.08329891792752281,spectral
HAP,spectral_rms_mean,0.6820689771981201,spectral
HAP,spectral_rms_std,0.22017876547244322,spectral
HAP,spectral_rms_min,0.0947101083506127,spectral
HAP,spectral_rms_max,0.09803675679589159,spectral
HAP,spectral_rms_median,1.249218957109986,spectral
HAP,spectral_rms_iqr,0.29445721988448725,spectral
HAP,spectral_rms_skew,0.46107353089291553,spectral
HAP,spectral_rms_kurt,0.007900797281228994,spectral
HAP,spectral_flux_mean,0.03627984096011274,spectral
HAP,spectral_flux_std,0.5764295742825291,spectral
HAP,spectral_flux_min,0.19027495773916936,spectral
HAP,spectral_flux_max,0.27969259155869014,spectral
HAP,spectral_flux_median,0.48834533553768894,spectral
HAP,spectral_flux_iqr,0.1469262079309737,spectral
HAP,spectral_flux_skew,0.15278410905028242,spectral
HAP,spectral_flux_kurt,0.18605870743069883,spectral
HAP,spectral_entropy_mean,0.8065898668087599,spectral
HAP,spectral_entropy_std,0.1189185411702024,spectral
HAP,spectral_entropy_min,0.07752179691871341,spectral
HAP,spectral_entropy_max,0.3076004256465556,spectral
HAP,spectral_entropy_median,0.4041760262792133,spectral
HAP,spectral_entropy_iqr,0.14408344481142482,spectral
HAP,spectral_entropy_skew,0.23092406672203586,spectral
HAP,spectral_entropy_kurt,0.04011134596985948,spectral
HAP,spectral_slope_mean,0.2153091353579262,spectral
HAP,spectral_slope_std,0.11062294505351265,spectral
HAP,spectral_slope_min,0.008178179848699068,spectral
HAP,spectral_slope_max,0.059561002288007855,spectral
HAP,spectral_slope_median,0.7406960788283998,spectral
HAP,spectral_slope_iqr,0.1466674043055455,spectral
HAP,spectral_slope_skew,0.0972184547791941,spectral
HAP,spectral_slope_kurt,0.14152568374814298,spectral
HAP,spectral_band_0_500_mean,0.007437320375728258,spectral
HAP,spectral_band_0_500_std,0.06886564034337643,spectral
HAP,spectral_band_500_1000_mean,0.05367527783600245,spectral
HAP,spectral_band_500_1000_std,0.36473902980969586,spectral
HAP,spectral_band_1000_2000_mean,0.10223082448835465,spectral
HAP,spectral_band_1000_2000_std,0.135351253611616,spectral
HAP,spectral_band_2000_3000_mean,0.004048704125398777,spectral
HAP,spectral_band_2000_3000_std,0.4946456180805679,spectral
HAP,spectral_band_3000_4000_mean,0.349417574548013,spectral
HAP,spectral_band_3000_4000_std,0.29337769925158746,spectral
HAP,spectral_band_4000_5000_mean,0.18088072611908595,spectral
HAP,spectral_band_4000_5000_std,0.340886279816427,spectral
HAP,spectral_band_5000_6000_mean,0.21977918994214254,spectral
HAP,spectral_band_5000_6000_std,0.3822730975338598,spectral
HAP,spectral_band_6000_8000_mean,0.014747377273766448,spectral
HAP,spectral_band_6000_8000_std,0.5674986700302354,spectral
HAP,spectral_hf_ratio_4000_mean,0.028231122110946614,spectral
HAP,spectral_hf_ratio_4000_std,0.6832323962391871,spectral
HAP,spectral_hf_ratio_6000_mean,0.035978912136653045,spectral
HAP,spectral_hf_ratio_6000_std,0.6059903576440702,spectral
HAP,spectral_contrast_0_mean,0.058165280139078866,spectral
HAP,spectral_contrast_0_std,0.113422923752918,spectral
HAP,spectral_contrast_1_mean,0.01096516224039808,spectral
HAP,spectral_contrast_1_std,0.19351429013113555,spectral
HAP,spectral_contrast_2_mean,0.390373068607846,spectral
HAP,spectral_contrast_2_std,0.21587357342067964,spectral
HAP,spectral_contrast_3_mean,0.17994664252621287,spectral
HAP,spectral_contrast_3_std,0.03213774965823389,spectral
HAP,spectral_contrast_4_mean,0.1430039079867237,spectral
HAP,spectral_contrast_4_std,0.02977543999285056,spectral
HAP,spectral_contrast_5_mean,0.2769334554670172,spectral
HAP,spectral_contrast_5_std,0.2251835621133492,spectral
HAP,spectral_contrast_6_mean,0.20111907619162242,spectral
HAP,spectral_contrast_6_std,0.053250048928341974,spectral
HAP,mfcc_00_mean,0.2302368715139383,mfcc
HAP,mfcc_00_std,0.42522994471221087,mfcc
HAP,mfcc_00_min,0.01916270144068807,mfcc
HAP,mfcc_00_max,0.13906893103707746,mfcc
HAP,mfcc_00_median,0.1689037842320926,mfcc
HAP,mfcc_00_iqr,0.12384720640208569,mfcc
HAP,mfcc_00_skew,0.048709815342008626,mfcc
HAP,mfcc_00_kurt,0.007037661238439501,mfcc
HAP,mfcc_01_mean,0.07154006129066569,mfcc
HAP,mfcc_01_std,0.10844748653213453,mfcc
HAP,mfcc_01_min,0.04645792481621578,mfcc
HAP,mfcc_01_max,0.062286423986618746,mfcc
HAP,mfcc_01_median,0.2711751700744305,mfcc
HAP,mfcc_01_iqr,0.1454626855069133,mfcc
HAP,mfcc_01_skew,0.3288262480368703,mfcc
HAP,mfcc_01_kurt,0.15211757025532996,mfcc
HAP,mfcc_02_mean,0.44794970103912835,mfcc
HAP,mfcc_02_std,0.03015618907808033,mfcc
HAP,mfcc_02_min,0.1884767875305586,mfcc
HAP,mfcc_02_max,0.04466298203668047,mfcc
HAP,mfcc_02_median,0.11526447534283345,mfcc
HAP,mfcc_02_iqr,0.06931027022956783,mfcc
HAP,mfcc_02_skew,0.056728054326865826,mfcc
HAP,mfcc_02_kurt,0.07707861383541319,mfcc
HAP,mfcc_03_mean,0.22465836995814015,mfcc
HAP,mfcc_03_std,0.08605550019102515,mfcc
HAP,mfcc_03_min,0.22575778696457832,mfcc
HAP,mfcc_03_max,0.12988165498694162,mfcc
HAP,mfcc_03_median,0.1806282654472089,mfcc
HAP,mfcc_03_iqr,0.11352955796788684,mfcc
HAP,mfcc_03_skew,0.06606539027314187,mfcc
HAP,mfcc_03_kurt,0.13043837765002025,mfcc
HAP,mfcc_04_mean,0.3339852137542517,mfcc
HAP,mfcc_04_std,0.7563011349880291,mfcc
HAP,mfcc_04_min,0.527663581123441,mfcc
HAP,mfcc_04_max,0.0916254237455463,mfcc
HAP,mfcc_04_median,0.29758304508096944,mfcc
HAP,mfcc_04_iqr,0.2835116228813718,mfcc
HAP,mfcc_04_skew,0.03526876196883542,mfcc
HAP,mfcc_04_kurt,0.028115830429786874,mfcc
HAP,mfcc_05_mean,0.1940700327348904,mfcc
HAP,mfcc_05_std,0.2115115304574024,mfcc
HAP,mfcc_05_min,0.259259986686843,mfcc
HAP,mfcc_05_max,0.15278586820782947,mfcc
HAP,mfcc_05_median,0.010109707112345222,mfcc
HAP,mfcc_05_iqr,0.06366375331937543,mfcc
HAP,mfcc_05_skew,0.19391996876348847,mfcc
HAP,mfcc_05_kurt,0.06450984490084485,mfcc
HAP,mfcc_06_mean,0.02746499821273116,mfcc
HAP,mfcc_06_std,0.08808708585732973,mfcc
HAP,mfcc_06_min,0.2462737172272967,mfcc
HAP,mfcc_06_max,0.0525991984502886,mfcc
HAP,mfcc_06_median,0.1085295538175988,mfcc
HAP,mfcc_06_iqr,0.14407221533509088,mfcc
HAP,mfcc_06_skew,0.17998291312108222,mfcc
HAP,mfcc_06_kurt,0.1655738572807367,mfcc
HAP,mfcc_07_mean,0.5768644449268455,mfcc
HAP,mfcc_07_std,0.31353439494523416,mfcc
HAP,mfcc_07_min,0.40289828489741386,mfcc
HAP,mfcc_07_max,0.1448589625228942,mfcc
HAP,mfcc_07_median,0.2268577680834513,mfcc
HAP,mfcc_07_iqr,0.022044674279352656,mfcc
HAP,mfcc_07_skew,0.08444827499603523,mfcc
HAP,mfcc_07_kurt,0.17761170909297205,mfcc
HAP,mfcc_08_mean,0.17308649886470656,mfcc
HAP,mfcc_08_std,0.23445530763672395,mfcc
HAP,mfcc_08_min,0.19015664968411164,mfcc
HAP,mfcc_08_max,0.0003477978074933913,mfcc
HAP,mfcc_08_median,0.11389869499156721,mfcc
HAP,mfcc_08_iqr,0.16256161030559796,mfcc
HAP,mfcc_08_skew,0.09885312376714037,mfcc
HAP,mfcc_08_kurt,0.005307294801260445,mfcc
HAP,mfcc_09_mean,0.04643619910320492,mfcc
HAP,mfcc_09_std,0.285801966337158,mfcc
HAP,mfcc_09_min,0.25013943434421776,mfcc
HAP,mfcc_09_max,0.08633276931990719,mfcc
HAP,mfcc_09_median,0.12764520549865427,mfcc
HAP,mfcc_09_iqr,0.07340185014949235,mfcc
HAP,mfcc_09_skew,0.021253219998231265,mfcc
HAP,mfcc_09_kurt,0.025242786634029547,mfcc
HAP,mfcc_10_mean,0.2771262810438586,mfcc
HAP,mfcc_10_std,0.19659071473176012,mfcc
HAP,mfcc_10_min,0.1123289877378456,mfcc
HAP,mfcc_10_max,0.3157343723879922,mfcc
HAP,mfcc_10_median,0.17058457482405867,mfcc
HAP,mfcc_10_iqr,0.036216089148567165,mfcc
HAP,mfcc_10_skew,0.2139299285028855,mfcc
HAP,mfcc_10_kurt,0.12324867557920473,mfcc
HAP,mfcc_11_mean,0.38051635267990824,mfcc
HAP,mfcc_11_std,0.12092357124138459,mfcc
HAP,mfcc_11_min,0.060270289864766485,mfcc
HAP,mfcc_11_max,0.1586659899322402,mfcc
HAP,mfcc_11_median,0.3780033523644126,mfcc
HAP,mfcc_11_iqr,0.08059913494490599,mfcc
HAP,mfcc_11_skew,0.19031707460750133,mfcc
HAP,mfcc_11_kurt,0.04839191274697016,mfcc
HAP,mfcc_12_mean,0.14290973867764498,mfcc
HAP,mfcc_12_std,0.3548419903628846,mfcc
HAP,mfcc_12_min,0.11422807115722544,mfcc
HAP,mfcc_12_max,0.10645390778281186,mfcc
HAP,mfcc_12_median,0.18205176429050038,mfcc
HAP,mfcc_12_iqr,0.0665548932328609,mfcc
HAP,mfcc_12_skew,0.05115919708901804,mfcc
HAP,mfcc_12_kurt,0.0055973349677891655,mfcc
HAP,mfcc_13_mean,0.16256974659490173,mfcc
HAP,mfcc_13_std,0.0668456973804414,mfcc
HAP,mfcc_13_min,0.06772957207411862,mfcc
HAP,mfcc_13_max,0.25470796022420417,mfcc
HAP,mfcc_13_median,0.2618026218321401,mfcc
HAP,mfcc_13_iqr,0.16066496879382364,mfcc
HAP,mfcc_13_skew,0.1539121085436114,mfcc
HAP,mfcc_13_kurt,0.2475170914552393,mfcc
HAP,mfcc_14_mean,0.1287703615425043,mfcc
HAP,mfcc_14_std,0.04108992883572261,mfcc
HAP,mfcc_14_min,0.1813718815436379,mfcc
HAP,mfcc_14_max,0.03299802830977408,mfcc
HAP,mfcc_14_median,0.05128165035535857,mfcc
HAP,mfcc_14_iqr,0.17369215428579068,mfcc
HAP,mfcc_14_skew,0.08650701096779888,mfcc
HAP,mfcc_14_kurt,0.13471090492349455,mfcc
HAP,mfcc_15_mean,0.1789632569871128,mfcc
HAP,mfcc_15_std,0.2589208352440458,mfcc
HAP,mfcc_15_min,0.01550417048970696,mfcc
HAP,mfcc_15_max,0.2758088226874984,mfcc
HAP,mfcc_15_median,0.05819727043038462,mfcc
HAP,mfcc_15_iqr,0.09869725260926136,mfcc
HAP,mfcc_15_skew,0.08736062397376715,mfcc
HAP,mfcc_15_kurt,0.032240743057925,mfcc
HAP,mfcc_16_mean,0.05547626338557328,mfcc
HAP,mfcc_16_std,0.1706298806082625,mfcc
HAP,mfcc_16_min,0.052459851682391825,mfcc
HAP,mfcc_16_max,0.1469340471648877,mfcc
HAP,mfcc_16_median,0.035588790849247834,mfcc
HAP,mfcc_16_iqr,0.05393661265518664,mfcc
HAP,mfcc_16_skew,0.08153442567530819,mfcc
HAP,mfcc_16_kurt,0.02915110150731689,mfcc
HAP,mfcc_17_mean,0.01425826395761604,mfcc
HAP,mfcc_17_std,0.05459150676778665,mfcc
HAP,mfcc_17_min,0.1428368172914223,mfcc
HAP,mfcc_17_max,0.18264081053171896,mfcc
HAP,mfcc_17_median,0.06775200027637764,mfcc
HAP,mfcc_17_iqr,0.1359660587662923,mfcc
HAP,mfcc_17_skew,0.06438915326483297,mfcc
HAP,mfcc_17_kurt,0.017974618821133218,mfcc
HAP,mfcc_18_mean,0.40544257076397544,mfcc
HAP,mfcc_18_std,0.11031388819868283,mfcc
HAP,mfcc_18_min,0.09482627809876262,mfcc
HAP,mfcc_18_max,0.10529526446565114,mfcc
HAP,mfcc_18_median,0.10273454576232166,mfcc
HAP,mfcc_18_iqr,0.014478894377979851,mfcc
HAP,mfcc_18_skew,0.06654677564351903,mfcc
HAP,mfcc_18_kurt,0.055416079381752435,mfcc
HAP,mfcc_19_mean,0.09681001963350191,mfcc
HAP,mfcc_19_std,0.08081377742191945,mfcc
HAP,mfcc_19_min,0.040890932381379516,mfcc
HAP,mfcc_19_max,0.08754940951191997,mfcc
HAP,mfcc_19_median,0.2532912806733063,mfcc
HAP,mfcc_19_iqr,0.033766910536561216,mfcc
HAP,mfcc_19_skew,0.012200426077838703,mfcc
HAP,mfcc_19_kurt,0.04230159326651959,mfcc
HAP,mfcc_d1_00_mean,0.03904244354942647,mfcc
HAP,mfcc_d1_00_std,0.03507327472084137,mfcc
HAP,mfcc_d2_00_mean,0.048897070621926345,mfcc
HAP,mfcc_d2_00_std,0.20199289604132942,mfcc
HAP,mfcc_d1_01_mean,0.06999683428255973,mfcc
HAP,mfcc_d1_01_std,0.67820948717059,mfcc
HAP,mfcc_d2_01_mean,0.009746771631198295,mfcc
HAP,mfcc_d2_01_std,0.1430161478714272,mfcc
HAP,mfcc_d1_02_mean,0.04727838121068206,mfcc
HAP,mfcc_d1_02_std,0.28720647875701644,mfcc
HAP,mfcc_d2_02_mean,0.008556889530242627,mfcc
HAP,mfcc_d2_02_std,0.11123718399870024,mfcc
HAP,mfcc_d1_03_mean,0.024122277616610698,mfcc
HAP,mfcc_d1_03_std,0.2252579689538796,mfcc
HAP,mfcc_d2_03_mean,0.0297950737698041,mfcc
HAP,mfcc_d2_03_std,0.17666087654001975,mfcc
HAP,mfcc_d1_04_mean,0.0011887674852497914,mfcc
HAP,mfcc_d1_04_std,0.18312072564794865,mfcc
HAP,mfcc_d2_04_mean,0.03400226666021232,mfcc
HAP,mfcc_d2_04_std,0.056992453821751866,mfcc
HAP,mfcc_d1_05_mean,0.10787037675852881,mfcc
HAP,mfcc_d1_05_std,0.38051966600475523,mfcc
HAP,mfcc_d2_05_mean,0.011414212164714187,mfcc
HAP,mfcc_d2_05_std,0.13406201064184253,mfcc
HAP,mfcc_d1_06_mean,0.05285160985151111,mfcc
HAP,mfcc_d1_06_std,0.14576112495110588,mfcc
HAP,mfcc_d2_06_mean,0.0879985167164525,mfcc
HAP,mfcc_d2_06_std,0.03273706141272343,mfcc
HAP,mfcc_d1_07_mean,0.0066436802563609515,mfcc
HAP,mfcc_d1_07_std,0.010856075804080777,mfcc
HAP,mfcc_d2_07_mean,0.022829100759449952,mfcc
HAP,mfcc_d2_07_std,0.023823344766810604,mfcc
HAP,mfcc_d1_08_mean,0.02057041810018864,mfcc
HAP,mfcc_d1_08_std,0.07082034144302236,mfcc
HAP,mfcc_d2_08_mean,0.039549341011796614,mfcc
HAP,mfcc_d2_08_std,0.02844025626769157,mfcc
HAP,mfcc_d1_09_mean,0.058548473814007594,mfcc
HAP,mfcc_d1_09_std,0.03821504474406086,mfcc
HAP,mfcc_d2_09_mean,0.0250117961941629,mfcc
HAP,mfcc_d2_09_std,0.12031705913512833,mfcc
HAP,mfcc_d1_10_mean,0.09761593264181219,mfcc
HAP,mfcc_d1_10_std,0.14276787335959787,mfcc
HAP,mfcc_d2_10_mean,0.11205984109182021,mfcc
HAP,mfcc_d2_10_std,0.052229650772927565,mfcc
HAP,mfcc_d1_11_mean,0.19132100746104372,mfcc
HAP,mfcc_d1_11_std,0.13758524450743329,mfcc
HAP,mfcc_d2_11_mean,0.07728648335008183,mfcc
HAP,mfcc_d2_11_std,0.03092681136851143,mfcc
HAP,mfcc_d1_12_mean,0.015982959729594234,mfcc
HAP,mfcc_d1_12_std,0.02022594988466392,mfcc
HAP,mfcc_d2_12_mean,0.003437670648343213,mfcc
HAP,mfcc_d2_12_std,0.046154011586365964,mfcc
HAP,mfcc_d1_13_mean,0.08092429726328751,mfcc
HAP,mfcc_d1_13_std,0.12175775366676031,mfcc
HAP,mfcc_d2_13_mean,0.03538767117271348,mfcc
HAP,mfcc_d2_13_std,0.19723578248323784,mfcc
HAP,mfcc_d1_14_mean,0.07627698967970292,mfcc
HAP,mfcc_d1_14_std,0.04270622715002682,mfcc
HAP,mfcc_d2_14_mean,0.11265066764057514,mfcc
HAP,mfcc_d2_14_std,0.03444433414630089,mfcc
HAP,mfcc_d1_15_mean,0.0601956849733387,mfcc
HAP,mfcc_d1_15_std,0.14603545182045166,mfcc
HAP,mfcc_d2_15_mean,0.0378340295100251,mfcc
HAP,mfcc_d2_15_std,0.12771050940816156,mfcc
HAP,mfcc_d1_16_mean,0.033597005430685896,mfcc
HAP,mfcc_d1_16_std,0.3321221409042772,mfcc
HAP,mfcc_d2_16_mean,0.021198396217299534,mfcc
HAP,mfcc_d2_16_std,0.12872034289269105,mfcc
HAP,mfcc_d1_17_mean,0.03399625995454737,mfcc
HAP,mfcc_d1_17_std,0.04213005617188145,mfcc
HAP,mfcc_d2_17_mean,0.010937375125001508,mfcc
HAP,mfcc_d2_17_std,0.10037773980074333,mfcc
HAP,mfcc_d1_18_mean,0.025848006743249264,mfcc
HAP,mfcc_d1_18_std,0.07596065309841968,mfcc
HAP,mfcc_d2_18_mean,0.0253680170669624,mfcc
HAP,mfcc_d2_18_std,0.06884656817770898,mfcc
HAP,mfcc_d1_19_mean,0.017692429189513654,mfcc
HAP,mfcc_d1_19_std,0.4785558097673269,mfcc
HAP,mfcc_d2_19_mean,0.08223444797403666,mfcc
HAP,mfcc_d2_19_std,0.17354388180792368,mfcc
HAP,chroma_00_mean,0.19131863802638246,chroma
HAP,chroma_00_std,0.2969712866605967,chroma
HAP,chroma_01_mean,0.15165371837777533,chroma
HAP,chroma_01_std,0.2215122949356198,chroma
HAP,chroma_02_mean,0.5862338300614306,chroma
HAP,chroma_02_std,0.023003889619211727,chroma
HAP,chroma_03_mean,0.37603615710431376,chroma
HAP,chroma_03_std,0.11487721102092062,chroma
HAP,chroma_04_mean,0.06314077231733908,chroma
HAP,chroma_04_std,0.020057521370829848,chroma
HAP,chroma_05_mean,0.19883495078235078,chroma
HAP,chroma_05_std,0.12407653485603537,chroma
HAP,chroma_06_mean,0.301402190126941,chroma
HAP,chroma_06_std,0.011318214840618334,chroma
HAP,chroma_07_mean,0.1689871687779376,chroma
HAP,chroma_07_std,0.09431583365331858,chroma
HAP,chroma_08_mean,0.502355997451771,chroma
HAP,chroma_08_std,0.045354137338433555,chroma
HAP,chroma_09_mean,0.17159920998137687,chroma
HAP,chroma_09_std,0.11144423429105958,chroma
HAP,chroma_10_mean,0.11663370075714122,chroma
HAP,chroma_10_std,0.3105252024702515,chroma
HAP,chroma_11_mean,0.3905580711765445,chroma
HAP,chroma_11_std,0.39615067873014903,chroma
HAP,prosody_f0_mean,0.3948501030463719,prosody
HAP,prosody_f0_std,0.07678379444167352,prosody
HAP,prosody_f0_min,0.32133517255650845,prosody
HAP,prosody_f0_max,0.34004940063901545,prosody
HAP,prosody_f0_median,0.2005749365052897,prosody
HAP,prosody_f0_iqr,0.22611545854059448,prosody
HAP,prosody_f0_skew,0.022570230900961188,prosody
HAP,prosody_f0_kurt,0.13658781235832623,prosody
HAP,prosody_voiced_fraction,0.17545961722566075,prosody
HAP,prosody_f0_slope_abs_mean,0.06440465712573963,prosody
HAP,prosody_n_voiced_segments,0.411365225946182,prosody
HAP,prosody_voiced_rate_per_s,0.4960916534260625,prosody
HAP,prosody_mean_voiced_seg_s,0.043205067969822604,prosody
HAP,prosody_pause_fraction,0.17545961722565995,prosody
HAP,prosody_jitter_local,0.38287530332153563,prosody
HAP,prosody_jitter_rap,0.3113853710953601,prosody
HAP,prosody_jitter_ppq5,0.24205830083709254,prosody
HAP,prosody_jitter_ddp,0.31138537109536474,prosody
HAP,prosody_shimmer_local,0.09446949766206415,prosody
HAP,prosody_shimmer_localdb,0.14535728637036585,prosody
HAP,prosody_shimmer_apq3,0.020501734310727975,prosody
HAP,prosody_shimmer_apq5,0.15746759392273715,prosody
HAP,prosody_shimmer_apq11,0.005535415098363335,prosody
HAP,prosody_shimmer_dda,0.02050173431072882,prosody
HAP,prosody_hnr_mean,0.1404237891233767,prosody
HAP,prosody_hnr_std,0.29479377924690975,prosody
HAP,prosody_hnr_min,0.019096910010433597,prosody
HAP,prosody_hnr_max,0.21854837364962554,prosody
HAP,prosody_hnr_median,0.21132834819488786,prosody
HAP,prosody_f1_mean,0.27815869520850894,prosody
HAP,prosody_f1_std,0.43790507921588356,prosody
HAP,prosody_f1_median,0.19012408827610486,prosody
HAP,prosody_f1_bw_median,0.2875769414144515,prosody
HAP,prosody_f2_mean,0.6065189769652907,prosody
HAP,prosody_f2_std,0.5317996731905487,prosody
HAP,prosody_f2_median,0.013488334266206603,prosody
HAP,prosody_f2_bw_median,0.18519908254156056,prosody
HAP,prosody_f3_mean,0.7104999011859502,prosody
HAP,prosody_f3_std,0.17374686752163887,prosody
HAP,prosody_f3_median,0.3259799280368002,prosody
HAP,prosody_f3_bw_median,0.36216799604159744,prosody
HAP,prosody_f4_mean,0.06798097075631925,prosody
HAP,prosody_f4_std,0.04377735195156614,prosody
HAP,prosody_f4_median,0.0076694245358154885,prosody
HAP,prosody_f5_mean,0.1611970001720902,prosody
HAP,prosody_f5_std,0.15001916577229546,prosody
HAP,prosody_f5_median,0.12057155144677215,prosody
HAP,prosody_intensity_mean,0.3739972049597693,prosody
HAP,prosody_intensity_std,0.36913185545032895,prosody
HAP,prosody_intensity_min,0.2538763525546848,prosody
HAP,prosody_intensity_max,0.22544239621730994,prosody
HAP,prosody_intensity_median,0.3252197769247388,prosody
HAP,prosody_intensity_iqr,0.24890353743738727,prosody
HAP,prosody_intensity_skew,0.19309914027155542,prosody
HAP,prosody_intensity_kurt,0.16760726299735912,prosody
HAP,prosody_cpps,0.47057547432389935,prosody
NEU,duration_s,0.01966402404871398,other
NEU,peak_amplitude,0.18433396530660445,other
NEU,spectral_centroid_mean,0.34150807256894855,spectral
NEU,spectral_centroid_std,0.4438234098057951,spectral
NEU,spectral_centroid_min,0.23675342315854075,spectral
NEU,spectral_centroid_max,0.05634801987846415,spectral
NEU,spectral_centroid_median,0.03323964724891133,spectral
NEU,spectral_centroid_iqr,0.11888509306508652,spectral
NEU,spectral_centroid_skew,0.4139506451161542,spectral
NEU,spectral_centroid_kurt,0.2004216679599134,spectral
NEU,spectral_bandwidth_mean,0.38354895659777644,spectral
NEU,spectral_bandwidth_std,0.2773021566381302,spectral
NEU,spectral_bandwidth_min,0.0007013278397633618,spectral
NEU,spectral_bandwidth_max,0.17456966687430484,spectral
NEU,spectral_bandwidth_median,0.3511700626930707,spectral
NEU,spectral_bandwidth_iqr,0.4260351650715637,spectral
NEU,spectral_bandwidth_skew,0.039682312524454096,spectral
NEU,spectral_bandwidth_kurt,0.023033605537814524,spectral
NEU,spectral_rolloff85_mean,0.24755727926450607,spectral
NEU,spectral_rolloff85_std,0.8955158583052926,spectral
NEU,spectral_rolloff85_min,0.07765444164662595,spectral
NEU,spectral_rolloff85_max,0.43047507695858467,spectral
NEU,spectral_rolloff85_median,0.3663422401042733,spectral
NEU,spectral_rolloff85_iqr,0.08785950899649544,spectral
NEU,spectral_rolloff85_skew,0.1323488040715354,spectral
NEU,spectral_rolloff85_kurt,0.09310811123036906,spectral
NEU,spectral_rolloff95_mean,0.5424471003166325,spectral
NEU,spectral_rolloff95_std,0.3784655802351068,spectral
NEU,spectral_rolloff95_min,0.1293996267804648,spectral
NEU,spectral_rolloff95_max,0.30580534325426606,spectral
NEU,spectral_rolloff95_median,0.6613180364754716,spectral
NEU,spectral_rolloff95_iqr,0.7793464288610518,spectral
NEU,spectral_rolloff95_skew,0.5234287114786279,spectral
NEU,spectral_rolloff95_kurt,0.0557729143910928,spectral
NEU,spectral_flatness_mean,0.6519626350586952,spectral
NEU,spectral_flatness_std,0.01632751625575054,spectral
NEU,spectral_flatness_min,0.12797690016306368,spectral
NEU,spectral_flatness_max,0.2995974773688466,spectral
NEU,spectral_flatness_median,0.26048013978927637,spectral
NEU,spectral_flatness_iqr,0.11579029067686712,spectral
NEU,spectral_flatness_skew,0.15175951272070562,spectral
NEU,spectral_flatness_kurt,0.241974922190043,spectral
NEU,spectral_zcr_mean,0.08106978400533378,spectral
NEU,spectral_zcr_std,0.5226814021719687,spectral
NEU,spectral_zcr_min,0.15191419670652298,spectral
NEU,spectral_zcr_max,0.28071006687790534,spectral
NEU,spectral_zcr_median,0.3326873496551856,spectral
NEU,spectral_zcr_iqr,0.2262779972472759,spectral
NEU,spectral_zcr_skew,0.07163080016754335,spectral
NEU,spectral_zcr_kurt,0.3245517389752671,spectral
NEU,spectral_rms_mean,0.5067782224708763,spectral
NEU,spectral_rms_std,0.30426686726753693,spectral
NEU,spectral_rms_min,0.14917147970893516,spectral
NEU,spectral_rms_max,0.1934448920289719,spectral
NEU,spectral_rms_median,0.03136268009352312,spectral
NEU,spectral_rms_iqr,0.5516287148110091,spectral
NEU,spectral_rms_skew,0.2204990622059049,spectral
NEU,spectral_rms_kurt,0.39340181611040637,spectral
NEU,spectral_flux_mean,0.14409823944429007,spectral
NEU,spectral_flux_std,0.42367332570613103,spectral
NEU,spectral_flux_min,0.04857728756011012,spectral
NEU,spectral_flux_max,0.1957532434413249,spectral
NEU,spectral_flux_median,0.10438511627187606,spectral
NEU,spectral_flux_iqr,0.09794776184144603,spectral
NEU,spectral_flux_skew,0.38019294148296323,spectral
NEU,spectral_flux_kurt,0.293170008827994,spectral
NEU,spectral_entropy_mean,0.9174993598376521,spectral
NEU,spectral_entropy_std,0.21984045262164795,spectral
NEU,spectral_entropy_min,0.046991122629941366,spectral
NEU,spectral_entropy_max,0.11720268323530551,spectral
NEU,spectral_entropy_median,0.18163998976187135,spectral
NEU,spectral_entropy_iqr,0.06792993168778937,spectral
NEU,spectral_entropy_skew,0.3150039879723406,spectral
NEU,spectral_entropy_kurt,0.22829099925858154,spectral
NEU,spectral_slope_mean,0.3569791623483061,spectral
NEU,spectral_slope_std,0.0049924458743384635,spectral
NEU,spectral_slope_min,0.04272265351279601,spectral
NEU,spectral_slope_max,0.004517994892997648,spectral
NEU,spectral_slope_median,0.3593727136296187,spectral
NEU,spectral_slope_iqr,0.24396879676190172,spectral
NEU,spectral_slope_skew,0.06251809110968476,spectral
NEU,spectral_slope_kurt,0.11967621278728259,spectral
NEU,spectral_band_0_500_mean,0.21165943617986108,spectral
NEU,spectral_band_0_500_std,0.2674928700555356,spectral
NEU,spectral_band_500_1000_mean,0.2007618012306728,spectral
NEU,spectral_band_500_1000_std,0.478101289426331,spectral
NEU,spectral_band_1000_2000_mean,0.14373721902317466,spectral
NEU,spectral_band_1000_2000_std,0.28912566539115614,spectral
NEU,spectral_band_2000_3000_mean,0.026188429500684868,spectral
NEU,spectral_band_2000_3000_std,0.26431276994543756,spectral
NEU,spectral_band_3000_4000_mean,0.19836217368121284,spectral
NEU,spectral_band_3000_4000_std,0.4016370313573843,spectral
NEU,spectral_band_4000_5000_mean,0.06830987368478844,spectral
NEU,spectral_band_4000_5000_std,0.0030866791648074977,spectral
NEU,spectral_band_5000_6000_mean,0.15111388554989724,spectral
NEU,spectral_band_5000_6000_std,0.18772828718520715,spectral
NEU,spectral_band_6000_8000_mean,0.09820158019472643,spectral
NEU,spectral_band_6000_8000_std,0.34316160311700616,spectral
NEU,spectral_hf_ratio_4000_mean,0.0375038556246618,spectral
NEU,spectral_hf_ratio_4000_std,0.05394462985027642,spectral
NEU,spectral_hf_ratio_6000_mean,0.0931578410126978,spectral
NEU,spectral_hf_ratio_6000_std,0.3411873839137286,spectral
NEU,spectral_contrast_0_mean,0.17024698195661442,spectral
NEU,spectral_contrast_0_std,0.09084753738589724,spectral
NEU,spectral_contrast_1_mean,0.04965297215604231,spectral
NEU,spectral_contrast_1_std,0.41167777076836054,spectral
NEU,spectral_contrast_2_mean,0.4533312915418905,spectral
NEU,spectral_contrast_2_std,0.17993304453258818,spectral
NEU,spectral_contrast_3_mean,0.0943896246716818,spectral
NEU,spectral_contrast_3_std,0.10606297927224469,spectral
NEU,spectral_contrast_4_mean,0.21670979356760825,spectral
NEU,spectral_contrast_4_std,0.3135361938161204,spectral
NEU,spectral_contrast_5_mean,0.10162851509798439,spectral
NEU,spectral_contrast_5_std,0.44924922338095996,spectral
NEU,spectral_contrast_6_mean,0.001986793862589106,spectral
NEU,spectral_contrast_6_std,0.09769612216868766,spectral
NEU,mfcc_00_mean,0.3356119224600217,mfcc
NEU,mfcc_00_std,0.32962670356585033,mfcc
NEU,mfcc_00_min,0.3220281357637116,mfcc
NEU,mfcc_00_max,0.0014040760833727987,mfcc
NEU,mfcc_00_median,0.573311480044178,mfcc
NEU,mfcc_00_iqr,0.34362540165086547,mfcc
NEU,mfcc_00_skew,0.9484576189619864,mfcc
NEU,mfcc_00_kurt,0.3281367822384922,mfcc
NEU,mfcc_01_mean,0.6929537404761493,mfcc
NEU,mfcc_01_std,0.10207897197279754,mfcc
NEU,mfcc_01_min,0.1291624724867581,mfcc
NEU,mfcc_01_max,0.03159474893606252,mfcc
NEU,mfcc_01_median,0.12906751124722673,mfcc
NEU,mfcc_01_iqr,0.03301155744715565,mfcc
NEU,mfcc_01_skew,0.30366109512069006,mfcc
NEU,mfcc_01_kurt,0.29503222419743624,mfcc
NEU,mfcc_02_mean,0.39718642342564325,mfcc
NEU,mfcc_02_std,0.8005380845777709,mfcc
NEU,mfcc_02_min,0.22829447122514088,mfcc
NEU,mfcc_02_max,0.13757017364979846,mfcc
NEU,mfcc_02_median,0.34803792292412444,mfcc
NEU,mfcc_02_iqr,0.5120425237528796,mfcc
NEU,mfcc_02_skew,0.08703256893816484,mfcc
NEU,mfcc_02_kurt,0.1366915418977392,mfcc
NEU,mfcc_03_mean,0.2519973563477142,mfcc
NEU,mfcc_03_std,0.0762099651688153,mfcc
NEU,mfcc_03_min,0.3295499375009854,mfcc
NEU,mfcc_03_max,0.11581169034311199,mfcc
NEU,mfcc_03_median,0.07390553940670541,mfcc
NEU,mfcc_03_iqr,0.044535765041102605,mfcc
NEU,mfcc_03_skew,0.009298613394913285,mfcc
NEU,mfcc_03_kurt,0.003171708502051122,mfcc
NEU,mfcc_04_mean,0.5732454582306555,mfcc
NEU,mfcc_04_std,1.1337115948577958,mfcc
NEU,mfcc_04_min,0.3580488893389748,mfcc
NEU,mfcc_04_max,0.02507083694694627,mfcc
NEU,mfcc_04_median,0.1023203981421008,mfcc
NEU,mfcc_04_iqr,0.4657925247235331,mfcc
NEU,mfcc_04_skew,0.12933808997063975,mfcc
NEU,mfcc_04_kurt,0.037454734287203806,mfcc
NEU,mfcc_05_mean,0.7962190958270793,mfcc
NEU,mfcc_05_std,0.0904086897227334,mfcc
NEU,mfcc_05_min,0.20784540678530655,mfcc
NEU,mfcc_05_max,0.11586929928073583,mfcc
NEU,mfcc_05_median,0.01700186004492743,mfcc
NEU,mfcc_05_iqr,0.06856119631441492,mfcc
NEU,mfcc_05_skew,0.009450563336933122,mfcc
NEU,mfcc_05_kurt,0.034436053815862205,mfcc
NEU,mfcc_06_mean,0.06968345908483094,mfcc
NEU,mfcc_06_std,0.0650189155624676,mfcc
NEU,mfcc_06_min,0.3333749570628828,mfcc
NEU,mfcc_06_max,0.03012747613096354,mfcc
NEU,mfcc_06_median,0.4961782014257803,mfcc
NEU,mfcc_06_iqr,0.3039634411051514,mfcc
NEU,mfcc_06_skew,0.14249203731259652,mfcc
NEU,mfcc_06_kurt,0.1280318112231628,mfcc
NEU,mfcc_07_mean,0.23730141152521497,mfcc
NEU,mfcc_07_std,0.021842511422382204,mfcc
NEU,mfcc_07_min,0.14041769538638196,mfcc
NEU,mfcc_07_max,0.04272275277107052,mfcc
NEU,mfcc_07_median,0.17403072927718574,mfcc
NEU,mfcc_07_iqr,0.05936324884317489,mfcc
NEU,mfcc_07_skew,0.17182180135419461,mfcc
NEU,mfcc_07_kurt,0.14913674004987393,mfcc
NEU,mfcc_08_mean,0.14962312988081858,mfcc
NEU,mfcc_08_std,0.11900089511678279,mfcc
NEU,mfcc_08_min,0.30314409715161095,mfcc
NEU,mfcc_08_max,0.08545591870127929,mfcc
NEU,mfcc_08_median,0.11841139729309252,mfcc
NEU,mfcc_08_iqr,0.29047089675866206,mfcc
NEU,mfcc_08_skew,0.08903743388315015,mfcc
NEU,mfcc_08_kurt,0.17432185955218965,mfcc
NEU,mfcc_09_mean,0.8772202410119909,mfcc
NEU,mfcc_09_std,0.23082355486683398,mfcc
NEU,mfcc_09_min,0.0666007378909134,mfcc
NEU,mfcc_09_max,0.04215511983630005,mfcc
NEU,mfcc_09_median,0.4474307020920797,mfcc
NEU,mfcc_09_iqr,0.05701245294644823,mfcc
NEU,mfcc_09_skew,0.3014526421324468,mfcc
NEU,mfcc_09_kurt,0.034068555785059323,mfcc
NEU,mfcc_10_mean,0.04178682606099209,mfcc
NEU,mfcc_10_std,0.11136032881540664,mfcc
NEU,mfcc_10_min,0.12946815549923926,mfcc
NEU,mfcc_10_max,0.20954087562579257,mfcc
NEU,mfcc_10_median,0.26024312120899884,mfcc
NEU,mfcc_10_iqr,0.15610537010256698,mfcc
NEU,mfcc_10_skew,0.19565377510623175,mfcc
NEU,mfcc_10_kurt,0.01894765042416852,mfcc
NEU,mfcc_11_mean,0.07838164876027175,mfcc
NEU,mfcc_11_std,0.06215732453545533,mfcc
NEU,mfcc_11_min,0.1930284725259524,mfcc
NEU,mfcc_11_max,0.18270277731551704,mfcc
NEU,mfcc_11_median,0.29271460629399076,mfcc
NEU,mfcc_11_iqr,0.279769967462622,mfcc
NEU,mfcc_11_skew,0.0918264256691473,mfcc
NEU,mfcc_11_kurt,0.09138417386041933,mfcc
NEU,mfcc_12_mean,0.019988204684341704,mfcc
NEU,mfcc_12_std,0.008618274149017457,mfcc
NEU,mfcc_12_min,0.09036900799422158,mfcc
NEU,mfcc_12_max,0.24198709960956497,mfcc
NEU,mfcc_12_median,0.1423244020918549,mfcc
NEU,mfcc_12_iqr,0.08107872366171306,mfcc
NEU,mfcc_12_skew,0.12135041918819804,mfcc
NEU,mfcc_12_kurt,0.10719459638236159,mfcc
NEU,mfcc_13_mean,0.1674304906624495,mfcc
NEU,mfcc_13_std,0.0834290982605833,mfcc
NEU,mfcc_13_min,0.14988285853013014,mfcc
NEU,mfcc_13_max,0.06951271677177742,mfcc
NEU,mfcc_13_median,0.08699438588457313,mfcc
NEU,mfcc_13_iqr,0.08108115363607209,mfcc
NEU,mfcc_13_skew,0.06517025147116529,mfcc
NEU,mfcc_13_kurt,0.12824881345890773,mfcc
NEU,mfcc_14_mean,0.07791314875735299,mfcc
NEU,mfcc_14_std,0.17679037261303035,mfcc
NEU,mfcc_14_min,0.09129016628973292,mfcc
NEU,mfcc_14_max,0.04325844840207792,mfcc
NEU,mfcc_14_median,0.023321251232171266,mfcc
NEU,mfcc_14_iqr,0.23116422818342225,mfcc
NEU,mfcc_14_skew,0.08998659226176282,mfcc
NEU,mfcc_14_kurt,0.06081118301675563,mfcc
NEU,mfcc_15_mean,0.4223631183799616,mfcc
NEU,mfcc_15_std,0.4055035409880845,mfcc
NEU,mfcc_15_min,5.9234089808240945e-05,mfcc
NEU,mfcc_15_max,0.019596062139696415,mfcc
NEU,mfcc_15_median,0.3361639896264468,mfcc
NEU,mfcc_15_iqr,0.09031549002949771,mfcc
NEU,mfcc_15_skew,0.03281218968788009,mfcc
NEU,mfcc_15_kurt,0.1376788496112995,mfcc
NEU,mfcc_16_mean,0.391693772831497,mfcc
NEU,mfcc_16_std,0.5498547522687374,mfcc
NEU,mfcc_16_min,0.22129576936500256,mfcc
NEU,mfcc_16_max,0.3569578280409187,mfcc
NEU,mfcc_16_median,0.22884364704841204,mfcc
NEU,mfcc_16_iqr,0.24835405638701233,mfcc
NEU,mfcc_16_skew,0.11279536520121553,mfcc
NEU,mfcc_16_kurt,0.19431049223930524,mfcc
NEU,mfcc_17_mean,0.5697884818473464,mfcc
NEU,mfcc_17_std,0.5572094494342343,mfcc
NEU,mfcc_17_min,0.006151977125992904,mfcc
NEU,mfcc_17_max,0.2999534850840098,mfcc
NEU,mfcc_17_median,0.48055838701134357,mfcc
NEU,mfcc_17_iqr,0.0017707849434561607,mfcc
NEU,mfcc_17_skew,0.1749431575296581,mfcc
NEU,mfcc_17_kurt,0.06297387241229006,mfcc
NEU,mfcc_18_mean,0.41225112683218695,mfcc
NEU,mfcc_18_std,0.1029568413880438,mfcc
NEU,mfcc_18_min,0.12022092007182264,mfcc
NEU,mfcc_18_max,0.06091684505992996,mfcc
NEU,mfcc_18_median,0.20521590690921995,mfcc
NEU,mfcc_18_iqr,0.033384243820068896,mfcc
NEU,mfcc_18_skew,0.018649315864882752,mfcc
NEU,mfcc_18_kurt,0.10762877911747874,mfcc
NEU,mfcc_19_mean,0.12302143765028366,mfcc
NEU,mfcc_19_std,0.059813578949636806,mfcc
NEU,mfcc_19_min,0.08954930001263804,mfcc
NEU,mfcc_19_max,0.021187452752721814,mfcc
NEU,mfcc_19_median,0.08111237824440594,mfcc
NEU,mfcc_19_iqr,0.07720385155071577,mfcc
NEU,mfcc_19_skew,0.017735625363789555,mfcc
NEU,mfcc_19_kurt,0.021976716246754794,mfcc
NEU,mfcc_d1_00_mean,0.011392624974445521,mfcc
NEU,mfcc_d1_00_std,0.36480049031944667,mfcc
NEU,mfcc_d2_00_mean,0.25240680683695405,mfcc
NEU,mfcc_d2_00_std,0.589184360348549,mfcc
NEU,mfcc_d1_01_mean,0.1341653828660867,mfcc
NEU,mfcc_d1_01_std,0.4580883720063223,mfcc
NEU,mfcc_d2_01_mean,0.0985636742131508,mfcc
NEU,mfcc_d2_01_std,0.3438245252608087,mfcc
NEU,mfcc_d1_02_mean,0.029744593690282612,mfcc
NEU,mfcc_d1_02_std,0.7986846595741285,mfcc
NEU,mfcc_d2_02_mean,0.1082031192082061,mfcc
NEU,mfcc_d2_02_std,0.2892016603943554,mfcc
NEU,mfcc_d1_03_mean,0.03353194497113814,mfcc
NEU,mfcc_d1_03_std,0.6433194138140268,mfcc
NEU,mfcc_d2_03_mean,0.20834962804151766,mfcc
NEU,mfcc_d2_03_std,0.3618643807648537,mfcc
NEU,mfcc_d1_04_mean,0.012110104124631238,mfcc
NEU,mfcc_d1_04_std,0.5199947080903149,mfcc
NEU,mfcc_d2_04_mean,0.18046439776068945,mfcc
NEU,mfcc_d2_04_std,0.018990418476981717,mfcc
NEU,mfcc_d1_05_mean,0.04209166757540086,mfcc
NEU,mfcc_d1_05_std,0.08397920180838594,mfcc
NEU,mfcc_d2_05_mean,0.1260440382161173,mfcc
NEU,mfcc_d2_05_std,0.0040685169513862965,mfcc
NEU,mfcc_d1_06_mean,0.06826643229871295,mfcc
NEU,mfcc_d1_06_std,0.15943894698678387,mfcc
NEU,mfcc_d2_06_mean,0.08226770642140227,mfcc
NEU,mfcc_d2_06_std,0.13825560707871745,mfcc
NEU,mfcc_d1_07_mean,0.0006930274618561074,mfcc
NEU,mfcc_d1_07_std,0.013380831590423204,mfcc
NEU,mfcc_d2_07_mean,0.005423271134143099,mfcc
NEU,mfcc_d2_07_std,0.0013868609103592138,mfcc
NEU,mfcc_d1_08_mean,0.02215925013240225,mfcc
NEU,mfcc_d1_08_std,0.1272301793137042,mfcc
NEU,mfcc_d2_08_mean,0.05903845706577921,mfcc
NEU,mfcc_d2_08_std,0.17205025623513204,mfcc
NEU,mfcc_d1_09_mean,0.023983993736664735,mfcc
NEU,mfcc_d1_09_std,0.05903256566120319,mfcc
NEU,mfcc_d2_09_mean,0.10077483069532264,mfcc
NEU,mfcc_d2_09_std,0.019673023278515993,mfcc
NEU,mfcc_d1_10_mean,0.05587823551283916,mfcc
NEU,mfcc_d1_10_std,0.13226588739504322,mfcc
NEU,mfcc_d2_10_mean,0.14598482276002578,mfcc
NEU,mfcc_d2_10_std,0.025953389450662882,mfcc
NEU,mfcc_d1_11_mean,0.012153491889339944,mfcc
NEU,mfcc_d1_11_std,0.01807870653554824,mfcc
NEU,mfcc_d2_11_mean,0.11616751415106613,mfcc
NEU,mfcc_d2_11_std,0.11021175871962295,mfcc
NEU,mfcc_d1_12_mean,0.07159953361958533,mfcc
NEU,mfcc_d1_12_std,0.020398787272325046,mfcc
NEU,mfcc_d2_12_mean,0.013382092383146216,mfcc
NEU,mfcc_d2_12_std,0.22362944382414754,mfcc
NEU,mfcc_d1_13_mean,0.032524477361677524,mfcc
NEU,mfcc_d1_13_std,0.12798721325832987,mfcc
NEU,mfcc_d2_13_mean,0.029535082177777252,mfcc
NEU,mfcc_d2_13_std,0.17782789130336007,mfcc
NEU,mfcc_d1_14_mean,0.030757395299611582,mfcc
NEU,mfcc_d1_14_std,0.0151189594811605,mfcc
NEU,mfcc_d2_14_mean,0.07676242379654646,mfcc
NEU,mfcc_d2_14_std,0.03514870515923446,mfcc
NEU,mfcc_d1_15_mean,0.007110090200808357,mfcc
NEU,mfcc_d1_15_std,0.17529876884394233,mfcc
NEU,mfcc_d2_15_mean,0.15248949486757407,mfcc
NEU,mfcc_d2_15_std,0.030568270307972004,mfcc
NEU,mfcc_d1_16_mean,0.03068613297338042,mfcc
NEU,mfcc_d1_16_std,0.12253551448730264,mfcc
NEU,mfcc_d2_16_mean,0.05346567377869941,mfcc
NEU,mfcc_d2_16_std,0.055348657704180224,mfcc
NEU,mfcc_d1_17_mean,0.025261692462397935,mfcc
NEU,mfcc_d1_17_std,0.2357865533910764,mfcc
NEU,mfcc_d2_17_mean,0.040814850673582335,mfcc
NEU,mfcc_d2_17_std,0.09065676305808243,mfcc
NEU,mfcc_d1_18_mean,0.02218002478522927,mfcc
NEU,mfcc_d1_18_std,0.03368584321380667,mfcc
NEU,mfcc_d2_18_mean,0.04197554648270842,mfcc
NEU,mfcc_d2_18_std,0.05162277257742052,mfcc
NEU,mfcc_d1_19_mean,0.01799993694302101,mfcc
NEU,mfcc_d1_19_std,0.15902327938579078,mfcc
NEU,mfcc_d2_19_mean,0.13227328289408802,mfcc
NEU,mfcc_d2_19_std,0.17518769752042215,mfcc
NEU,chroma_00_mean,0.08476184337897441,chroma
NEU,chroma_00_std,0.438197065417624,chroma
NEU,chroma_01_mean,0.1996608766139591,chroma
NEU,chroma_01_std,0.206226758167922,chroma
NEU,chroma_02_mean,0.06480193141630923,chroma
NEU,chroma_02_std,0.15303298193374187,chroma
NEU,chroma_03_mean,0.13940235053488564,chroma
NEU,chroma_03_std,0.20800190261045698,chroma
NEU,chroma_04_mean,0.25592026881860724,chroma
NEU,chroma_04_std,0.1387639417889405,chroma
NEU,chroma_05_mean,0.1220679753068592,chroma
NEU,chroma_05_std,0.029972769558392932,chroma
NEU,chroma_06_mean,0.21119028252603952,chroma
NEU,chroma_06_std,0.1199685020501769,chroma
NEU,chroma_07_mean,0.30916731024848826,chroma
NEU,chroma_07_std,0.10977170583462179,chroma
NEU,chroma_08_mean,0.14442936629649092,chroma
NEU,chroma_08_std,0.15965370911298626,chroma
NEU,chroma_09_mean,0.20841057478009659,chroma
NEU,chroma_09_std,0.07686860815708213,chroma
NEU,chroma_10_mean,0.19999238332154962,chroma
NEU,chroma_10_std,0.32635746870508064,chroma
NEU,chroma_11_mean,0.14099217988143078,chroma
NEU,chroma_11_std,0.2766227951214155,chroma
NEU,prosody_f0_mean,0.4073135313073288,prosody
NEU,prosody_f0_std,0.015806327253670323,prosody
NEU,prosody_f0_min,0.19850941585919077,prosody
NEU,prosody_f0_max,0.04753207552258707,prosody
NEU,prosody_f0_median,0.10515384737550415,prosody
NEU,prosody_f0_iqr,0.08168053317922007,prosody
NEU,prosody_f0_skew,0.24111991793860174,prosody
NEU,prosody_f0_kurt,0.060827222928922876,prosody
NEU,prosody_voiced_fraction,0.0637457006732625,prosody
NEU,prosody_f0_slope_abs_mean,0.13167765899707978,prosody
NEU,prosody_n_voiced_segments,0.6364615263761877,prosody
NEU,prosody_voiced_rate_per_s,0.6405604049788007,prosody
NEU,prosody_mean_voiced_seg_s,0.06588250695461174,prosody
NEU,prosody_pause_fraction,0.0637457006732618,prosody
NEU,prosody_jitter_local,0.32978220147844167,prosody
NEU,prosody_jitter_rap,0.08320955166363421,prosody
NEU,prosody_jitter_ppq5,0.09221952900468322,prosody
NEU,prosody_jitter_ddp,0.08320955166363428,prosody
NEU,prosody_shimmer_local,0.07000953980881426,prosody
NEU,prosody_shimmer_localdb,0.04516406590900052,prosody
NEU,prosody_shimmer_apq3,0.00579980655362279,prosody
NEU,prosody_shimmer_apq5,0.027469736709648564,prosody
NEU,prosody_shimmer_apq11,0.02868086783294928,prosody
NEU,prosody_shimmer_dda,0.0057998065536260844,prosody
NEU,prosody_hnr_mean,0.17148702985079411,prosody
NEU,prosody_hnr_std,0.022960909873922894,prosody
NEU,prosody_hnr_min,0.03153347521345768,prosody
NEU,prosody_hnr_max,0.13772054675445716,prosody
NEU,prosody_hnr_median,0.3353542091645747,prosody
NEU,prosody_f1_mean,0.3212952547267028,prosody
NEU,prosody_f1_std,0.11037554591896899,prosody
NEU,prosody_f1_median,0.41354865459125073,prosody
NEU,prosody_f1_bw_median,0.11154361892077812,prosody
NEU,prosody_f2_mean,0.47587597667849785,prosody
NEU,prosody_f2_std,0.0072684538429084915,prosody
NEU,prosody_f2_median,0.0031139615896266697,prosody
NEU,prosody_f2_bw_median,0.05616033941063288,prosody
NEU,prosody_f3_mean,0.007587609672679367,prosody
NEU,prosody_f3_std,0.2415600813088225,prosody
NEU,prosody_f3_median,0.13623695199821972,prosody
NEU,prosody_f3_bw_median,0.16524347787658067,prosody
NEU,prosody_f4_mean,0.12507778200786074,prosody
NEU,prosody_f4_std,0.0016561340105562617,prosody
NEU,prosody_f4_median,0.220735080420408,prosody
NEU,prosody_f5_mean,0.10097306990886694,prosody
NEU,prosody_f5_std,0.06014790171861917,prosody
NEU,prosody_f5_median,0.4417149735544895,prosody
NEU,prosody_intensity_mean,0.4305616486423613,prosody
NEU,prosody_intensity_std,0.997741875947114,prosody
NEU,prosody_intensity_min,0.2605199178611657,prosody
NEU,prosody_intensity_max,0.18878044799026747,prosody
NEU,prosody_intensity_median,0.5438002563656873,prosody
NEU,prosody_intensity_iqr,0.11430124143857055,prosody
NEU,prosody_intensity_skew,0.096995975703836,prosody
NEU,prosody_intensity_kurt,0.7365672652831927,prosody
NEU,prosody_cpps,1.0505855795392036,prosody
SAD,duration_s,0.048777980004125525,other
SAD,peak_amplitude,0.2415170318131058,other
SAD,spectral_centroid_mean,0.005323636338982648,spectral
SAD,spectral_centroid_std,0.3879171336150979,spectral
SAD,spectral_centroid_min,0.03311905618815229,spectral
SAD,spectral_centroid_max,0.04234168286310704,spectral
SAD,spectral_centroid_median,0.07724079438673905,spectral
SAD,spectral_centroid_iqr,0.15194236077905215,spectral
SAD,spectral_centroid_skew,0.21396630738945438,spectral
SAD,spectral_centroid_kurt,0.2616217925018729,spectral
SAD,spectral_bandwidth_mean,0.20050298252596832,spectral
SAD,spectral_bandwidth_std,0.42079955090208027,spectral
SAD,spectral_bandwidth_min,0.026545602861448896,spectral
SAD,spectral_bandwidth_max,0.053093354775590955,spectral
SAD,spectral_bandwidth_median,0.40948328214478175,spectral
SAD,spectral_bandwidth_iqr,0.2735324974285744,spectral
SAD,spectral_bandwidth_skew,0.24518868344092667,spectral
SAD,spectral_bandwidth_kurt,0.14672122550982636,spectral
SAD,spectral_rolloff85_mean,0.056003988566715866,spectral
SAD,spectral_rolloff85_std,0.05749541987430208,spectral
SAD,spectral_rolloff85_min,0.09628912470098615,spectral
SAD,spectral_rolloff85_max,0.17557125026749318,spectral
SAD,spectral_rolloff85_median,0.4892620906290502,spectral
SAD,spectral_rolloff85_iqr,0.13734953291781055,spectral
SAD,spectral_rolloff85_skew,0.07324341077347443,spectral
SAD,spectral_rolloff85_kurt,0.1519551860026083,spectral
SAD,spectral_rolloff95_mean,0.47946561107017704,spectral
SAD,spectral_rolloff95_std,0.35432477034595194,spectral
SAD,spectral_rolloff95_min,0.07543094204923358,spectral
SAD,spectral_rolloff95_max,0.3162043411768574,spectral
SAD,spectral_rolloff95_median,0.23273837981384243,spectral
SAD,spectral_rolloff95_iqr,0.20957910127330667,spectral
SAD,spectral_rolloff95_skew,0.12794291944423777,spectral
SAD,spectral_rolloff95_kurt,0.0032166318037607144,spectral
SAD,spectral_flatness_mean,0.41754870449992004,spectral
SAD,spectral_flatness_std,0.057764323285716325,spectral
SAD,spectral_flatness_min,0.125393590587028,spectral
SAD,spectral_flatness_max,0.02265970394445913,spectral
SAD,spectral_flatness_median,0.4684392523679035,spectral
SAD,spectral_flatness_iqr,0.00561950464486752,spectral
SAD,spectral_flatness_skew,0.04327475311618761,spectral
SAD,spectral_flatness_kurt,0.097424276935509,spectral
SAD,spectral_zcr_mean,0.023076451710365202,spectral
SAD,spectral_zcr_std,0.14016344212295176,spectral
SAD,spectral_zcr_min,0.037114444669454905,spectral
SAD,spectral_zcr_max,0.30772540743530463,spectral
SAD,spectral_zcr_median,0.7870363979389625,spectral
SAD,spectral_zcr_iqr,0.12878337148575678,spectral
SAD,spectral_zcr_skew,0.1598949397390698,spectral
SAD,spectral_zcr_kurt,0.03787455619915522,spectral
SAD,spectral_rms_mean,0.32456532141416367,spectral
SAD,spectral_rms_std,0.1787570684756174,spectral
SAD,spectral_rms_min,0.13085534911302021,spectral
SAD,spectral_rms_max,0.12782700203636008,spectral
SAD,spectral_rms_median,0.3290073082339934,spectral
SAD,spectral_rms_iqr,0.10051762948521445,spectral
SAD,spectral_rms_skew,0.25956203753196455,spectral
SAD,spectral_rms_kurt,0.035221109973870256,spectral
SAD,spectral_flux_mean,0.29092967981930284,spectral
SAD,spectral_flux_std,0.021884796804945747,spectral
SAD,spectral_flux_min,0.01071410271741994,spectral
SAD,spectral_flux_max,0.09431310573949152,spectral
SAD,spectral_flux_median,0.20402165166388747,spectral
SAD,spectral_flux_iqr,0.0724092786207324,spectral
SAD,spectral_flux_skew,0.11837404116223087,spectral
SAD,spectral_flux_kurt,0.14395294272268463,spectral
SAD,spectral_entropy_mean,0.43918608649999197,spectral
SAD,spectral_entropy_std,0.48868596507618134,spectral
SAD,spectral_entropy_min,0.08494888170256504,spectral
SAD,spectral_entropy_max,0.2721774890885619,spectral
SAD,spectral_entropy_median,0.34575758017609426,spectral
SAD,spectral_entropy_iqr,0.32239155505090333,spectral
SAD,spectral_entropy_skew,0.2017428968970078,spectral
SAD,spectral_entropy_kurt,0.004586096783389824,spectral
SAD,spectral_slope_mean,0.02442276313343679,spectral
SAD,spectral_slope_std,0.28691186034112603,spectral
SAD,spectral_slope_min,0.07777776941420156,spectral
SAD,spectral_slope_max,0.09251941732985784,spectral
SAD,spectral_slope_median,0.7032256658126854,spectral
SAD,spectral_slope_iqr,0.18739233388144286,spectral
SAD,spectral_slope_skew,0.14333135487796378,spectral
SAD,spectral_slope_kurt,0.005210762432386837,spectral
SAD,spectral_band_0_500_mean,0.38371324056682,spectral
SAD,spectral_band_0_500_std,0.4226402132110973,spectral
SAD,spectral_band_500_1000_mean,0.5440728257930824,spectral
SAD,spectral_band_500_1000_std,0.07863753446075475,spectral
SAD,spectral_band_1000_2000_mean,0.12014741357869942,spectral
SAD,spectral_band_1000_2000_std,0.16999079780835927,spectral
SAD,spectral_band_2000_3000_mean,0.06244756293770239,spectral
SAD,spectral_band_2000_3000_std,0.19093200706611776,spectral
SAD,spectral_band_3000_4000_mean,0.5874538047472057,spectral
SAD,spectral_band_3000_4000_std,0.43530993169271637,spectral
SAD,spectral_band_4000_5000_mean,0.11134707265066804,spectral
SAD,spectral_band_4000_5000_std,0.14972737966805022,spectral
SAD,spectral_band_5000_6000_mean,0.00894988533233527,spectral
SAD,spectral_band_5000_6000_std,0.06548276536657456,spectral
SAD,spectral_band_6000_8000_mean,0.12178506226386043,spectral
SAD,spectral_band_6000_8000_std,0.13896163182445206,spectral
SAD,spectral_hf_ratio_4000_mean,0.11300818894993682,spectral
SAD,spectral_hf_ratio_4000_std,0.09460767593699118,spectral
SAD,spectral_hf_ratio_6000_mean,0.11760626648683863,spectral
SAD,spectral_hf_ratio_6000_std,0.1446796241587466,spectral
SAD,spectral_contrast_0_mean,0.39887522003142417,spectral
SAD,spectral_contrast_0_std,0.16478141422027154,spectral
SAD,spectral_contrast_1_mean,0.0033005495525026177,spectral
SAD,spectral_contrast_1_std,0.15498644963925007,spectral
SAD,spectral_contrast_2_mean,0.2959394670308279,spectral
SAD,spectral_contrast_2_std,0.1253144339038485,spectral
SAD,spectral_contrast_3_mean,0.06928925179236332,spectral
SAD,spectral_contrast_3_std,0.07170969731164374,spectral
SAD,spectral_contrast_4_mean,0.12886119942705984,spectral
SAD,spectral_contrast_4_std,0.2896109509875257,spectral
SAD,spectral_contrast_5_mean,0.12248324893557694,spectral
SAD,spectral_contrast_5_std,0.1573224831936612,spectral
SAD,spectral_contrast_6_mean,0.546440957392279,spectral
SAD,spectral_contrast_6_std,0.22548774651739573,spectral
SAD,mfcc_00_mean,0.04512240768328968,mfcc
SAD,mfcc_00_std,0.6065210074494799,mfcc
SAD,mfcc_00_min,0.19773022153328848,mfcc
SAD,mfcc_00_max,0.10684642855150168,mfcc
SAD,mfcc_00_median,0.6407443405823976,mfcc
SAD,mfcc_00_iqr,0.8012950768269207,mfcc
SAD,mfcc_00_skew,0.1450480952425191,mfcc
SAD,mfcc_00_kurt,0.11291576385764097,mfcc
SAD,mfcc_01_mean,0.5497306658727267,mfcc
SAD,mfcc_01_std,0.43963540491069786,mfcc
SAD,mfcc_01_min,0.10868269150626242,mfcc
SAD,mfcc_01_max,0.22254544796183803,mfcc
SAD,mfcc_01_median,0.15781164867073008,mfcc
SAD,mfcc_01_iqr,0.4317048469575311,mfcc
SAD,mfcc_01_skew,0.1628374658518177,mfcc
SAD,mfcc_01_kurt,0.11542260900274975,mfcc
SAD,mfcc_02_mean,0.5955688091508357,mfcc
SAD,mfcc_02_std,0.3267071494919925,mfcc
SAD,mfcc_02_min,0.0639768196375677,mfcc
SAD,mfcc_02_max,0.04473779860446922,mfcc
SAD,mfcc_02_median,0.40151272196997223,mfcc
SAD,mfcc_02_iqr,0.35501478686481686,mfcc
SAD,mfcc_02_skew,0.02990841295439518,mfcc
SAD,mfcc_02_kurt,0.15299322229570972,mfcc
SAD,mfcc_03_mean,0.051551974681570696,mfcc
SAD,mfcc_03_std,0.6540818930409563,mfcc
SAD,mfcc_03_min,0.20707982076808226,mfcc
SAD,mfcc_03_max,0.06495864637532894,mfcc
SAD,mfcc_03_median,0.10835782169760037,mfcc
SAD,mfcc_03_iqr,0.21254605965740436,mfcc
SAD,mfcc_03_skew,0.15345860537038425,mfcc
SAD,mfcc_03_kurt,0.0641715616629947,mfcc
SAD,mfcc_04_mean,0.5249636513001849,mfcc
SAD,mfcc_04_std,0.2752838306858903,mfcc
SAD,mfcc_04_min,0.2891135868790278,mfcc
SAD,mfcc_04_max,0.23091074968083508,mfcc
SAD,mfcc_04_median,0.22357030769590616,mfcc
SAD,mfcc_04_iqr,0.051157420640479276,mfcc
SAD,mfcc_04_skew,0.23737072275421184,mfcc
SAD,mfcc_04_kurt,0.14267650875366375,mfcc
SAD,mfcc_05_mean,0.2915162590222808,mfcc
SAD,mfcc_05_std,0.10970639926917816,mfcc
SAD,mfcc_05_min,0.29635398310865707,mfcc
SAD,mfcc_05_max,0.015526168347200213,mfcc
SAD,mfcc_05_median,0.5232871076077471,mfcc
SAD,mfcc_05_iqr,0.0744261247589061,mfcc
SAD,mfcc_05_skew,0.032513717875005566,mfcc
SAD,mfcc_05_kurt,0.12815900596289462,mfcc
SAD,mfcc_06_mean,0.3119442546246127,mfcc
SAD,mfcc_06_std,0.05039933219644442,mfcc
SAD,mfcc_06_min,0.23100884503827634,mfcc
SAD,mfcc_06_max,0.008119717760706824,mfcc
SAD,mfcc_06_median,0.13860712738902956,mfcc
SAD,mfcc_06_iqr,0.2753327124307878,mfcc
SAD,mfcc_06_skew,0.04857708763812856,mfcc
SAD,mfcc_06_kurt,0.20862603968399895,mfcc
SAD,mfcc_07_mean,0.5158557889910799,mfcc
SAD,mfcc_07_std,0.1620275955021071,mfcc
SAD,mfcc_07_min,0.01472943866435738,mfcc
SAD,mfcc_07_max,0.04249349656910836,mfcc
SAD,mfcc_07_median,0.22742833821382688,mfcc
SAD,mfcc_07_iqr,0.15586899171196114,mfcc
SAD,mfcc_07_skew,0.013632697278378207,mfcc
SAD,mfcc_07_kurt,0.06173796788867308,mfcc
SAD,mfcc_08_mean,0.4566023211346506,mfcc
SAD,mfcc_08_std,0.02528546679680052,mfcc
SAD,mfcc_08_min,0.05092530856971937,mfcc
SAD,mfcc_08_max,0.1555396883108701,mfcc
SAD,mfcc_08_median,0.24362938574584983,mfcc
SAD,mfcc_08_iqr,0.21731729543284936,mfcc
SAD,mfcc_08_skew,0.030429860485229353,mfcc
SAD,mfcc_08_kurt,0.17278962754824004,mfcc
SAD,mfcc_09_mean,0.4888710586701975,mfcc
SAD,mfcc_09_std,0.15830481997682966,mfcc
SAD,mfcc_09_min,0.0734758745763389,mfcc
SAD,mfcc_09_max,0.04820581779289126,mfcc
SAD,mfcc_09_median,0.21138203941491907,mfcc
SAD,mfcc_09_iqr,0.009820985881146403,mfcc
SAD,mfcc_09_skew,0.011924821521400186,mfcc
SAD,mfcc_09_kurt,0.04887557966224835,mfcc
SAD,mfcc_10_mean,0.01847637086462261,mfcc
SAD,mfcc_10_std,0.1539788973082014,mfcc
SAD,mfcc_10_min,0.02074655688371123,mfcc
SAD,mfcc_10_max,0.07001675012554719,mfcc
SAD,mfcc_10_median,0.1804758276087972,mfcc
SAD,mfcc_10_iqr,0.0335305491970022,mfcc
SAD,mfcc_10_skew,0.0151432659479302,mfcc
SAD,mfcc_10_kurt,0.08482066009980192,mfcc
SAD,mfcc_11_mean,0.11660740888689967,mfcc
SAD,mfcc_11_std,0.21789913548387854,mfcc
SAD,mfcc_11_min,0.02566105292339321,mfcc
SAD,mfcc_11_max,0.12132218082384941,mfcc
SAD,mfcc_11_median,0.06454683292009737,mfcc
SAD,mfcc_11_iqr,0.03299853150186845,mfcc
SAD,mfcc_11_skew,0.040356247337296904,mfcc
SAD,mfcc_11_kurt,0.02363350204187497,mfcc
SAD,mfcc_12_mean,0.0513609947126111,mfcc
SAD,mfcc_12_std,0.23990149505784839,mfcc
SAD,mfcc_12_min,0.1354530939006034,mfcc
SAD,mfcc_12_max,0.11247752273426163,mfcc
SAD,mfcc_12_median,0.10487506277756084,mfcc
SAD,mfcc_12_iqr,0.04436783443803605,mfcc
SAD,mfcc_12_skew,0.015314513634754003,mfcc
SAD,mfcc_12_kurt,0.07983865692981486,mfcc
SAD,mfcc_13_mean,0.028586798540066856,mfcc
SAD,mfcc_13_std,0.4050216868234131,mfcc
SAD,mfcc_13_min,0.2615584456019466,mfcc
SAD,mfcc_13_max,0.24928095290602623,mfcc
SAD,mfcc_13_median,0.08279848461551138,mfcc
SAD,mfcc_13_iqr,0.06806291402878077,mfcc
SAD,mfcc_13_skew,0.016928422898263608,mfcc
SAD,mfcc_13_kurt,0.1011989861725052,mfcc
SAD,mfcc_14_mean,0.5001272241878215,mfcc
SAD,mfcc_14_std,0.13833197378549597,mfcc
SAD,mfcc_14_min,0.2472788970571764,mfcc
SAD,mfcc_14_max,0.09955627724595442,mfcc
SAD,mfcc_14_median,0.2523360800788878,mfcc
SAD,mfcc_14_iqr,0.015180456295352869,mfcc
SAD,mfcc_14_skew,0.0676315628166931,mfcc
SAD,mfcc_14_kurt,0.11107976967033259,mfcc
SAD,mfcc_15_mean,0.17257347020357966,mfcc
SAD,mfcc_15_std,0.002499301351635274,mfcc
SAD,mfcc_15_min,0.0958508569051259,mfcc
SAD,mfcc_15_max,0.10961702624403347,mfcc
SAD,mfcc_15_median,0.0928060348292385,mfcc
SAD,mfcc_15_iqr,0.08793475382531256,mfcc
SAD,mfcc_15_skew,0.12706468946826513,mfcc
SAD,mfcc_15_kurt,0.07682662045567817,mfcc
SAD,mfcc_16_mean,0.30462822892807084,mfcc
SAD,mfcc_16_std,0.27693389176757366,mfcc
SAD,mfcc_16_min,0.0912386391437708,mfcc
SAD,mfcc_16_max,0.17428530774894588,mfcc
SAD,mfcc_16_median,0.12875487151296883,mfcc
SAD,mfcc_16_iqr,0.04060535150348769,mfcc
SAD,mfcc_16_skew,0.000667612488094938,mfcc
SAD,mfcc_16_kurt,0.038638072503226886,mfcc
SAD,mfcc_17_mean,0.34829272239083475,mfcc
SAD,mfcc_17_std,0.3523547115589604,mfcc
SAD,mfcc_17_min,0.17368036043668686,mfcc
SAD,mfcc_17_max,0.21842289252101685,mfcc
SAD,mfcc_17_median,0.06689132565953633,mfcc
SAD,mfcc_17_iqr,0.01426847911078418,mfcc
SAD,mfcc_17_skew,0.10770393286855712,mfcc
SAD,mfcc_17_kurt,0.26158581431148975,mfcc
SAD,mfcc_18_mean,0.5009968627221008,mfcc
SAD,mfcc_18_std,0.044589288458830034,mfcc
SAD,mfcc_18_min,0.009127143922833262,mfcc
SAD,mfcc_18_max,0.041230410634498275,mfcc
SAD,mfcc_18_median,0.056296079820276027,mfcc
SAD,mfcc_18_iqr,0.39529726906708174,mfcc
SAD,mfcc_18_skew,0.03814606891414418,mfcc
SAD,mfcc_18_kurt,0.012600407554838227,mfcc
SAD,mfcc_19_mean,0.1886970867522264,mfcc
SAD,mfcc_19_std,0.4018093302658974,mfcc
SAD,mfcc_19_min,0.25453906820240574,mfcc
SAD,mfcc_19_max,0.02583950346187181,mfcc
SAD,mfcc_19_median,0.11447478630245908,mfcc
SAD,mfcc_19_iqr,0.13731595179659992,mfcc
SAD,mfcc_19_skew,0.07535223782642869,mfcc
SAD,mfcc_19_kurt,0.029551196935985426,mfcc
SAD,mfcc_d1_00_mean,0.11088777448843179,mfcc
SAD,mfcc_d1_00_std,0.14340017676875827,mfcc
SAD,mfcc_d2_00_mean,0.03813430256280139,mfcc
SAD,mfcc_d2_00_std,0.7589609342588941,mfcc
SAD,mfcc_d1_01_mean,0.09517017343978217,mfcc
SAD,mfcc_d1_01_std,0.5777881606304318,mfcc
SAD,mfcc_d2_01_mean,0.03477289119379654,mfcc
SAD,mfcc_d2_01_std,0.26383411631174614,mfcc
SAD,mfcc_d1_02_mean,0.08722399520727095,mfcc
SAD,mfcc_d1_02_std,0.10513088865199817,mfcc
SAD,mfcc_d2_02_mean,0.039201881085295924,mfcc
SAD,mfcc_d2_02_std,0.17432787078687434,mfcc
SAD,mfcc_d1_03_mean,0.06491994738197313,mfcc
SAD,mfcc_d1_03_std,0.015591719209403637,mfcc
SAD,mfcc_d2_03_mean,0.013612049132109156,mfcc
SAD,mfcc_d2_03_std,0.08183073738836832,mfcc
SAD,mfcc_d1_04_mean,0.023992095234337787,mfcc
SAD,mfcc_d1_04_std,0.10281354936372437,mfcc
SAD,mfcc_d2_04_mean,0.03666982704638974,mfcc
SAD,mfcc_d2_04_std,0.03512146324447768,mfcc
SAD,mfcc_d1_05_mean,0.07044125978017127,mfcc
SAD,mfcc_d1_05_std,0.22042849034574502,mfcc
SAD,mfcc_d2_05_mean,0.07690124649233793,mfcc
SAD,mfcc_d2_05_std,0.17530290214898328,mfcc
SAD,mfcc_d1_06_mean,0.01631669358331883,mfcc
SAD,mfcc_d1_06_std,0.07756331144682935,mfcc
SAD,mfcc_d2_06_mean,0.1373274406363011,mfcc
SAD,mfcc_d2_06_std,0.19574321523588595,mfcc
SAD,mfcc_d1_07_mean,0.014286563239937034,mfcc
SAD,mfcc_d1_07_std,0.19353126620514122,mfcc
SAD,mfcc_d2_07_mean,0.12009849568421704,mfcc
SAD,mfcc_d2_07_std,0.08870145887674934,mfcc
SAD,mfcc_d1_08_mean,0.05577444147350685,mfcc
SAD,mfcc_d1_08_std,0.030026898114880348,mfcc
SAD,mfcc_d2_08_mean,0.06989249762061404,mfcc
SAD,mfcc_d2_08_std,0.1671834715814488,mfcc
SAD,mfcc_d1_09_mean,0.007132027069001771,mfcc
SAD,mfcc_d1_09_std,0.11353815776304342,mfcc
SAD,mfcc_d2_09_mean,0.11305127222900803,mfcc
SAD,mfcc_d2_09_std,0.12363713941389544,mfcc
SAD,mfcc_d1_10_mean,0.17339979149142246,mfcc
SAD,mfcc_d1_10_std,0.13539280229816575,mfcc
SAD,mfcc_d2_10_mean,0.12002194405271865,mfcc
SAD,mfcc_d2_10_std,0.13209770176060082,mfcc
SAD,mfcc_d1_11_mean,0.05546033080763038,mfcc
SAD,mfcc_d1_11_std,0.17005953605204763,mfcc
SAD,mfcc_d2_11_mean,0.006575508017441106,mfcc
SAD,mfcc_d2_11_std,0.13878457900280428,mfcc
SAD,mfcc_d1_12_mean,0.010111439839294972,mfcc
SAD,mfcc_d1_12_std,0.19644939910210804,mfcc
SAD,mfcc_d2_12_mean,0.07198324032052107,mfcc
SAD,mfcc_d2_12_std,0.10222034852731404,mfcc
SAD,mfcc_d1_13_mean,0.022453013236347935,mfcc
SAD,mfcc_d1_13_std,0.20842079356170864,mfcc
SAD,mfcc_d2_13_mean,0.10647791203846933,mfcc
SAD,mfcc_d2_13_std,0.07184889103094104,mfcc
SAD,mfcc_d1_14_mean,0.0664918361558859,mfcc
SAD,mfcc_d1_14_std,0.2190613718848805,mfcc
SAD,mfcc_d2_14_mean,0.03112759442060226,mfcc
SAD,mfcc_d2_14_std,0.050597693272588125,mfcc
SAD,mfcc_d1_15_mean,0.028557772504205953,mfcc
SAD,mfcc_d1_15_std,0.053910533485003305,mfcc
SAD,mfcc_d2_15_mean,0.014514347612720347,mfcc
SAD,mfcc_d2_15_std,0.12929271893567942,mfcc
SAD,mfcc_d1_16_mean,0.04469453836100097,mfcc
SAD,mfcc_d1_16_std,0.1977397124299921,mfcc
SAD,mfcc_d2_16_mean,0.11843990244485407,mfcc
SAD,mfcc_d2_16_std,0.03424452420160745,mfcc
SAD,mfcc_d1_17_mean,0.010680748199769994,mfcc
SAD,mfcc_d1_17_std,0.19774018023202725,mfcc
SAD,mfcc_d2_17_mean,0.04932606068363879,mfcc
SAD,mfcc_d2_17_std,0.012954798351448834,mfcc
SAD,mfcc_d1_18_mean,0.06614353351233457,mfcc
SAD,mfcc_d1_18_std,0.04140013451901068,mfcc
SAD,mfcc_d2_18_mean,0.05175154027728618,mfcc
SAD,mfcc_d2_18_std,0.04577930051516965,mfcc
SAD,mfcc_d1_19_mean,0.020001294153263748,mfcc
SAD,mfcc_d1_19_std,0.20939600733583186,mfcc
SAD,mfcc_d2_19_mean,0.04943416158128688,mfcc
SAD,mfcc_d2_19_std,0.02954684279744767,mfcc
SAD,chroma_00_mean,0.18621793069856923,chroma
SAD,chroma_00_std,0.10914760428485953,chroma
SAD,chroma_01_mean,0.1817719322610445,chroma
SAD,chroma_01_std,0.14039652250841897,chroma
SAD,chroma_02_mean,0.7059016863671942,chroma
SAD,chroma_02_std,0.13545798022266722,chroma
SAD,chroma_03_mean,0.13130857200825982,chroma
SAD,chroma_03_std,0.006197094599540837,chroma
SAD,chroma_04_mean,0.4992240645175326,chroma
SAD,chroma_04_std,0.1592787638553379,chroma
SAD,chroma_05_mean,0.5275841808818155,chroma
SAD,chroma_05_std,0.08744587931946363,chroma
SAD,chroma_06_mean,0.3860574045074617,chroma
SAD,chroma_06_std,0.2438102680266826,chroma
SAD,chroma_07_mean,0.593216086129549,chroma
SAD,chroma_07_std,0.04247738171502575,chroma
SAD,chroma_08_mean,0.5284186645460894,chroma
SAD,chroma_08_std,0.13643049544623295,chroma
SAD,chroma_09_mean,0.2542937347566431,chroma
SAD,chroma_09_std,0.2472733272624235,chroma
SAD,chroma_10_mean,0.2505374670659584,chroma
SAD,chroma_10_std,0.07197969860567614,chroma
SAD,chroma_11_mean,0.6866936997047645,chroma
SAD,chroma_11_std,0.034243781193632264,chroma
SAD,prosody_f0_mean,0.4018248901549619,prosody
SAD,prosody_f0_std,0.04866975239510552,prosody
SAD,prosody_f0_min,0.20438672887257178,prosody
SAD,prosody_f0_max,0.03319912456078156,prosody
SAD,prosody_f0_median,0.4771496495472792,prosody
SAD,prosody_f0_iqr,0.033865086603906476,prosody
SAD,prosody_f0_skew,0.2118819683588735,prosody
SAD,prosody_f0_kurt,0.055201715556530466,prosody
SAD,prosody_voiced_fraction,0.0892989259004154,prosody
SAD,prosody_f0_slope_abs_mean,0.08571180007744025,prosody
SAD,prosody_n_voiced_segments,0.03745805088544687,prosody
SAD,prosody_voiced_rate_per_s,0.11271415903184512,prosody
SAD,prosody_mean_voiced_seg_s,0.22170092586864873,prosody
SAD,prosody_pause_fraction,0.08929892590041547,prosody
SAD,prosody_jitter_local,0.6823084888636595,prosody
SAD,prosody_jitter_rap,0.4515196267041201,prosody
SAD,prosody_jitter_ppq5,0.21886851394876994,prosody
SAD,prosody_jitter_ddp,0.45151962670409146,prosody
SAD,prosody_shimmer_local,0.23949553066154528,prosody
SAD,prosody_shimmer_localdb,0.0007440841430781474,prosody
SAD,prosody_shimmer_apq3,0.13005278801882061,prosody
SAD,prosody_shimmer_apq5,0.04972136987030413,prosody
SAD,prosody_shimmer_apq11,0.016291826665124156,prosody
SAD,prosody_shimmer_dda,0.13005278801881745,prosody
SAD,prosody_hnr_mean,0.30010596338631035,prosody
SAD,prosody_hnr_std,0.005382264288664212,prosody
SAD,prosody_hnr_min,0.006972652900307945,prosody
SAD,prosody_hnr_max,0.05146381869521601,prosody
SAD,prosody_hnr_median,0.357582565136739,prosody
SAD,prosody_f1_mean,0.06541847429300336,prosody
SAD,prosody_f1_std,0.1427738601823335,prosody
SAD,prosody_f1_median,0.2592471985060792,prosody
SAD,prosody_f1_bw_median,0.4341509211487278,prosody
SAD,prosody_f2_mean,0.6318984258281511,prosody
SAD,prosody_f2_std,0.35813974828011025,prosody
SAD,prosody_f2_median,0.3378781897753635,prosody
SAD,prosody_f2_bw_median,0.15194307351672665,prosody
SAD,prosody_f3_mean,0.367852304265748,prosody
SAD,prosody_f3_std,0.05266780228982148,prosody
SAD,prosody_f3_median,0.08319331508284997,prosody
SAD,prosody_f3_bw_median,0.10387388278060158,prosody
SAD,prosody_f4_mean,0.09600715841935313,prosody
SAD,prosody_f4_std,0.20055834834489403,prosody
SAD,prosody_f4_median,0.44999570028755015,prosody
SAD,prosody_f5_mean,0.09335730951450219,prosody
SAD,prosody_f5_std,0.05583409475396344,prosody
SAD,prosody_f5_median,0.06160906914323092,prosody
SAD,prosody_intensity_mean,0.13122718678038264,prosody
SAD,prosody_intensity_std,0.148606085092871,prosody
SAD,prosody_intensity_min,0.037315086761179034,prosody
SAD,prosody_intensity_max,0.14395380469351202,prosody
SAD,prosody_intensity_median,0.23603105721248605,prosody
SAD,prosody_intensity_iqr,0.1327911269370119,prosody
SAD,prosody_intensity_skew,0.5552546346542757,prosody
SAD,prosody_intensity_kurt,0.3698607988721663,prosody
SAD,prosody_cpps,0.8302838065644086,prosody
